uf,cidade,sigla,cep_inicial,cep_final,prazo_dias_uteis,tda_rs
MA,AFONSO CUNHA,RMAI,65505000,65509999,0,0
MA,AGUA DOCE DO MARANHAO,RMAI,65578000,65579999,0,0
MA,ALDEIAS ALTAS,RMAI,65610000,65614999,0,0
MA,ALTO ALEGRE DO MARANHAO,RMAI,65413000,65414999,0,0
MA,ALTO ALEGRE DO PINDARE,RMAI,65398000,65399999,0,0
MA,ALTO PARNAIBA,RMAI,65810000,65819999,0,0
MA,AMARANTE DO MARANHAO,RMAI,65923000,65923999,0,0
MA,ANAJATUBA,RMAI,65490000,65494999,0,0
MA,ANAPURUS,RMAI,65525000,65529999,0,0
MA,ARAGUANA,RMAI,65368000,65369999,0,0
MA,AXIXA,RMAI,65148000,65149999,0,0
MA,BACABEIRA,RMAI,65143000,65144999,0,0
MA,BACURI,RMAI,65270000,65271999,0,0
MA,BACURITUBA,RMAI,65233000,65234999,0,0
MA,BELA VISTA DO MARANHAO,RMAI,65335000,65339999,0,0
MA,BELAGUA,RMAI,65535000,65539999,0,0
MA,BOM JESUS DAS SELVAS,RMAI,65395000,65397999,0,0
MA,BOM LUGAR,RMAI,65704000,65704999,0,0
MA,BURITIRANA,RMAI,65935500,65935899,0,0
MA,BURITIRANA,RMAI,65935959,65935959,0,0
MA,BURITIRANA,RMAI,65935971,65935971,0,0
MA,CAJARI,RMAI,65210000,65212999,0,0
MA,CAMPESTRE DO MARANHAO,RMAI,65968000,65969999,0,0
MA,CAPINZAL DO NORTE,RMAI,65735000,65739999,0,0
MA,CAROLINA,RMAI,65980000,65989999,0,0
MA,CEDRAL,RMAI,65260000,65262999,0,0
MA,CENTRO DO GUILHERME,RMAI,65288000,65288999,0,0
MA,CIDELANDIA,RMAI,65921000,65921999,0,0
MA,CURURUPU,RMAI,65268000,65268999,0,0
MA,DAVINOPOLIS,RMAI,65927000,65927999,0,0
MA,DOM PEDRO,RMAI,65765000,65767999,0,0
MA,DUQUE BACELAR,RMAI,65625000,65629999,0,0
MA,FERNANDO FALCAO,RMAI,65964000,65967999,0,0
MA,FORMOSA DA SERRA NEGRA,RMAI,65943000,65944999,0,0
MA,FORTALEZA DOS NOGUEIRAS,RMAI,65805000,65807999,0,0
MA,GODOFREDO VIANA,RMAI,65285000,65287999,0,0
MA,GONCALVES DIAS,RMAI,65775000,65779999,0,0
MA,GOVERNADOR ARCHER,RMAI,65770000,65774999,0,0
MA,GOVERNADOR EDISON LOBAO,RMAI,65928000,65928999,0,0
MA,GOVERNADOR EUGENIO BARROS,RMAI,65780000,65782999,0,0
MA,GOVERNADOR LUIZ ROCHA,RMAI,65795000,65799999,0,0
MA,GOVERNADOR NEWTON BELLO,RMAI,65363000,65364999,0,0
MA,GOVERNADOR NUNES FREIRE,RMAI,65284000,65284999,0,0
MA,GUIMARAES,RMAI,65255000,65259999,0,0
MA,HUMBERTO DE CAMPOS,RMAI,65180000,65189999,0,0
MA,ICATU,RMAI,65170000,65179999,0,0
MA,ITAIPAVA DO GRAJAU,RMAI,65948000,65949999,0,0
MA,ITINGA DO MARANHAO,RMAI,65939000,65939999,0,0
MA,JATOBA,RMAI,65693000,65694999,0,0
MA,JENIPAPO DOS VIEIRAS,RMAI,65962000,65963999,0,0
MA,JOAO LISBOA,RMAI,65922000,65922999,0,0
MA,JUNCO DO MARANHAO,RMAI,65294000,65294999,0,0
MA,LAGO DA PEDRA,RMAI,65715000,65715999,0,0
MA,LAGO DO JUNCO,RMAI,65710000,65711999,0,0
MA,LAGO DOS RODRIGUES,RMAI,65712000,65713999,0,0
MA,LAGO VERDE,RMAI,65705000,65705999,0,0
MA,LAGOA DO MATO,RMAI,65683000,65684999,0,0
MA,LAJEADO NOVO,RMAI,65937000,65937999,0,0
MA,LIMA CAMPOS,RMAI,65728000,65729999,0,0
MA,LORETO,RMAI,65895000,65899999,0,0
MA,MAGALHAES DE ALMEIDA,RMAI,65560000,65569999,0,0
MA,MARANHAOZINHO,RMAI,65283000,65283999,0,0
MA,MATA ROMA,RMAI,65510000,65514999,0,0
MA,MATOES DO NORTE,RMAI,65468000,65469999,0,0
MA,MILAGRES DO MARANHAO,RMAI,65545000,65549999,0,0
MA,MIRADOR,RMAI,65850000,65859999,0,0
MA,MIRINZAL,RMAI,65265000,65266999,0,0
MA,MONCAO,RMAI,65360000,65362999,0,0
MA,MONTES ALTOS,RMAI,65936000,65936999,0,0
MA,NINA RODRIGUES,RMAI,65450000,65454999,0,0
MA,NOVA COLINAS,RMAI,65808000,65809999,0,0
MA,NOVA IORQUE,RMAI,65880000,65884999,0,0
MA,OLINDA NOVA DO MARANHAO,RMAI,65223000,65224999,0,0
MA,PARNARAMA,RMAI,65640000,65644999,0,0
MA,PASSAGEM FRANCA,RMAI,65680000,65682999,0,0
MA,PASTOS BONS,RMAI,65870000,65879999,0,0
MA,PAULINO NEVES,RMAI,65585000,65589999,0,0
MA,PEDRO DO ROSARIO,RMAI,65206000,65207999,0,0
MA,PENALVA,RMAI,65213000,65214999,0,0
MA,PERITORO,RMAI,65418000,65419999,0,0
MA,PINDARE MIRIM,RMAI,65370000,65377999,0,0
MA,PIRAPEMAS,RMAI,65460000,65464999,0,0
MA,POCAO DE PEDRAS,RMAI,65740000,65749999,0,0
MA,PRESIDENTE JUSCELINO,RMAI,65140000,65142999,0,0
MA,PRIMEIRA CRUZ,RMAI,65190000,65194999,0,0
MA,RIBAMAR FIQUENE,RMAI,65938000,65938999,0,0
MA,SAMBAIBA,RMAI,65830000,65839999,0,0
MA,SANTA LUZIA DO PARUA,RMAI,65272000,65273999,0,0
MA,SANTA RITA,RMAI,65145000,65147999,0,0
MA,SANTANA DO MARANHAO,RMAI,65555000,65559999,0,450
MA,SANTO ANTONIO DOS LOPES,RMAI,65730000,65734999,0,0
MA,SAO DOMINGOS DO AZEITAO,RMAI,65888000,65889999,0,0
MA,SAO FELIX DE BALSAS,RMAI,65890000,65894999,0,0
MA,SAO FRANCISCO DO BREJAO,RMAI,65929000,65929999,0,0
MA,SAO FRANCISCO DO MARANHAO,RMAI,65650000,65659999,0,0
MA,SAO JOAO BATISTA,RMAI,65225000,65229999,0,0
MA,SAO JOAO DO PARAISO,RMAI,65973000,65974999,0,0
MA,SAO JOAO DO SOTER,RMAI,65615000,65619999,0,0
MA,SAO JOSE DOS BASILIOS,RMAI,65762000,65762999,0,0
MA,SAO LUIS GONZAGA DO MARANHAO,RMAI,65708000,65708999,0,0
MA,SAO PEDRO DA AGUA BRANCA,RMAI,65920000,65920999,0,0
MA,SAO PEDRO DOS CRENTES,RMAI,65978000,65979999,0,0
MA,SAO ROBERTO,RMAI,65758000,65759999,0,0
MA,SATUBINHA,RMAI,65709000,65709999,0,0
MA,SENADOR ALEXANDRE COSTA,RMAI,65783000,65784999,0,0
MA,SENADOR LA ROCQUE,RMAI,65935000,65935499,0,0
MA,SENADOR LA ROCQUE,RMAI,65935958,65935958,0,0
MA,SENADOR LA ROCQUE,RMAI,65935970,65935970,0,0
MA,SITIO NOVO,RMAI,65925000,65926999,0,0
MA,SUCUPIRA DO NORTE,RMAI,65860000,65869999,0,0
MA,SUCUPIRA DO RIACHAO,RMAI,65668000,65669999,0,0
MA,TASSO FRAGOSO,RMAI,65820000,65829999,0,450
MA,TIMBIRAS,RMAI,65420000,65429999,0,0
MA,TRIZIDELA DO VALE,RMAI,65727000,65727999,0,0
MA,TUFILANDIA,RMAI,65378000,65379999,0,0
MA,TURIACU,RMAI,65278000,65278999,0,0
MA,TURILANDIA,RMAI,65276000,65277999,0,0
MA,VILA NOVA DOS MARTIRIOS,RMAI,65924000,65924999,0,0
MA,VITORIA DO MEARIM,RMAI,65350000,65359999,0,0
MA,VITORINO FREIRE,RMAI,65320000,65334999,0,0
MT,SAO JOSE DOS QUATRO MARCOS,RMTI,78285000,78289999,0,0
SP,ARUJA,RIPP,7400001,7499999,2,0
SP,BARUERI,RIPP,6400001,6499999,2,20
SP,CAIEIRAS,RIPP,7700001,7749999,2,49.9
SP,CAJAMAR,RIPP,7750001,7799999,2,49.9
SP,CARAPICUIBA,RIPP,6300001,6399999,2,20
SP,COTIA,RIPP,6700001,6729999,2,49.9
SP,DIADEMA,RIPP,9900001,9999999,2,0
SP,FERRAZ DE VASCONCELOS,RIPP,8500001,8549999,2,30
SP,FRANCISCO MORATO,RIPP,7900001,7999999,2,49.9
SP,FRANCO DA ROCHA,RIPP,7800001,7899999,2,49.9
SP,GUARULHOS,RIPP,7000001,7399999,2,0
SP,ITAPEVI,RIPP,6650001,6699999,2,0
SP,ITAQUAQUECETUBA,RIPP,8570001,8599999,2,0
SP,JANDIRA,RIPP,6600001,6649999,2,0
SP,MAUA,RIPP,9300001,9399999,2,0
SP,MOGI DAS CRUZES,RIPP,8700001,8899999,2,49.9
SP,OSASCO,RIPP,6000001,6299999,2,0
SP,POA,RIPP,8550001,8569999,2,0
SP,RIBEIRAO PIRES,RIPP,9400001,9449999,2,49.9
SP,SANTANA DE PARNAIBA,RIPP,6500001,6549999,2,49.9
SP,SANTO ANDRE,RIPP,9000001,9299999,2,0
SP,SAO BERNARDO DO CAMPO,RIPP,9600001,9899999,2,0
SP,SAO CAETANO DO SUL,RIPP,9500001,9599999,2,0
SP,SAO PAULO,RIPP,1000001,5999999,2,0
SP,SAO PAULO,RIPP,8000000,8499999,2,0
SP,ATIBAIA,SSOP,12940001,12954999,2,0
SP,BOM JESUS DOS PERDOES,SSOP,12955000,12959999,2,0
SP,ATIBAIA,SSOP MOVEL,12940001,12954999,2,0
SP,BOM JESUS DOS PERDOES,SSOP MOVEL,12955000,12959999,2,0
RJ,BELFORD ROXO,RIOP,26100001,26199999,3,0
RJ,DUQUE DE CAXIAS,RIOP,25000001,25499999,3,0
RJ,MESQUITA,RIOP,26550001,26599999,3,0
RJ,NILOPOLIS,RIOP,26500001,26549999,3,0
RJ,NOVA IGUACU,RIOP,26000001,26099999,3,0
RJ,NOVA IGUACU,RIOP,26200000,26299999,3,0
RJ,RIO DE JANEIRO,RIOP,20000001,23799999,3,0
RJ,SAO JOAO DE MERITI,RIOP,25500001,25599999,3,0
SC,AGUAS MORNAS,FLNP,88150000,88159999,3,0
SC,ANGELINA,FLNP,88460000,88469999,3,40
SC,ANITAPOLIS,FLNP,88475000,88484999,3,93.33
SC,ANTONIO CARLOS,FLNP,88180000,88189999,3,0
SC,BIGUACU,FLNP,88160001,88179999,3,0
SC,CANELINHA,FLNP,88230000,88239999,3,0
SC,FLORIANOPOLIS,FLNP,88000001,88099999,3,0
SC,GOVERNADOR CELSO RAMOS,FLNP,88190000,88199999,3,0
SC,MAJOR GERCINO,FLNP,88260000,88269999,3,0
SC,NOVA TRENTO,FLNP,88270000,88294999,3,0
SC,PALHOCA,FLNP,88130001,88139999,3,0
SC,RANCHO QUEIMADO,FLNP,88470000,88474999,3,0
SC,SANTO AMARO DA IMPERATRIZ,FLNP,88140000,88149999,3,0
SC,SAO BONIFACIO,FLNP,88485000,88489999,3,40
SC,SAO JOAO BATISTA,FLNP,88240000,88259999,3,0
SC,SAO JOSE,FLNP,88100001,88124999,3,0
SC,SAO PEDRO DE ALCANTARA,FLNP,88125000,88129999,3,0
SC,TIJUCAS,FLNP,88200000,88209999,3,0
SP,EMBU DAS ARTES,RIPP,6800000,6849999,3,0
SP,MAIRIPORA,RIPP,7600001,7699999,3,49.9
SP,TABOAO DA SERRA,RIPP,6750001,6799999,3,20
SP,ADAMANTINA,SSOP,17800000,17809999,3,0
SP,ADOLFO,SSOP,15230000,15239999,3,49.9
SP,AGUAI,SSOP,13860001,13869999,3,0
SP,AGUAS DA PRATA,SSOP,13890000,13899999,3,49.9
SP,AGUAS DE LINDOIA,SSOP,13940000,13949999,3,0
SP,AGUAS DE SANTA BARBARA,SSOP,18770000,18774999,3,49.9
SP,AGUAS DE SAO PEDRO,SSOP,13525001,13529999,3,0
SP,AGUDOS,SSOP,17120001,17149999,3,0
SP,ALAMBARI,SSOP,18220000,18224999,3,49.9
SP,ALFREDO MARCONDES,SSOP,19180000,19189999,3,49.9
SP,ALTAIR,SSOP,15430000,15439999,3,49.9
SP,ALTINOPOLIS,SSOP,14350000,14389999,3,49.9
SP,ALTO ALEGRE,SSOP,16310000,16339999,3,49.9
SP,ALUMINIO,SSOP,18125000,18129999,3,0
SP,ALVARES FLORENCE,SSOP,15540000,15549999,3,49.9
SP,ALVARES MACHADO,SSOP,19160000,19179999,3,49.9
SP,ALVARO DE CARVALHO,SSOP,17410001,17419999,3,49.9
SP,ALVINLANDIA,SSOP,17430001,17439999,3,49.9
SP,AMERICANA,SSOP,13465001,13479999,3,0
SP,AMERICO BRASILIENSE,SSOP,14820001,14824999,3,0
SP,AMERICO DE CAMPOS,SSOP,15550000,15559999,3,49.9
SP,AMPARO,SSOP,13900001,13909999,3,0
SP,ANALANDIA,SSOP,13550000,13559999,3,49.9
SP,ANDRADINA,SSOP,16900001,16919999,3,49.9
SP,ANGATUBA,SSOP,18240000,18244999,3,49.9
SP,ANHEMBI,SSOP,18620001,18639999,3,49.9
SP,ANHUMAS,SSOP,19580000,19589999,3,49.9
SP,APARECIDA,SSOP,12570001,12579999,3,0
SP,APARECIDA D OESTE,SSOP,15735000,15739999,3,49.9
SP,APIAI,SSOP,18320000,18324999,3,49.9
SP,ARACARIGUAMA,SSOP,18147000,18149999,3,49.9
SP,ARACATUBA,SSOP,16000001,16129999,3,0
SP,ARACOIABA DA SERRA,SSOP,18190000,18194999,3,49.9
SP,ARAMINA,SSOP,14550000,14569999,3,49.9
SP,ARANDU,SSOP,18710001,18719999,3,49.9
SP,ARAPEI,SSOP,12870000,12899999,3,49.9
SP,ARARAQUARA,SSOP,14800001,14812999,3,0
SP,ARARAS,SSOP,13600001,13609999,3,0
SP,ARCO-IRIS,SSOP,17630000,17649999,3,49.9
SP,AREALVA,SSOP,17160001,17179999,3,49.9
SP,AREIAS,SSOP,12820000,12829999,3,49.9
SP,AREIOPOLIS,SSOP,18670001,18674999,3,0
SP,ARIRANHA,SSOP,15960000,15969999,3,0
SP,ARTUR NOGUEIRA,SSOP,13160001,13169999,3,0
SP,ASPASIA,SSOP,15763000,15764999,3,49.9
SP,ASSIS,SSOP,19800001,19819999,3,0
SP,AURIFLAMA,SSOP,15350000,15354999,3,49.9
SP,AVAI,SSOP,16680000,16699999,3,49.9
SP,AVANHANDAVA,SSOP,16360000,16369999,3,0
SP,AVARE,SSOP,18700001,18709999,3,0
SP,BADY BASSITT,SSOP,15115000,15119999,3,0
SP,BALBINOS,SSOP,16640001,16649999,3,49.9
SP,BALSAMO,SSOP,15140000,15144999,3,0
SP,BANANAL,SSOP,12850000,12869999,3,49.9
SP,BARAO DE ANTONINA,SSOP,18490000,18499999,3,49.9
SP,BARBOSA,SSOP,16350000,16359999,3,49.9
SP,BARIRI,SSOP,17250001,17259999,3,0
SP,BARRA BONITA,SSOP,17340000,17349999,3,0
SP,BARRA DO CHAPEU,SSOP,18325000,18329999,3,49.9
SP,BARRA DO TURVO,SSOP,11955000,11959999,3,370
SP,BARRETOS,SSOP,14780001,14789999,3,0
SP,BARRINHA,SSOP,14860000,14869999,3,0
SP,BASTOS,SSOP,17690000,17699999,3,0
SP,BATATAIS,SSOP,14300001,14339999,3,0
SP,BAURU,SSOP,17000001,17119999,3,0
SP,BEBEDOURO,SSOP,14700001,14719999,3,0
SP,BENTO DE ABREU,SSOP,16790000,16799999,3,49.9
SP,BERNARDINO DE CAMPOS,SSOP,18960001,18969999,3,0
SP,BERTIOGA,SSOP,11250001,11299999,3,49.9
SP,BILAC,SSOP,16210000,16219999,3,49.9
SP,BIRIGUI,SSOP,16200001,16209999,3,0
SP,BIRITIBA MIRIM,SSOP,8940000,8969999,3,49.9
SP,BOA ESPERANCA DO SUL,SSOP,14930000,14934999,3,0
SP,BOCAINA,SSOP,17240001,17249999,3,0
SP,BOFETE,SSOP,18590000,18599999,3,0
SP,BOITUVA,SSOP,18550001,18559999,3,0
SP,BOM SUCESSO DE ITARARE,SSOP,18475000,18479999,3,49.9
SP,BORA,SSOP,19740000,19749999,3,49.9
SP,BORACEIA,SSOP,17270001,17279999,3,0
SP,BORBOREMA,SSOP,14955000,14959999,3,0
SP,BOREBI,SSOP,18675000,18679999,3,49.9
SP,BOTUCATU,SSOP,18600001,18619999,3,0
SP,BRAGANCA PAULISTA,SSOP,12900001,12929999,3,49.9
SP,BRAUNA,SSOP,16290000,16299999,3,49.9
SP,BREJO ALEGRE,SSOP,16265000,16269999,3,49.9
SP,BRODOWSKI,SSOP,14340000,14349999,3,0
SP,BROTAS,SSOP,17380000,17399999,3,0
SP,BURI,SSOP,18290000,18299999,3,49.9
SP,BURITAMA,SSOP,15290000,15299999,3,49.9
SP,BURITIZAL,SSOP,14570000,14579999,3,49.9
SP,CABRALIA PAULISTA,SSOP,17480001,17489999,3,49.9
SP,CABREUVA,SSOP,13315001,13319999,3,49.9
SP,CACAPAVA,SSOP,12280001,12299999,3,0
SP,CACHOEIRA PAULISTA,SSOP,12630000,12689999,3,0
SP,CACONDE,SSOP,13770000,13779999,3,49.9
SP,CAFELANDIA,SSOP,16500001,16569999,3,0
SP,CAIABU,SSOP,19530000,19559999,3,49.9
SP,CAIUA,SSOP,19450000,19469999,3,49.9
SP,CAJATI,SSOP,11950000,11954999,3,49.9
SP,CAJOBI,SSOP,15410000,15419999,3,49.9
SP,CAJURU,SSOP,14240000,14249999,3,49.9
SP,CAMPINA DO MONTE ALEGRE,SSOP,18245000,18249999,3,49.9
SP,CAMPINAS,SSOP,13000001,13139999,3,49.9
SP,CAMPO LIMPO PAULISTA,SSOP,13230001,13239999,3,49.9
SP,CAMPOS DO JORDAO,SSOP,12460000,12489999,3,49.9
SP,CAMPOS NOVOS PAULISTA,SSOP,19960001,19969999,3,49.9
SP,CANANEIA,SSOP,11990000,11999999,3,370
SP,CANAS,SSOP,12615000,12619999,3,49.9
SP,CANDIDO MOTA,SSOP,19880001,19899999,3,0
SP,CANDIDO RODRIGUES,SSOP,15930000,15939999,3,49.9
SP,CANITAR,SSOP,18990001,18999999,3,0
SP,CAPAO BONITO,SSOP,18300001,18309999,3,0
SP,CAPELA DO ALTO,SSOP,18195000,18199999,3,49.9
SP,CAPIVARI,SSOP,13360001,13369999,3,0
SP,CARAGUATATUBA,SSOP,11660001,11679999,3,49.9
SP,CARDOSO,SSOP,15570000,15579999,3,49.9
SP,CASA BRANCA,SSOP,13700000,13709999,3,0
SP,CASSIA DOS COQUEIROS,SSOP,14260000,14269999,3,49.9
SP,CASTILHO,SSOP,16920000,16939999,3,49.9
SP,CATANDUVA,SSOP,15800001,15819999,3,0
SP,CATIGUA,SSOP,15870000,15879999,3,0
SP,CEDRAL,SSOP,15895000,15899999,3,49.9
SP,CERQUEIRA CESAR,SSOP,18760001,18769999,3,0
SP,CERQUILHO,SSOP,18520001,18529999,3,0
SP,CESARIO LANGE,SSOP,18285000,18289999,3,49.9
SP,CHARQUEADA,SSOP,13515001,13519999,3,0
SP,CHAVANTES,SSOP,18970001,18989999,3,0
SP,CLEMENTINA,SSOP,16250000,16259999,3,49.9
SP,COLINA,SSOP,14770000,14774999,3,0
SP,COLOMBIA,SSOP,14795000,14799999,3,102
SP,CONCHAL,SSOP,13835000,13839999,3,49.9
SP,CONCHAS,SSOP,18570000,18579999,3,49.9
SP,CORDEIROPOLIS,SSOP,13490000,13494999,3,0
SP,COROADOS,SSOP,16260000,16264999,3,49.9
SP,CORONEL MACEDO,SSOP,18745000,18759999,3,49.9
SP,CORUMBATAI,SSOP,13540000,13549999,3,49.9
SP,COSMOPOLIS,SSOP,13150001,13159999,3,0
SP,COSMORAMA,SSOP,15530000,15539999,3,49.9
SP,CRAVINHOS,SSOP,14140000,14149999,3,0
SP,CRISTAIS PAULISTA,SSOP,14460000,14469999,3,49.9
SP,CRUZALIA,SSOP,19860001,19864999,3,49.9
SP,CRUZEIRO,SSOP,12700001,12759999,3,0
SP,CUBATAO,SSOP,11500001,11599999,3,49.9
SP,CUNHA,SSOP,12530000,12569999,3,49.9
SP,DESCALVADO,SSOP,13690000,13699999,3,0
SP,DIRCE REIS,SSOP,15715000,15717999,3,49.9
SP,DIVINOLANDIA,SSOP,13780000,13789999,3,49.9
SP,DOBRADA,SSOP,15980000,15989999,3,49.9
SP,DOIS CORREGOS,SSOP,17300001,17319999,3,0
SP,DOLCINOPOLIS,SSOP,15740000,15744999,3,49.9
SP,DOURADO,SSOP,13590000,13599999,3,0
SP,DRACENA,SSOP,17900000,17919999,3,0
SP,DUARTINA,SSOP,17470000,17474999,3,0
SP,DUMONT,SSOP,14120000,14139999,3,0
SP,ECHAPORA,SSOP,19830001,19839999,3,49.9
SP,ELDORADO,SSOP,11960000,11989999,3,49.9
SP,ELIAS FAUSTO,SSOP,13350000,13359999,3,0
SP,ELISIARIO,SSOP,15823000,15824999,3,0
SP,EMBAUBA,SSOP,15425000,15429999,3,49.9
SP,EMBU-GUACU,SSOP,6900001,6949999,3,49.9
SP,EMILIANOPOLIS,SSOP,19350000,19359999,3,49.9
SP,ENGENHEIRO COELHO,SSOP,13445001,13449999,3,0
SP,ESPIRITO SANTO DO PINHAL,SSOP,13990000,13994999,3,0
SP,ESPIRITO SANTO DO TURVO,SSOP,18935001,18939999,3,49.9
SP,ESTIVA GERBI,SSOP,13857000,13859999,3,49.9
SP,ESTRELA D OESTE,SSOP,15650000,15659999,3,49.9
SP,ESTRELA DO NORTE,SSOP,19230000,19249999,3,49.9
SP,EUCLIDES DA CUNHA PAULISTA,SSOP,19275000,19279999,3,49.9
SP,FARTURA,SSOP,18870001,18889999,3,0
SP,FERNANDO PRESTES,SSOP,15940000,15949999,3,49.9
SP,FERNANDOPOLIS,SSOP,15600001,15619999,3,0
SP,FERNAO,SSOP,17460001,17469999,3,49.9
SP,FLORA RICA,SSOP,17870000,17879999,3,49.9
SP,FLOREAL,SSOP,15320000,15329999,3,49.9
SP,FLORIDA PAULISTA,SSOP,17830000,17859999,3,0
SP,FLORINEA,SSOP,19870001,19879999,3,49.9
SP,FRANCA,SSOP,14400001,14414999,3,0
SP,GABRIEL MONTEIRO,SSOP,16220000,16229999,3,49.9
SP,GALIA,SSOP,17450001,17459999,3,49.9
SP,GARCA,SSOP,17400000,17409999,3,0
SP,GASTAO VIDIGAL,SSOP,15330000,15339999,3,49.9
SP,GAVIAO PEIXOTO,SSOP,14813000,14814999,3,49.9
SP,GENERAL SALGADO,SSOP,15300000,15309999,3,49.9
SP,GETULINA,SSOP,16450000,16479999,3,49.9
SP,GLICERIO,SSOP,16270000,16289999,3,49.9
SP,GUAICARA,SSOP,16430000,16439999,3,0
SP,GUAIMBE,SSOP,16480001,16499999,3,49.9
SP,GUAIRA,SSOP,14790000,14794999,3,0
SP,GUAPIACU,SSOP,15110000,15114999,3,0
SP,GUAPIARA,SSOP,18310000,18314999,3,49.9
SP,GUARA,SSOP,14580000,14599999,3,0
SP,GUARACAI,SSOP,16980000,16999999,3,49.9
SP,GUARACI,SSOP,15420000,15424999,3,49.9
SP,GUARANI D OESTE,SSOP,15680000,15684999,3,49.9
SP,GUARANTA,SSOP,16570000,16599999,3,0
SP,GUARARAPES,SSOP,16700000,16749999,3,0
SP,GUARAREMA,SSOP,8900000,8939999,3,49.9
SP,GUARATINGUETA,SSOP,12500001,12524999,3,0
SP,GUAREI,SSOP,18250000,18254999,3,49.9
SP,GUARIBA,SSOP,14840000,14849999,3,0
SP,GUARUJA,SSOP,11400001,11499999,3,49.9
SP,GUATAPARA,SSOP,14115000,14119999,3,49.9
SP,GUZOLANDIA,SSOP,15355000,15359999,3,49.9
SP,HERCULANDIA,SSOP,17650000,17669999,3,49.9
SP,HOLAMBRA,SSOP,13825000,13829999,3,0
SP,HORTOLANDIA,SSOP,13183001,13189999,3,49.9
SP,IACANGA,SSOP,17180001,17189999,3,49.9
SP,IACRI,SSOP,17680000,17689999,3,49.9
SP,IARAS,SSOP,18775001,18779999,3,49.9
SP,IBATE,SSOP,14815000,14819999,3,0
SP,IBIRA,SSOP,15860000,15869999,3,0
SP,IBIRAREMA,SSOP,19940000,19959999,3,49.9
SP,IBITINGA,SSOP,14940001,14954999,3,0
SP,IBIUNA,SSOP,18150000,18159999,3,49.9
SP,ICEM,SSOP,15460000,15469999,3,49.9
SP,IEPE,SSOP,19640001,19649999,3,49.9
SP,IGARACU DO TIETE,SSOP,17350000,17359999,3,0
SP,IGARAPAVA,SSOP,14540000,14549999,3,49.9
SP,IGARATA,SSOP,12350000,12379999,3,49.9
SP,IGUAPE,SSOP,11920000,11924999,3,49.9
SP,ILHA COMPRIDA,SSOP,11925000,11929999,3,49.9
SP,ILHA SOLTEIRA,SSOP,15385000,15389999,3,49.9
SP,INDAIATUBA,SSOP,13330001,13349999,3,0
SP,INDIANA,SSOP,19560000,19569999,3,49.9
SP,INDIAPORA,SSOP,15690000,15699999,3,49.9
SP,INUBIA PAULISTA,SSOP,17760000,17779999,3,0
SP,IPAUSSU,SSOP,18950001,18959999,3,0
SP,IPERO,SSOP,18560000,18569999,3,0
SP,IPEUNA,SSOP,13537000,13539999,3,49.9
SP,IPIGUA,SSOP,15108000,15109999,3,49.9
SP,IPORANGA,SSOP,18330000,18359999,3,380
SP,IPUA,SSOP,14610000,14619999,3,49.9
SP,IRACEMAPOLIS,SSOP,13495001,13499999,3,0
SP,IRAPUA,SSOP,14990000,14999999,3,49.9
SP,IRAPURU,SSOP,17880000,17889999,3,49.9
SP,ITABERA,SSOP,18440000,18459999,3,49.9
SP,ITAI,SSOP,18730001,18739999,3,0
SP,ITAJOBI,SSOP,15840000,15844999,3,0
SP,ITAJU,SSOP,17260001,17269999,3,0
SP,ITANHAEM,SSOP,11740000,11759999,3,49.9
SP,ITAOCA,SSOP,18360000,18379999,3,49.9
SP,ITAPECERICA DA SERRA,SSOP,6850001,6889999,3,49.9
SP,ITAPETININGA,SSOP,18200001,18219999,3,0
SP,ITAPEVA,SSOP,18400001,18424999,3,0
SP,ITAPIRA,SSOP,13970001,13989999,3,0
SP,ITAPIRAPUA PAULISTA,SSOP,18385000,18399999,3,49.9
SP,ITAPOLIS,SSOP,14900000,14909999,3,0
SP,ITAPORANGA,SSOP,18480000,18489999,3,49.9
SP,ITAPUI,SSOP,17230001,17239999,3,0
SP,ITAPURA,SSOP,15390000,15399999,3,49.9
SP,ITARARE,SSOP,18460001,18469999,3,0
SP,ITARIRI,SSOP,11760000,11769999,3,49.9
SP,ITATIBA,SSOP,13250001,13259999,3,49.9
SP,ITATINGA,SSOP,18690000,18699999,3,0
SP,ITIRAPINA,SSOP,13530000,13536999,3,49.9
SP,ITIRAPUA,SSOP,14420000,14429999,3,49.9
SP,ITOBI,SSOP,13715000,13719999,3,49.9
SP,ITU,SSOP,13300001,13314999,3,0
SP,ITUPEVA,SSOP,13295000,13299999,3,49.9
SP,ITUVERAVA,SSOP,14500000,14529999,3,0
SP,JABORANDI,SSOP,14775000,14779999,3,49.9
SP,JABOTICABAL,SSOP,14870001,14899999,3,0
SP,JACAREI,SSOP,12300001,12349999,3,0
SP,JACI,SSOP,15155000,15159999,3,0
SP,JACUPIRANGA,SSOP,11940000,11949999,3,49.9
SP,JAGUARIUNA,SSOP,13910001,13919999,3,0
SP,JALES,SSOP,15700001,15709999,3,0
SP,JAMBEIRO,SSOP,12270000,12279999,3,49.9
SP,JARDINOPOLIS,SSOP,14680000,14699999,3,0
SP,JARINU,SSOP,13240000,13249999,3,49.9
SP,JAU,SSOP,17200001,17229999,3,0
SP,JERIQUARA,SSOP,14450000,14459999,3,49.9
SP,JOANOPOLIS,SSOP,12980000,12989999,3,49.9
SP,JOAO RAMALHO,SSOP,19680001,19699999,3,49.9
SP,JOSE BONIFACIO,SSOP,15200000,15209999,3,0
SP,JULIO MESQUITA,SSOP,17550000,17559999,3,49.9
SP,JUMIRIM,SSOP,18535000,18539999,3,0
SP,JUNDIAI,SSOP,13200001,13219999,3,49.9
SP,JUNQUEIROPOLIS,SSOP,17890000,17899999,3,0
SP,JUQUIA,SSOP,11800000,11849999,3,49.9
SP,JUQUITIBA,SSOP,6950000,6999999,3,49.9
SP,LAGOINHA,SSOP,12130000,12139999,3,49.9
SP,LARANJAL PAULISTA,SSOP,18500000,18519999,3,0
SP,LAVINIA,SSOP,16850000,16879999,3,49.9
SP,LAVRINHAS,SSOP,12760000,12799999,3,49.9
SP,LEME,SSOP,13610001,13624999,3,0
SP,LENCOIS PAULISTA,SSOP,18680001,18689999,3,0
SP,LIMEIRA,SSOP,13480001,13489999,3,0
SP,LINDOIA,SSOP,13950000,13959999,3,0
SP,LINS,SSOP,16400001,16429999,3,0
SP,LORENA,SSOP,12600001,12614999,3,0
SP,LOURDES,SSOP,15285000,15289999,3,49.9
SP,LOUVEIRA,SSOP,13290001,13294999,3,49.9
SP,LUCELIA,SSOP,17780000,17789999,3,0
SP,LUCIANOPOLIS,SSOP,17475001,17479999,3,49.9
SP,LUIS ANTONIO,SSOP,14210000,14229999,3,49.9
SP,LUIZIANIA,SSOP,16340000,16349999,3,49.9
SP,LUPERCIO,SSOP,17420001,17429999,3,49.9
SP,LUTECIA,SSOP,19750000,19769999,3,49.9
SP,MACATUBA,SSOP,17290001,17299999,3,0
SP,MACAUBAL,SSOP,15270000,15274999,3,49.9
SP,MACEDONIA,SSOP,15620000,15624999,3,49.9
SP,MAGDA,SSOP,15310000,15312999,3,49.9
SP,MAIRINQUE,SSOP,18120000,18124999,3,0
SP,MANDURI,SSOP,18780000,18789999,3,0
SP,MARABA PAULISTA,SSOP,19430000,19449999,3,49.9
SP,MARACAI,SSOP,19840000,19859999,3,49.9
SP,MARAPOAMA,SSOP,15845000,15849999,3,49.9
SP,MARIAPOLIS,SSOP,17810000,17829999,3,49.9
SP,MARILIA,SSOP,17500001,17539999,3,0
SP,MARINOPOLIS,SSOP,15730000,15734999,3,49.9
SP,MARTINOPOLIS,SSOP,19500000,19529999,3,49.9
SP,MATAO,SSOP,15990001,15999999,3,0
SP,MENDONCA,SSOP,15220000,15224999,3,49.9
SP,MERIDIANO,SSOP,15625000,15629999,3,49.9
SP,MESOPOLIS,SSOP,15748000,15749999,3,49.9
SP,MIGUELOPOLIS,SSOP,14530000,14539999,3,49.9
SP,MINEIROS DO TIETE,SSOP,17320001,17339999,3,0
SP,MIRA ESTRELA,SSOP,15580000,15599999,3,49.9
SP,MIRACATU,SSOP,11850000,11899999,3,49.9
SP,MIRANDOPOLIS,SSOP,16800000,16849999,3,49.9
SP,MIRANTE DO PARANAPANEMA,SSOP,19260000,19270000,3,49.9
SP,MIRASSOL,SSOP,15130001,15139999,3,0
SP,MIRASSOLANDIA,SSOP,15145000,15149999,3,49.9
SP,MOCOCA,SSOP,13730001,13759999,3,0
SP,MOGI GUACU,SSOP,13840001,13856999,3,0
SP,MOGI MIRIM,SSOP,13800001,13819999,3,0
SP,MOMBUCA,SSOP,13375000,13379999,3,49.9
SP,MONCOES,SSOP,15275000,15279999,3,49.9
SP,MONGAGUA,SSOP,11730000,11739999,3,49.9
SP,MONTE ALEGRE DO SUL,SSOP,13820000,13824999,3,49.9
SP,MONTE ALTO,SSOP,15910000,15919999,3,0
SP,MONTE APRAZIVEL,SSOP,15150000,15154999,3,0
SP,MONTE AZUL PAULISTA,SSOP,14730000,14734999,3,0
SP,MONTE CASTELO,SSOP,17960000,17969999,3,49.9
SP,MONTE MOR,SSOP,13190001,13199999,3,0
SP,MONTEIRO LOBATO,SSOP,12250000,12259999,3,49.9
SP,MORRO AGUDO,SSOP,14640000,14659999,3,49.9
SP,MORUNGABA,SSOP,13260000,13269999,3,49.9
SP,MOTUCA,SSOP,14835000,14839999,3,49.9
SP,MURUTINGA DO SUL,SSOP,16950000,16979999,3,49.9
SP,NANTES,SSOP,19650001,19679999,3,49.9
SP,NARANDIBA,SSOP,19220000,19229999,3,49.9
SP,NATIVIDADE DA SERRA,SSOP,12180000,12199999,3,49.9
SP,NAZARE PAULISTA,SSOP,12960000,12969999,3,49.9
SP,NEVES PAULISTA,SSOP,15120000,15129999,3,0
SP,NHANDEARA,SSOP,15190000,15199999,3,49.9
SP,NIPOA,SSOP,15240000,15249999,3,49.9
SP,NOVA ALIANCA,SSOP,15210000,15219999,3,49.9
SP,NOVA CAMPINA,SSOP,18435000,18439999,3,49.9
SP,NOVA CANAA PAULISTA,SSOP,15773000,15774999,3,49.9
SP,NOVA CASTILHO,SSOP,15313000,15314999,3,49.9
SP,NOVA EUROPA,SSOP,14920000,14929999,3,49.9
SP,NOVA GRANADA,SSOP,15440000,15449999,3,49.9
SP,NOVA GUATAPORANGA,SSOP,17950000,17959999,3,49.9
SP,NOVA INDEPENDENCIA,SSOP,16940000,16949999,3,49.9
SP,NOVA LUZITANIA,SSOP,15340000,15349999,3,49.9
SP,NOVA ODESSA,SSOP,13380001,13389999,3,0
SP,NOVAIS,SSOP,15885000,15889999,3,49.9
SP,NOVO HORIZONTE,SSOP,14960001,14979999,3,0
SP,NUPORANGA,SSOP,14670000,14679999,3,49.9
SP,OCAUCU,SSOP,17540001,17549999,3,49.9
SP,OLEO,SSOP,18790001,18799999,3,49.9
SP,OLIMPIA,SSOP,15400001,15409999,3,0
SP,ONDA VERDE,SSOP,15450000,15459999,3,49.9
SP,ORIENTE,SSOP,17570000,17579999,3,0
SP,ORINDIUVA,SSOP,15480000,15489999,3,49.9
SP,ORLANDIA,SSOP,14620000,14639999,3,0
SP,OSCAR BRESSANE,SSOP,19770001,19779999,3,49.9
SP,OSVALDO CRUZ,SSOP,17700000,17709999,3,0
SP,OURINHOS,SSOP,19900001,19919999,3,0
SP,OURO VERDE,SSOP,17920000,17929999,3,49.9
SP,OUROESTE,SSOP,15685000,15689999,3,49.9
SP,PACAEMBU,SSOP,17860000,17869999,3,0
SP,PALESTINA,SSOP,15470000,15479999,3,49.9
SP,PALMARES PAULISTA,SSOP,15828000,15829999,3,49.9
SP,PALMEIRA D OESTE,SSOP,15720000,15729999,3,49.9
SP,PALMITAL,SSOP,19970001,19989999,3,0
SP,PANORAMA,SSOP,17980000,17989999,3,49.9
SP,PARAGUACU PAULISTA,SSOP,19700001,19739999,3,0
SP,PARAIBUNA,SSOP,12260000,12269999,3,49.9
SP,PARAISO,SSOP,15825000,15827999,3,49.9
SP,PARANAPANEMA,SSOP,18720000,18729999,3,0
SP,PARANAPUA,SSOP,15745000,15747999,3,49.9
SP,PARAPUA,SSOP,17730000,17739999,3,49.9
SP,PARDINHO,SSOP,18640000,18649999,3,0
SP,PARIQUERA-ACU,SSOP,11930000,11939999,3,49.9
SP,PARISI,SSOP,15525000,15529999,3,49.9
SP,PATROCINIO PAULISTA,SSOP,14415000,14419999,3,49.9
SP,PAULICEIA,SSOP,17990000,17999999,3,49.9
SP,PAULINIA,SSOP,13140001,13149999,3,49.9
SP,PAULISTANIA,SSOP,17150001,17159999,3,49.9
SP,PAULO DE FARIA,SSOP,15490000,15494999,3,49.9
SP,PEDERNEIRAS,SSOP,17280000,17289999,3,0
SP,PEDRA BELA,SSOP,12990000,12994999,3,49.9
SP,PEDRANOPOLIS,SSOP,15630000,15639999,3,49.9
SP,PEDREGULHO,SSOP,14470000,14489999,3,49.9
SP,PEDREIRA,SSOP,13920000,13929999,3,0
SP,PEDRINHAS PAULISTA,SSOP,19865000,19869999,3,49.9
SP,PEDRO DE TOLEDO,SSOP,11790000,11799999,3,49.9
SP,PENAPOLIS,SSOP,16300001,16309999,3,0
SP,PEREIRA BARRETO,SSOP,15370001,15379999,3,49.9
SP,PEREIRAS,SSOP,18580000,18589999,3,49.9
SP,PERUIBE,SSOP,11770000,11789999,3,49.9
SP,PIACATU,SSOP,16230000,16239999,3,49.9
SP,PIEDADE,SSOP,18170000,18179999,3,0
SP,PILAR DO SUL,SSOP,18185000,18189999,3,49.9
SP,PINDAMONHANGABA,SSOP,12400001,12449999,3,0
SP,PINDORAMA,SSOP,15830000,15839999,3,0
SP,PINHALZINHO,SSOP,12995000,12999999,3,49.9
SP,PIQUEROBI,SSOP,19410000,19429999,3,49.9
SP,PIQUETE,SSOP,12620000,12629999,3,49.9
SP,PIRACAIA,SSOP,12970000,12979999,3,0
SP,PIRACICABA,SSOP,13400001,13439999,3,0
SP,PIRAJU,SSOP,18800001,18829999,3,0
SP,PIRAJUI,SSOP,16600001,16639999,3,0
SP,PIRANGI,SSOP,15820000,15822999,3,49.9
SP,PIRAPORA DO BOM JESUS,SSOP,6550000,6599999,3,49.9
SP,PIRAPOZINHO,SSOP,19200000,19209999,3,49.9
SP,PIRASSUNUNGA,SSOP,13630001,13649999,3,0
SP,PIRATININGA,SSOP,17490001,17499999,3,0
SP,PITANGUEIRAS,SSOP,14750000,14764999,3,0
SP,PLANALTO,SSOP,15260000,15264999,3,49.9
SP,PLATINA,SSOP,19990000,19999999,3,49.9
SP,POLONI,SSOP,15160000,15169999,3,49.9
SP,POMPEIA,SSOP,17580001,17589999,3,0
SP,PONGAI,SSOP,16660001,16669999,3,49.9
SP,PONTAL,SSOP,14180000,14199999,3,0
SP,PONTALINDA,SSOP,15718000,15719999,3,49.9
SP,PONTES GESTAL,SSOP,15560000,15569999,3,49.9
SP,POPULINA,SSOP,15670000,15679999,3,49.9
SP,PORANGABA,SSOP,18260000,18264999,3,49.9
SP,PORTO FELIZ,SSOP,18540001,18549999,3,0
SP,PORTO FERREIRA,SSOP,13660001,13669999,3,0
SP,POTIM,SSOP,12525001,12529999,3,49.9
SP,POTIRENDABA,SSOP,15105000,15107999,3,49.9
SP,PRACINHA,SSOP,17790000,17799999,3,49.9
SP,PRADOPOLIS,SSOP,14850000,14859999,3,49.9
SP,PRAIA GRANDE,SSOP,11700001,11729999,3,49.9
SP,PRATANIA,SSOP,18660001,18669999,3,0
SP,PRESIDENTE ALVES,SSOP,16670000,16679999,3,49.9
SP,PRESIDENTE BERNARDES,SSOP,19300000,19349999,3,49.9
SP,PRESIDENTE EPITACIO,SSOP,19470000,19499999,3,49.9
SP,PRESIDENTE PRUDENTE,SSOP,19000000,19159999,3,0
SP,PRESIDENTE VENCESLAU,SSOP,19400001,19409999,3,49.9
SP,PROMISSAO,SSOP,16370000,16399999,3,0
SP,QUADRA,SSOP,18255000,18259999,3,49.9
SP,QUATA,SSOP,19780001,19799999,3,0
SP,QUEIROZ,SSOP,17590000,17599999,3,49.9
SP,QUELUZ,SSOP,12800000,12819999,3,49.9
SP,QUINTANA,SSOP,17670000,17679999,3,49.9
SP,RAFARD,SSOP,13370000,13374999,3,49.9
SP,RANCHARIA,SSOP,19600000,19639999,3,49.9
SP,REDENCAO DA SERRA,SSOP,12170000,12179999,3,49.9
SP,REGENTE FEIJO,SSOP,19570000,19579999,3,49.9
SP,REGINOPOLIS,SSOP,17190001,17199999,3,49.9
SP,REGISTRO,SSOP,11900000,11909999,3,49.9
SP,RESTINGA,SSOP,14430000,14439999,3,49.9
SP,RIBEIRA,SSOP,18380000,18384999,3,49.9
SP,RIBEIRAO BONITO,SSOP,13580000,13589999,3,0
SP,RIBEIRAO BRANCO,SSOP,18430000,18434999,3,49.9
SP,RIBEIRAO CORRENTE,SSOP,14445000,14449999,3,49.9
SP,RIBEIRAO DO SUL,SSOP,19930000,19939999,3,49.9
SP,RIBEIRAO DOS INDIOS,SSOP,19380000,19399999,3,49.9
SP,RIBEIRAO GRANDE,SSOP,18315000,18319999,3,49.9
SP,RIBEIRAO PRETO,SSOP,14000001,14114999,3,0
SP,RIFAINA,SSOP,14490000,14499999,3,49.9
SP,RINCAO,SSOP,14830000,14834999,3,49.9
SP,RINOPOLIS,SSOP,17740000,17759999,3,49.9
SP,RIO CLARO,SSOP,13500001,13509999,3,0
SP,RIO DAS PEDRAS,SSOP,13390001,13399999,3,0
SP,RIO GRANDE DA SERRA,SSOP,9450000,9499999,3,49.9
SP,RIOLANDIA,SSOP,15495000,15499999,3,49.9
SP,RIVERSUL,SSOP,18470000,18474999,3,49.9
SP,ROSANA,SSOP,19270001,19274999,3,49.9
SP,ROSEIRA,SSOP,12580001,12599999,3,49.9
SP,RUBIACEA,SSOP,16750000,16789999,3,49.9
SP,RUBINEIA,SSOP,15790000,15799999,3,49.9
SP,SABINO,SSOP,16440000,16449999,3,49.9
SP,SAGRES,SSOP,17710000,17719999,3,49.9
SP,SALES,SSOP,14980000,14989999,3,49.9
SP,SALES OLIVEIRA,SSOP,14660000,14669999,3,49.9
SP,SALESOPOLIS,SSOP,8970000,8999999,3,49.9
SP,SALMOURAO,SSOP,17720000,17729999,3,49.9
SP,SALTINHO,SSOP,13440001,13444999,3,0
SP,SALTO,SSOP,13320001,13329999,3,49.9
SP,SALTO DE PIRAPORA,SSOP,18160000,18169999,3,0
SP,SALTO GRANDE,SSOP,19920001,19929999,3,49.9
SP,SANDOVALINA,SSOP,19250000,19259999,3,49.9
SP,SANTA ADELIA,SSOP,15950000,15959999,3,0
SP,SANTA ALBERTINA,SSOP,15750000,15754999,3,49.9
SP,SANTA BARBARA D OESTE,SSOP,13450001,13464999,3,0
SP,SANTA BRANCA,SSOP,12380000,12399999,3,49.9
SP,SANTA CLARA D OESTE,SSOP,15785000,15789999,3,49.9
SP,SANTA CRUZ DA CONCEICAO,SSOP,13625001,13629999,3,49.9
SP,SANTA CRUZ DA ESPERANCA,SSOP,14250000,14259999,3,49.9
SP,SANTA CRUZ DAS PALMEIRAS,SSOP,13650001,13659999,3,0
SP,SANTA CRUZ DO RIO PARDO,SSOP,18900001,18934999,3,0
SP,SANTA ERNESTINA,SSOP,15970000,15979999,3,49.9
SP,SANTA FE DO SUL,SSOP,15775000,15779999,3,0
SP,SANTA GERTRUDES,SSOP,13510001,13514999,3,0
SP,SANTA ISABEL,SSOP,7500000,7599999,3,49.9
SP,SANTA LUCIA,SSOP,14825000,14829999,3,49.9
SP,SANTA MARIA DA SERRA,SSOP,17370001,17379999,3,49.9
SP,SANTA MERCEDES,SSOP,17940000,17949999,3,49.9
SP,SANTA RITA D OESTE,SSOP,15780000,15784999,3,49.9
SP,SANTA RITA DO PASSA QUATRO,SSOP,13670000,13689999,3,0
SP,SANTA ROSA DE VITERBO,SSOP,14270000,14299999,3,49.9
SP,SANTA SALETE,SSOP,15768000,15769999,3,49.9
SP,SANTANA DA PONTE PENSA,SSOP,15765000,15767999,3,49.9
SP,SANTO ANASTACIO,SSOP,19360000,19379999,3,49.9
SP,SANTO ANTONIO DA ALEGRIA,SSOP,14390000,14399999,3,49.9
SP,SANTO ANTONIO DE POSSE,SSOP,13830001,13834999,3,0
SP,SANTO ANTONIO DO ARACANGUA,SSOP,16130000,16199999,3,49.9
SP,SANTO ANTONIO DO JARDIM,SSOP,13995000,13999999,3,49.9
SP,SANTO ANTONIO DO PINHAL,SSOP,12450000,12459999,3,49.9
SP,SANTO EXPEDITO,SSOP,19190000,19199999,3,49.9
SP,SANTOPOLIS DO AGUAPEI,SSOP,16240000,16249999,3,49.9
SP,SANTOS,SSOP,11000001,11249999,3,49.9
SP,SAO BENTO DO SAPUCAI,SSOP,12490000,12499999,3,49.9
SP,SAO CARLOS,SSOP,13560001,13579999,3,0
SP,SAO FRANCISCO,SSOP,15710000,15712999,3,49.9
SP,SAO JOAO DA BOA VISTA,SSOP,13870001,13879999,3,0
SP,SAO JOAO DAS DUAS PONTES,SSOP,15640000,15649999,3,49.9
SP,SAO JOAO DE IRACEMA,SSOP,15315000,15319999,3,49.9
SP,SAO JOAO DO PAU D ALHO,SSOP,17970000,17979999,3,49.9
SP,SAO JOAQUIM DA BARRA,SSOP,14600000,14609999,3,0
SP,SAO JOSE DA BELA VISTA,SSOP,14440000,14444999,3,49.9
SP,SAO JOSE DO BARREIRO,SSOP,12830000,12849999,3,49.9
SP,SAO JOSE DO RIO PARDO,SSOP,13720000,13729999,3,0
SP,SAO JOSE DO RIO PRETO,SSOP,15000001,15104999,3,0
SP,SAO JOSE DOS CAMPOS,SSOP,12200001,12249999,3,0
SP,SAO LOURENCO DA SERRA,SSOP,6890000,6899999,3,49.9
SP,SAO LUIZ DO PARAITINGA,SSOP,12140000,12169999,3,49.9
SP,SAO MANUEL,SSOP,18650001,18659999,3,0
SP,SAO MIGUEL ARCANJO,SSOP,18230000,18239999,3,49.9
SP,SAO PEDRO,SSOP,13520000,13524999,3,0
SP,SAO PEDRO DO TURVO,SSOP,18940001,18949999,3,49.9
SP,SAO ROQUE,SSOP,18130001,18146999,3,0
SP,SAO SEBASTIAO,SSOP,11600001,11629999,3,49.9
SP,SAO SEBASTIAO DA GRAMA,SSOP,13790000,13799999,3,49.9
SP,SAO SIMAO,SSOP,14200000,14209999,3,49.9
SP,SAO VICENTE,SSOP,11300001,11399999,3,49.9
SP,SARAPUI,SSOP,18225000,18229999,3,49.9
SP,SARUTAIA,SSOP,18840001,18859999,3,49.9
SP,SEBASTIANOPOLIS DO SUL,SSOP,15180000,15189999,3,49.9
SP,SERRA AZUL,SSOP,14230000,14239999,3,49.9
SP,SERRA NEGRA,SSOP,13930000,13939999,3,0
SP,SERRANA,SSOP,14150000,14159999,3,0
SP,SERTAOZINHO,SSOP,14160001,14179999,3,0
SP,SETE BARRAS,SSOP,11910000,11919999,3,49.9
SP,SEVERINIA,SSOP,14735000,14739999,3,49.9
SP,SILVEIRAS,SSOP,12690000,12699999,3,49.9
SP,SOCORRO,SSOP,13960000,13969999,3,0
SP,SOROCABA,SSOP,18000001,18109999,3,49.9
SP,SUD MENNUCCI,SSOP,15360000,15369999,3,49.9
SP,SUMARE,SSOP,13170001,13182999,3,49.9
SP,SUZANAPOLIS,SSOP,15380000,15384999,3,49.9
SP,SUZANO,SSOP,8600001,8699999,3,49.9
SP,TABAPUA,SSOP,15880000,15884999,3,0
SP,TABATINGA,SSOP,14910000,14919999,3,0
SP,TACIBA,SSOP,19590000,19599999,3,49.9
SP,TAGUAI,SSOP,18890001,18899999,3,0
SP,TAIACU,SSOP,14725000,14729999,3,49.9
SP,TAIUVA,SSOP,14720000,14724999,3,49.9
SP,TAMBAU,SSOP,13710000,13714999,3,0
SP,TANABI,SSOP,15170000,15179999,3,0
SP,TAPIRAI,SSOP,18180000,18184999,3,49.9
SP,TAPIRATIBA,SSOP,13760000,13769999,3,49.9
SP,TAQUARAL,SSOP,14765000,14769999,3,49.9
SP,TAQUARITINGA,SSOP,15900001,15909999,3,0
SP,TAQUARITUBA,SSOP,18740000,18744999,3,0
SP,TAQUARIVAI,SSOP,18425000,18429999,3,49.9
SP,TARABAI,SSOP,19210000,19219999,3,49.9
SP,TARUMA,SSOP,19820000,19829999,3,49.9
SP,TATUI,SSOP,18270001,18284999,3,0
SP,TAUBATE,SSOP,12000001,12119999,3,0
SP,TEJUPA,SSOP,18830001,18839999,3,49.9
SP,TEODORO SAMPAIO,SSOP,19280000,19299999,3,49.9
SP,TERRA ROXA,SSOP,14745000,14749999,3,49.9
SP,TIETE,SSOP,18530000,18534999,3,49.9
SP,TIMBURI,SSOP,18860000,18869999,3,49.9
SP,TORRE DE PEDRA,SSOP,18265000,18269999,3,49.9
SP,TORRINHA,SSOP,17360000,17369999,3,0
SP,TRABIJU,SSOP,14935000,14939999,3,49.9
SP,TREMEMBE,SSOP,12120001,12129999,3,0
SP,TRES FRONTEIRAS,SSOP,15770000,15772999,3,49.9
SP,TUIUTI,SSOP,12930000,12934999,3,49.9
SP,TUPA,SSOP,17600001,17629999,3,0
SP,TUPI PAULISTA,SSOP,17930000,17939999,3,49.9
SP,TURIUBA,SSOP,15280000,15284999,3,49.9
SP,TURMALINA,SSOP,15755000,15759999,3,49.9
SP,UBARANA,SSOP,15225000,15229999,3,49.9
SP,UBATUBA,SSOP,11680001,11699999,3,49.9
SP,UBIRAJARA,SSOP,17440001,17449999,3,49.9
SP,UCHOA,SSOP,15890000,15894999,3,49.9
SP,UNIAO PAULISTA,SSOP,15250000,15259999,3,49.9
SP,URANIA,SSOP,15760000,15762999,3,49.9
SP,URU,SSOP,16650001,16659999,3,49.9
SP,URUPES,SSOP,15850000,15859999,3,0
SP,VALENTIM GENTIL,SSOP,15520000,15524999,3,0
SP,VALINHOS,SSOP,13270001,13279999,3,49.9
SP,VALPARAISO,SSOP,16880000,16899999,3,0
SP,VARGEM,SSOP,12935000,12939999,3,49.9
SP,VARGEM GRANDE DO SUL,SSOP,13880000,13889999,3,0
SP,VARGEM GRANDE PAULISTA,SSOP,6730000,6749999,3,49.9
SP,VARZEA PAULISTA,SSOP,13220001,13229999,3,49.9
SP,VERA CRUZ,SSOP,17560001,17569999,3,0
SP,VINHEDO,SSOP,13280001,13289999,3,49.9
SP,VIRADOURO,SSOP,14740000,14744999,3,0
SP,VISTA ALEGRE DO ALTO,SSOP,15920000,15929999,3,49.9
SP,VITORIA BRASIL,SSOP,15713000,15714999,3,49.9
SP,VOTORANTIM,SSOP,18110001,18119999,3,0
SP,VOTUPORANGA,SSOP,15500001,15519999,3,0
SP,ZACARIAS,SSOP,15265000,15269999,3,49.9
SP,ADAMANTINA,SSOP MOVEL,17800000,17809999,3,0
SP,ADOLFO,SSOP MOVEL,15230000,15239999,3,49.9
SP,AGUAI,SSOP MOVEL,13860001,13869999,3,0
SP,AGUAS DA PRATA,SSOP MOVEL,13890000,13899999,3,49.9
SP,AGUAS DE LINDOIA,SSOP MOVEL,13940000,13949999,3,0
SP,AGUAS DE SANTA BARBARA,SSOP MOVEL,18770000,18774999,3,49.9
SP,AGUAS DE SAO PEDRO,SSOP MOVEL,13525001,13529999,3,0
SP,AGUDOS,SSOP MOVEL,17120001,17149999,3,0
SP,ALAMBARI,SSOP MOVEL,18220000,18224999,3,49.9
SP,ALFREDO MARCONDES,SSOP MOVEL,19180000,19189999,3,49.9
SP,ALTAIR,SSOP MOVEL,15430000,15439999,3,49.9
SP,ALTINOPOLIS,SSOP MOVEL,14350000,14389999,3,49.9
SP,ALTO ALEGRE,SSOP MOVEL,16310000,16339999,3,49.9
SP,ALUMINIO,SSOP MOVEL,18125000,18129999,3,0
SP,ALVARES FLORENCE,SSOP MOVEL,15540000,15549999,3,49.9
SP,ALVARES MACHADO,SSOP MOVEL,19160000,19179999,3,49.9
SP,ALVARO DE CARVALHO,SSOP MOVEL,17410001,17419999,3,49.9
SP,ALVINLANDIA,SSOP MOVEL,17430001,17439999,3,49.9
SP,AMERICANA,SSOP MOVEL,13465001,13479999,3,0
SP,AMERICO BRASILIENSE,SSOP MOVEL,14820001,14824999,3,0
SP,AMERICO DE CAMPOS,SSOP MOVEL,15550000,15559999,3,49.9
SP,AMPARO,SSOP MOVEL,13900001,13909999,3,0
SP,ANALANDIA,SSOP MOVEL,13550000,13559999,3,49.9
SP,ANDRADINA,SSOP MOVEL,16900001,16919999,3,49.9
SP,ANGATUBA,SSOP MOVEL,18240000,18244999,3,49.9
SP,ANHEMBI,SSOP MOVEL,18620001,18639999,3,49.9
SP,ANHUMAS,SSOP MOVEL,19580000,19589999,3,49.9
SP,APARECIDA,SSOP MOVEL,12570001,12579999,3,0
SP,APARECIDA D OESTE,SSOP MOVEL,15735000,15739999,3,49.9
SP,APIAI,SSOP MOVEL,18320000,18324999,3,49.9
SP,ARACARIGUAMA,SSOP MOVEL,18147000,18149999,3,49.9
SP,ARACATUBA,SSOP MOVEL,16000001,16129999,3,0
SP,ARACOIABA DA SERRA,SSOP MOVEL,18190000,18194999,3,49.9
SP,ARAMINA,SSOP MOVEL,14550000,14569999,3,49.9
SP,ARANDU,SSOP MOVEL,18710001,18719999,3,49.9
SP,ARAPEI,SSOP MOVEL,12870000,12899999,3,49.9
SP,ARARAQUARA,SSOP MOVEL,14800001,14812999,3,0
SP,ARARAS,SSOP MOVEL,13600001,13609999,3,0
SP,ARCO-IRIS,SSOP MOVEL,17630000,17649999,3,49.9
SP,AREALVA,SSOP MOVEL,17160001,17179999,3,49.9
SP,AREIAS,SSOP MOVEL,12820000,12829999,3,49.9
SP,AREIOPOLIS,SSOP MOVEL,18670001,18674999,3,0
SP,ARIRANHA,SSOP MOVEL,15960000,15969999,3,0
SP,ARTUR NOGUEIRA,SSOP MOVEL,13160001,13169999,3,0
SP,ASPASIA,SSOP MOVEL,15763000,15764999,3,49.9
SP,ASSIS,SSOP MOVEL,19800001,19819999,3,0
SP,AURIFLAMA,SSOP MOVEL,15350000,15354999,3,49.9
SP,AVAI,SSOP MOVEL,16680000,16699999,3,49.9
SP,AVANHANDAVA,SSOP MOVEL,16360000,16369999,3,0
SP,AVARE,SSOP MOVEL,18700001,18709999,3,0
SP,BADY BASSITT,SSOP MOVEL,15115000,15119999,3,0
SP,BALBINOS,SSOP MOVEL,16640001,16649999,3,49.9
SP,BALSAMO,SSOP MOVEL,15140000,15144999,3,0
SP,BANANAL,SSOP MOVEL,12850000,12869999,3,49.9
SP,BARAO DE ANTONINA,SSOP MOVEL,18490000,18499999,3,49.9
SP,BARBOSA,SSOP MOVEL,16350000,16359999,3,49.9
SP,BARIRI,SSOP MOVEL,17250001,17259999,3,0
SP,BARRA BONITA,SSOP MOVEL,17340000,17349999,3,0
SP,BARRA DO CHAPEU,SSOP MOVEL,18325000,18329999,3,49.9
SP,BARRA DO TURVO,SSOP MOVEL,11955000,11959999,3,370
SP,BARRETOS,SSOP MOVEL,14780001,14789999,3,0
SP,BARRINHA,SSOP MOVEL,14860000,14869999,3,0
SP,BASTOS,SSOP MOVEL,17690000,17699999,3,0
SP,BATATAIS,SSOP MOVEL,14300001,14339999,3,0
SP,BAURU,SSOP MOVEL,17000001,17119999,3,0
SP,BEBEDOURO,SSOP MOVEL,14700001,14719999,3,0
SP,BENTO DE ABREU,SSOP MOVEL,16790000,16799999,3,49.9
SP,BERNARDINO DE CAMPOS,SSOP MOVEL,18960001,18969999,3,0
SP,BERTIOGA,SSOP MOVEL,11250001,11299999,3,49.9
SP,BILAC,SSOP MOVEL,16210000,16219999,3,49.9
SP,BIRIGUI,SSOP MOVEL,16200001,16209999,3,0
SP,BIRITIBA MIRIM,SSOP MOVEL,8940000,8969999,3,49.9
SP,BOA ESPERANCA DO SUL,SSOP MOVEL,14930000,14934999,3,0
SP,BOCAINA,SSOP MOVEL,17240001,17249999,3,0
SP,BOFETE,SSOP MOVEL,18590000,18599999,3,0
SP,BOITUVA,SSOP MOVEL,18550001,18559999,3,0
SP,BOM SUCESSO DE ITARARE,SSOP MOVEL,18475000,18479999,3,49.9
SP,BORA,SSOP MOVEL,19740000,19749999,3,49.9
SP,BORACEIA,SSOP MOVEL,17270001,17279999,3,0
SP,BORBOREMA,SSOP MOVEL,14955000,14959999,3,0
SP,BOREBI,SSOP MOVEL,18675000,18679999,3,49.9
SP,BOTUCATU,SSOP MOVEL,18600001,18619999,3,0
SP,BRAGANCA PAULISTA,SSOP MOVEL,12900001,12929999,3,49.9
SP,BRAUNA,SSOP MOVEL,16290000,16299999,3,49.9
SP,BREJO ALEGRE,SSOP MOVEL,16265000,16269999,3,49.9
SP,BRODOWSKI,SSOP MOVEL,14340000,14349999,3,0
SP,BROTAS,SSOP MOVEL,17380000,17399999,3,0
SP,BURI,SSOP MOVEL,18290000,18299999,3,49.9
SP,BURITAMA,SSOP MOVEL,15290000,15299999,3,49.9
SP,BURITIZAL,SSOP MOVEL,14570000,14579999,3,49.9
SP,CABRALIA PAULISTA,SSOP MOVEL,17480001,17489999,3,49.9
SP,CABREUVA,SSOP MOVEL,13315001,13319999,3,49.9
SP,CACAPAVA,SSOP MOVEL,12280001,12299999,3,0
SP,CACHOEIRA PAULISTA,SSOP MOVEL,12630000,12689999,3,0
SP,CACONDE,SSOP MOVEL,13770000,13779999,3,49.9
SP,CAFELANDIA,SSOP MOVEL,16500001,16569999,3,0
SP,CAIABU,SSOP MOVEL,19530000,19559999,3,49.9
SP,CAIUA,SSOP MOVEL,19450000,19469999,3,49.9
SP,CAJATI,SSOP MOVEL,11950000,11954999,3,49.9
SP,CAJOBI,SSOP MOVEL,15410000,15419999,3,49.9
SP,CAJURU,SSOP MOVEL,14240000,14249999,3,49.9
SP,CAMPINA DO MONTE ALEGRE,SSOP MOVEL,18245000,18249999,3,49.9
SP,CAMPINAS,SSOP MOVEL,13000001,13139999,3,49.9
SP,CAMPO LIMPO PAULISTA,SSOP MOVEL,13230001,13239999,3,49.9
SP,CAMPOS DO JORDAO,SSOP MOVEL,12460000,12489999,3,49.9
SP,CAMPOS NOVOS PAULISTA,SSOP MOVEL,19960001,19969999,3,49.9
SP,CANANEIA,SSOP MOVEL,11990000,11999999,3,370
SP,CANAS,SSOP MOVEL,12615000,12619999,3,49.9
SP,CANDIDO MOTA,SSOP MOVEL,19880001,19899999,3,0
SP,CANDIDO RODRIGUES,SSOP MOVEL,15930000,15939999,3,49.9
SP,CANITAR,SSOP MOVEL,18990001,18999999,3,0
SP,CAPAO BONITO,SSOP MOVEL,18300001,18309999,3,0
SP,CAPELA DO ALTO,SSOP MOVEL,18195000,18199999,3,49.9
SP,CAPIVARI,SSOP MOVEL,13360001,13369999,3,0
SP,CARAGUATATUBA,SSOP MOVEL,11660001,11679999,3,49.9
SP,CARDOSO,SSOP MOVEL,15570000,15579999,3,49.9
SP,CASA BRANCA,SSOP MOVEL,13700000,13709999,3,0
SP,CASSIA DOS COQUEIROS,SSOP MOVEL,14260000,14269999,3,49.9
SP,CASTILHO,SSOP MOVEL,16920000,16939999,3,49.9
SP,CATANDUVA,SSOP MOVEL,15800001,15819999,3,0
SP,CATIGUA,SSOP MOVEL,15870000,15879999,3,0
SP,CEDRAL,SSOP MOVEL,15895000,15899999,3,49.9
SP,CERQUEIRA CESAR,SSOP MOVEL,18760001,18769999,3,0
SP,CERQUILHO,SSOP MOVEL,18520001,18529999,3,0
SP,CESARIO LANGE,SSOP MOVEL,18285000,18289999,3,49.9
SP,CHARQUEADA,SSOP MOVEL,13515001,13519999,3,0
SP,CHAVANTES,SSOP MOVEL,18970001,18989999,3,0
SP,CLEMENTINA,SSOP MOVEL,16250000,16259999,3,49.9
SP,COLINA,SSOP MOVEL,14770000,14774999,3,0
SP,COLOMBIA,SSOP MOVEL,14795000,14799999,3,102
SP,CONCHAL,SSOP MOVEL,13835000,13839999,3,49.9
SP,CONCHAS,SSOP MOVEL,18570000,18579999,3,49.9
SP,CORDEIROPOLIS,SSOP MOVEL,13490000,13494999,3,0
SP,COROADOS,SSOP MOVEL,16260000,16264999,3,49.9
SP,CORONEL MACEDO,SSOP MOVEL,18745000,18759999,3,49.9
SP,CORUMBATAI,SSOP MOVEL,13540000,13549999,3,49.9
SP,COSMOPOLIS,SSOP MOVEL,13150001,13159999,3,0
SP,COSMORAMA,SSOP MOVEL,15530000,15539999,3,49.9
SP,CRAVINHOS,SSOP MOVEL,14140000,14149999,3,0
SP,CRISTAIS PAULISTA,SSOP MOVEL,14460000,14469999,3,49.9
SP,CRUZALIA,SSOP MOVEL,19860001,19864999,3,49.9
SP,CRUZEIRO,SSOP MOVEL,12700001,12759999,3,0
SP,CUBATAO,SSOP MOVEL,11500001,11599999,3,49.9
SP,CUNHA,SSOP MOVEL,12530000,12569999,3,49.9
SP,DESCALVADO,SSOP MOVEL,13690000,13699999,3,0
SP,DIRCE REIS,SSOP MOVEL,15715000,15717999,3,49.9
SP,DIVINOLANDIA,SSOP MOVEL,13780000,13789999,3,49.9
SP,DOBRADA,SSOP MOVEL,15980000,15989999,3,49.9
SP,DOIS CORREGOS,SSOP MOVEL,17300001,17319999,3,0
SP,DOLCINOPOLIS,SSOP MOVEL,15740000,15744999,3,49.9
SP,DOURADO,SSOP MOVEL,13590000,13599999,3,0
SP,DRACENA,SSOP MOVEL,17900000,17919999,3,0
SP,DUARTINA,SSOP MOVEL,17470000,17474999,3,0
SP,DUMONT,SSOP MOVEL,14120000,14139999,3,0
SP,ECHAPORA,SSOP MOVEL,19830001,19839999,3,49.9
SP,ELDORADO,SSOP MOVEL,11960000,11989999,3,49.9
SP,ELIAS FAUSTO,SSOP MOVEL,13350000,13359999,3,0
SP,ELISIARIO,SSOP MOVEL,15823000,15824999,3,0
SP,EMBAUBA,SSOP MOVEL,15425000,15429999,3,49.9
SP,EMBU-GUACU,SSOP MOVEL,6900001,6949999,3,49.9
SP,EMILIANOPOLIS,SSOP MOVEL,19350000,19359999,3,49.9
SP,ENGENHEIRO COELHO,SSOP MOVEL,13445001,13449999,3,0
SP,ESPIRITO SANTO DO PINHAL,SSOP MOVEL,13990000,13994999,3,0
SP,ESPIRITO SANTO DO TURVO,SSOP MOVEL,18935001,18939999,3,49.9
SP,ESTIVA GERBI,SSOP MOVEL,13857000,13859999,3,49.9
SP,ESTRELA D OESTE,SSOP MOVEL,15650000,15659999,3,49.9
SP,ESTRELA DO NORTE,SSOP MOVEL,19230000,19249999,3,49.9
SP,EUCLIDES DA CUNHA PAULISTA,SSOP MOVEL,19275000,19279999,3,49.9
SP,FARTURA,SSOP MOVEL,18870001,18889999,3,0
SP,FERNANDO PRESTES,SSOP MOVEL,15940000,15949999,3,49.9
SP,FERNANDOPOLIS,SSOP MOVEL,15600001,15619999,3,0
SP,FERNAO,SSOP MOVEL,17460001,17469999,3,49.9
SP,FLORA RICA,SSOP MOVEL,17870000,17879999,3,49.9
SP,FLOREAL,SSOP MOVEL,15320000,15329999,3,49.9
SP,FLORIDA PAULISTA,SSOP MOVEL,17830000,17859999,3,0
SP,FLORINEA,SSOP MOVEL,19870001,19879999,3,49.9
SP,FRANCA,SSOP MOVEL,14400001,14414999,3,0
SP,GABRIEL MONTEIRO,SSOP MOVEL,16220000,16229999,3,49.9
SP,GALIA,SSOP MOVEL,17450001,17459999,3,49.9
SP,GARCA,SSOP MOVEL,17400000,17409999,3,0
SP,GASTAO VIDIGAL,SSOP MOVEL,15330000,15339999,3,49.9
SP,GAVIAO PEIXOTO,SSOP MOVEL,14813000,14814999,3,49.9
SP,GENERAL SALGADO,SSOP MOVEL,15300000,15309999,3,49.9
SP,GETULINA,SSOP MOVEL,16450000,16479999,3,49.9
SP,GLICERIO,SSOP MOVEL,16270000,16289999,3,49.9
SP,GUAICARA,SSOP MOVEL,16430000,16439999,3,0
SP,GUAIMBE,SSOP MOVEL,16480001,16499999,3,49.9
SP,GUAIRA,SSOP MOVEL,14790000,14794999,3,0
SP,GUAPIACU,SSOP MOVEL,15110000,15114999,3,0
SP,GUAPIARA,SSOP MOVEL,18310000,18314999,3,49.9
SP,GUARA,SSOP MOVEL,14580000,14599999,3,0
SP,GUARACAI,SSOP MOVEL,16980000,16999999,3,49.9
SP,GUARACI,SSOP MOVEL,15420000,15424999,3,49.9
SP,GUARANI D OESTE,SSOP MOVEL,15680000,15684999,3,49.9
SP,GUARANTA,SSOP MOVEL,16570000,16599999,3,0
SP,GUARARAPES,SSOP MOVEL,16700000,16749999,3,0
SP,GUARAREMA,SSOP MOVEL,8900000,8939999,3,49.9
SP,GUARATINGUETA,SSOP MOVEL,12500001,12524999,3,0
SP,GUAREI,SSOP MOVEL,18250000,18254999,3,49.9
SP,GUARIBA,SSOP MOVEL,14840000,14849999,3,0
SP,GUARUJA,SSOP MOVEL,11400001,11499999,3,49.9
SP,GUATAPARA,SSOP MOVEL,14115000,14119999,3,49.9
SP,GUZOLANDIA,SSOP MOVEL,15355000,15359999,3,49.9
SP,HERCULANDIA,SSOP MOVEL,17650000,17669999,3,49.9
SP,HOLAMBRA,SSOP MOVEL,13825000,13829999,3,0
SP,HORTOLANDIA,SSOP MOVEL,13183001,13189999,3,49.9
SP,IACANGA,SSOP MOVEL,17180001,17189999,3,49.9
SP,IACRI,SSOP MOVEL,17680000,17689999,3,49.9
SP,IARAS,SSOP MOVEL,18775001,18779999,3,49.9
SP,IBATE,SSOP MOVEL,14815000,14819999,3,0
SP,IBIRA,SSOP MOVEL,15860000,15869999,3,0
SP,IBIRAREMA,SSOP MOVEL,19940000,19959999,3,49.9
SP,IBITINGA,SSOP MOVEL,14940001,14954999,3,0
SP,IBIUNA,SSOP MOVEL,18150000,18159999,3,49.9
SP,ICEM,SSOP MOVEL,15460000,15469999,3,49.9
SP,IEPE,SSOP MOVEL,19640001,19649999,3,49.9
SP,IGARACU DO TIETE,SSOP MOVEL,17350000,17359999,3,0
SP,IGARAPAVA,SSOP MOVEL,14540000,14549999,3,49.9
SP,IGARATA,SSOP MOVEL,12350000,12379999,3,49.9
SP,IGUAPE,SSOP MOVEL,11920000,11924999,3,49.9
SP,ILHA COMPRIDA,SSOP MOVEL,11925000,11929999,3,49.9
SP,ILHA SOLTEIRA,SSOP MOVEL,15385000,15389999,3,49.9
SP,INDAIATUBA,SSOP MOVEL,13330001,13349999,3,0
SP,INDIANA,SSOP MOVEL,19560000,19569999,3,49.9
SP,INDIAPORA,SSOP MOVEL,15690000,15699999,3,49.9
SP,INUBIA PAULISTA,SSOP MOVEL,17760000,17779999,3,0
SP,IPAUSSU,SSOP MOVEL,18950001,18959999,3,0
SP,IPERO,SSOP MOVEL,18560000,18569999,3,0
SP,IPEUNA,SSOP MOVEL,13537000,13539999,3,49.9
SP,IPIGUA,SSOP MOVEL,15108000,15109999,3,49.9
SP,IPORANGA,SSOP MOVEL,18330000,18359999,3,380
SP,IPUA,SSOP MOVEL,14610000,14619999,3,49.9
SP,IRACEMAPOLIS,SSOP MOVEL,13495001,13499999,3,0
SP,IRAPUA,SSOP MOVEL,14990000,14999999,3,49.9
SP,IRAPURU,SSOP MOVEL,17880000,17889999,3,49.9
SP,ITABERA,SSOP MOVEL,18440000,18459999,3,49.9
SP,ITAI,SSOP MOVEL,18730001,18739999,3,0
SP,ITAJOBI,SSOP MOVEL,15840000,15844999,3,0
SP,ITAJU,SSOP MOVEL,17260001,17269999,3,0
SP,ITANHAEM,SSOP MOVEL,11740000,11759999,3,49.9
SP,ITAOCA,SSOP MOVEL,18360000,18379999,3,49.9
SP,ITAPECERICA DA SERRA,SSOP MOVEL,6850001,6889999,3,49.9
SP,ITAPETININGA,SSOP MOVEL,18200001,18219999,3,0
SP,ITAPEVA,SSOP MOVEL,18400001,18424999,3,0
SP,ITAPIRA,SSOP MOVEL,13970001,13989999,3,0
SP,ITAPIRAPUA PAULISTA,SSOP MOVEL,18385000,18399999,3,49.9
SP,ITAPOLIS,SSOP MOVEL,14900000,14909999,3,0
SP,ITAPORANGA,SSOP MOVEL,18480000,18489999,3,49.9
SP,ITAPUI,SSOP MOVEL,17230001,17239999,3,0
SP,ITAPURA,SSOP MOVEL,15390000,15399999,3,49.9
SP,ITARARE,SSOP MOVEL,18460001,18469999,3,0
SP,ITARIRI,SSOP MOVEL,11760000,11769999,3,49.9
SP,ITATIBA,SSOP MOVEL,13250001,13259999,3,49.9
SP,ITATINGA,SSOP MOVEL,18690000,18699999,3,0
SP,ITIRAPINA,SSOP MOVEL,13530000,13536999,3,49.9
SP,ITIRAPUA,SSOP MOVEL,14420000,14429999,3,49.9
SP,ITOBI,SSOP MOVEL,13715000,13719999,3,49.9
SP,ITU,SSOP MOVEL,13300001,13314999,3,0
SP,ITUPEVA,SSOP MOVEL,13295000,13299999,3,49.9
SP,ITUVERAVA,SSOP MOVEL,14500000,14529999,3,0
SP,JABORANDI,SSOP MOVEL,14775000,14779999,3,49.9
SP,JABOTICABAL,SSOP MOVEL,14870001,14899999,3,0
SP,JACAREI,SSOP MOVEL,12300001,12349999,3,0
SP,JACI,SSOP MOVEL,15155000,15159999,3,0
SP,JACUPIRANGA,SSOP MOVEL,11940000,11949999,3,49.9
SP,JAGUARIUNA,SSOP MOVEL,13910001,13919999,3,0
SP,JALES,SSOP MOVEL,15700001,15709999,3,0
SP,JAMBEIRO,SSOP MOVEL,12270000,12279999,3,49.9
SP,JARDINOPOLIS,SSOP MOVEL,14680000,14699999,3,0
SP,JARINU,SSOP MOVEL,13240000,13249999,3,49.9
SP,JAU,SSOP MOVEL,17200001,17229999,3,0
SP,JERIQUARA,SSOP MOVEL,14450000,14459999,3,49.9
SP,JOANOPOLIS,SSOP MOVEL,12980000,12989999,3,49.9
SP,JOAO RAMALHO,SSOP MOVEL,19680001,19699999,3,49.9
SP,JOSE BONIFACIO,SSOP MOVEL,15200000,15209999,3,0
SP,JULIO MESQUITA,SSOP MOVEL,17550000,17559999,3,49.9
SP,JUMIRIM,SSOP MOVEL,18535000,18539999,3,0
SP,JUNDIAI,SSOP MOVEL,13200001,13219999,3,49.9
SP,JUNQUEIROPOLIS,SSOP MOVEL,17890000,17899999,3,0
SP,JUQUIA,SSOP MOVEL,11800000,11849999,3,49.9
SP,JUQUITIBA,SSOP MOVEL,6950000,6999999,3,49.9
SP,LAGOINHA,SSOP MOVEL,12130000,12139999,3,49.9
SP,LARANJAL PAULISTA,SSOP MOVEL,18500000,18519999,3,0
SP,LAVINIA,SSOP MOVEL,16850000,16879999,3,49.9
SP,LAVRINHAS,SSOP MOVEL,12760000,12799999,3,49.9
SP,LEME,SSOP MOVEL,13610001,13624999,3,0
SP,LENCOIS PAULISTA,SSOP MOVEL,18680001,18689999,3,0
SP,LIMEIRA,SSOP MOVEL,13480001,13489999,3,0
SP,LINDOIA,SSOP MOVEL,13950000,13959999,3,0
SP,LINS,SSOP MOVEL,16400001,16429999,3,0
SP,LORENA,SSOP MOVEL,12600001,12614999,3,0
SP,LOURDES,SSOP MOVEL,15285000,15289999,3,49.9
SP,LOUVEIRA,SSOP MOVEL,13290001,13294999,3,49.9
SP,LUCELIA,SSOP MOVEL,17780000,17789999,3,0
SP,LUCIANOPOLIS,SSOP MOVEL,17475001,17479999,3,49.9
SP,LUIS ANTONIO,SSOP MOVEL,14210000,14229999,3,49.9
SP,LUIZIANIA,SSOP MOVEL,16340000,16349999,3,49.9
SP,LUPERCIO,SSOP MOVEL,17420001,17429999,3,49.9
SP,LUTECIA,SSOP MOVEL,19750000,19769999,3,49.9
SP,MACATUBA,SSOP MOVEL,17290001,17299999,3,0
SP,MACAUBAL,SSOP MOVEL,15270000,15274999,3,49.9
SP,MACEDONIA,SSOP MOVEL,15620000,15624999,3,49.9
SP,MAGDA,SSOP MOVEL,15310000,15312999,3,49.9
SP,MAIRINQUE,SSOP MOVEL,18120000,18124999,3,0
SP,MANDURI,SSOP MOVEL,18780000,18789999,3,0
SP,MARABA PAULISTA,SSOP MOVEL,19430000,19449999,3,49.9
SP,MARACAI,SSOP MOVEL,19840000,19859999,3,49.9
SP,MARAPOAMA,SSOP MOVEL,15845000,15849999,3,49.9
SP,MARIAPOLIS,SSOP MOVEL,17810000,17829999,3,49.9
SP,MARILIA,SSOP MOVEL,17500001,17539999,3,0
SP,MARINOPOLIS,SSOP MOVEL,15730000,15734999,3,49.9
SP,MARTINOPOLIS,SSOP MOVEL,19500000,19529999,3,49.9
SP,MATAO,SSOP MOVEL,15990001,15999999,3,0
SP,MENDONCA,SSOP MOVEL,15220000,15224999,3,49.9
SP,MERIDIANO,SSOP MOVEL,15625000,15629999,3,49.9
SP,MESOPOLIS,SSOP MOVEL,15748000,15749999,3,49.9
SP,MIGUELOPOLIS,SSOP MOVEL,14530000,14539999,3,49.9
SP,MINEIROS DO TIETE,SSOP MOVEL,17320001,17339999,3,0
SP,MIRA ESTRELA,SSOP MOVEL,15580000,15599999,3,49.9
SP,MIRACATU,SSOP MOVEL,11850000,11899999,3,49.9
SP,MIRANDOPOLIS,SSOP MOVEL,16800000,16849999,3,49.9
SP,MIRANTE DO PARANAPANEMA,SSOP MOVEL,19260000,19270000,3,49.9
SP,MIRASSOL,SSOP MOVEL,15130001,15139999,3,0
SP,MIRASSOLANDIA,SSOP MOVEL,15145000,15149999,3,49.9
SP,MOCOCA,SSOP MOVEL,13730001,13759999,3,0
SP,MOGI GUACU,SSOP MOVEL,13840001,13856999,3,0
SP,MOGI MIRIM,SSOP MOVEL,13800001,13819999,3,0
SP,MOMBUCA,SSOP MOVEL,13375000,13379999,3,49.9
SP,MONCOES,SSOP MOVEL,15275000,15279999,3,49.9
SP,MONGAGUA,SSOP MOVEL,11730000,11739999,3,49.9
SP,MONTE ALEGRE DO SUL,SSOP MOVEL,13820000,13824999,3,49.9
SP,MONTE ALTO,SSOP MOVEL,15910000,15919999,3,0
SP,MONTE APRAZIVEL,SSOP MOVEL,15150000,15154999,3,0
SP,MONTE AZUL PAULISTA,SSOP MOVEL,14730000,14734999,3,0
SP,MONTE CASTELO,SSOP MOVEL,17960000,17969999,3,49.9
SP,MONTE MOR,SSOP MOVEL,13190001,13199999,3,0
SP,MONTEIRO LOBATO,SSOP MOVEL,12250000,12259999,3,49.9
SP,MORRO AGUDO,SSOP MOVEL,14640000,14659999,3,49.9
SP,MORUNGABA,SSOP MOVEL,13260000,13269999,3,49.9
SP,MOTUCA,SSOP MOVEL,14835000,14839999,3,49.9
SP,MURUTINGA DO SUL,SSOP MOVEL,16950000,16979999,3,49.9
SP,NANTES,SSOP MOVEL,19650001,19679999,3,49.9
SP,NARANDIBA,SSOP MOVEL,19220000,19229999,3,49.9
SP,NATIVIDADE DA SERRA,SSOP MOVEL,12180000,12199999,3,49.9
SP,NAZARE PAULISTA,SSOP MOVEL,12960000,12969999,3,49.9
SP,NEVES PAULISTA,SSOP MOVEL,15120000,15129999,3,0
SP,NHANDEARA,SSOP MOVEL,15190000,15199999,3,49.9
SP,NIPOA,SSOP MOVEL,15240000,15249999,3,49.9
SP,NOVA ALIANCA,SSOP MOVEL,15210000,15219999,3,49.9
SP,NOVA CAMPINA,SSOP MOVEL,18435000,18439999,3,49.9
SP,NOVA CANAA PAULISTA,SSOP MOVEL,15773000,15774999,3,49.9
SP,NOVA CASTILHO,SSOP MOVEL,15313000,15314999,3,49.9
SP,NOVA EUROPA,SSOP MOVEL,14920000,14929999,3,49.9
SP,NOVA GRANADA,SSOP MOVEL,15440000,15449999,3,49.9
SP,NOVA GUATAPORANGA,SSOP MOVEL,17950000,17959999,3,49.9
SP,NOVA INDEPENDENCIA,SSOP MOVEL,16940000,16949999,3,49.9
SP,NOVA LUZITANIA,SSOP MOVEL,15340000,15349999,3,49.9
SP,NOVA ODESSA,SSOP MOVEL,13380001,13389999,3,0
SP,NOVAIS,SSOP MOVEL,15885000,15889999,3,49.9
SP,NOVO HORIZONTE,SSOP MOVEL,14960001,14979999,3,0
SP,NUPORANGA,SSOP MOVEL,14670000,14679999,3,49.9
SP,OCAUCU,SSOP MOVEL,17540001,17549999,3,49.9
SP,OLEO,SSOP MOVEL,18790001,18799999,3,49.9
SP,OLIMPIA,SSOP MOVEL,15400001,15409999,3,0
SP,ONDA VERDE,SSOP MOVEL,15450000,15459999,3,49.9
SP,ORIENTE,SSOP MOVEL,17570000,17579999,3,0
SP,ORINDIUVA,SSOP MOVEL,15480000,15489999,3,49.9
SP,ORLANDIA,SSOP MOVEL,14620000,14639999,3,0
SP,OSCAR BRESSANE,SSOP MOVEL,19770001,19779999,3,49.9
SP,OSVALDO CRUZ,SSOP MOVEL,17700000,17709999,3,0
SP,OURINHOS,SSOP MOVEL,19900001,19919999,3,0
SP,OURO VERDE,SSOP MOVEL,17920000,17929999,3,49.9
SP,OUROESTE,SSOP MOVEL,15685000,15689999,3,49.9
SP,PACAEMBU,SSOP MOVEL,17860000,17869999,3,0
SP,PALESTINA,SSOP MOVEL,15470000,15479999,3,49.9
SP,PALMARES PAULISTA,SSOP MOVEL,15828000,15829999,3,49.9
SP,PALMEIRA D OESTE,SSOP MOVEL,15720000,15729999,3,49.9
SP,PALMITAL,SSOP MOVEL,19970001,19989999,3,0
SP,PANORAMA,SSOP MOVEL,17980000,17989999,3,49.9
SP,PARAGUACU PAULISTA,SSOP MOVEL,19700001,19739999,3,0
SP,PARAIBUNA,SSOP MOVEL,12260000,12269999,3,49.9
SP,PARAISO,SSOP MOVEL,15825000,15827999,3,49.9
SP,PARANAPANEMA,SSOP MOVEL,18720000,18729999,3,0
SP,PARANAPUA,SSOP MOVEL,15745000,15747999,3,49.9
SP,PARAPUA,SSOP MOVEL,17730000,17739999,3,49.9
SP,PARDINHO,SSOP MOVEL,18640000,18649999,3,0
SP,PARIQUERA-ACU,SSOP MOVEL,11930000,11939999,3,49.9
SP,PARISI,SSOP MOVEL,15525000,15529999,3,49.9
SP,PATROCINIO PAULISTA,SSOP MOVEL,14415000,14419999,3,49.9
SP,PAULICEIA,SSOP MOVEL,17990000,17999999,3,49.9
SP,PAULINIA,SSOP MOVEL,13140001,13149999,3,49.9
SP,PAULISTANIA,SSOP MOVEL,17150001,17159999,3,49.9
SP,PAULO DE FARIA,SSOP MOVEL,15490000,15494999,3,49.9
SP,PEDERNEIRAS,SSOP MOVEL,17280000,17289999,3,0
SP,PEDRA BELA,SSOP MOVEL,12990000,12994999,3,49.9
SP,PEDRANOPOLIS,SSOP MOVEL,15630000,15639999,3,49.9
SP,PEDREGULHO,SSOP MOVEL,14470000,14489999,3,49.9
SP,PEDREIRA,SSOP MOVEL,13920000,13929999,3,0
SP,PEDRINHAS PAULISTA,SSOP MOVEL,19865000,19869999,3,49.9
SP,PEDRO DE TOLEDO,SSOP MOVEL,11790000,11799999,3,49.9
SP,PENAPOLIS,SSOP MOVEL,16300001,16309999,3,0
SP,PEREIRA BARRETO,SSOP MOVEL,15370001,15379999,3,49.9
SP,PEREIRAS,SSOP MOVEL,18580000,18589999,3,49.9
SP,PERUIBE,SSOP MOVEL,11770000,11789999,3,49.9
SP,PIACATU,SSOP MOVEL,16230000,16239999,3,49.9
SP,PIEDADE,SSOP MOVEL,18170000,18179999,3,0
SP,PILAR DO SUL,SSOP MOVEL,18185000,18189999,3,49.9
SP,PINDAMONHANGABA,SSOP MOVEL,12400001,12449999,3,0
SP,PINDORAMA,SSOP MOVEL,15830000,15839999,3,0
SP,PINHALZINHO,SSOP MOVEL,12995000,12999999,3,49.9
SP,PIQUEROBI,SSOP MOVEL,19410000,19429999,3,49.9
SP,PIQUETE,SSOP MOVEL,12620000,12629999,3,49.9
SP,PIRACAIA,SSOP MOVEL,12970000,12979999,3,0
SP,PIRACICABA,SSOP MOVEL,13400001,13439999,3,0
SP,PIRAJU,SSOP MOVEL,18800001,18829999,3,0
SP,PIRAJUI,SSOP MOVEL,16600001,16639999,3,0
SP,PIRANGI,SSOP MOVEL,15820000,15822999,3,49.9
SP,PIRAPORA DO BOM JESUS,SSOP MOVEL,6550000,6599999,3,49.9
SP,PIRAPOZINHO,SSOP MOVEL,19200000,19209999,3,49.9
SP,PIRASSUNUNGA,SSOP MOVEL,13630001,13649999,3,0
SP,PIRATININGA,SSOP MOVEL,17490001,17499999,3,0
SP,PITANGUEIRAS,SSOP MOVEL,14750000,14764999,3,0
SP,PLANALTO,SSOP MOVEL,15260000,15264999,3,49.9
SP,PLATINA,SSOP MOVEL,19990000,19999999,3,49.9
SP,POLONI,SSOP MOVEL,15160000,15169999,3,49.9
SP,POMPEIA,SSOP MOVEL,17580001,17589999,3,0
SP,PONGAI,SSOP MOVEL,16660001,16669999,3,49.9
SP,PONTAL,SSOP MOVEL,14180000,14199999,3,0
SP,PONTALINDA,SSOP MOVEL,15718000,15719999,3,49.9
SP,PONTES GESTAL,SSOP MOVEL,15560000,15569999,3,49.9
SP,POPULINA,SSOP MOVEL,15670000,15679999,3,49.9
SP,PORANGABA,SSOP MOVEL,18260000,18264999,3,49.9
SP,PORTO FELIZ,SSOP MOVEL,18540001,18549999,3,0
SP,PORTO FERREIRA,SSOP MOVEL,13660001,13669999,3,0
SP,POTIM,SSOP MOVEL,12525001,12529999,3,49.9
SP,POTIRENDABA,SSOP MOVEL,15105000,15107999,3,49.9
SP,PRACINHA,SSOP MOVEL,17790000,17799999,3,49.9
SP,PRADOPOLIS,SSOP MOVEL,14850000,14859999,3,49.9
SP,PRAIA GRANDE,SSOP MOVEL,11700001,11729999,3,49.9
SP,PRATANIA,SSOP MOVEL,18660001,18669999,3,0
SP,PRESIDENTE ALVES,SSOP MOVEL,16670000,16679999,3,49.9
SP,PRESIDENTE BERNARDES,SSOP MOVEL,19300000,19349999,3,49.9
SP,PRESIDENTE EPITACIO,SSOP MOVEL,19470000,19499999,3,49.9
SP,PRESIDENTE PRUDENTE,SSOP MOVEL,19000000,19159999,3,0
SP,PRESIDENTE VENCESLAU,SSOP MOVEL,19400001,19409999,3,49.9
SP,PROMISSAO,SSOP MOVEL,16370000,16399999,3,0
SP,QUADRA,SSOP MOVEL,18255000,18259999,3,49.9
SP,QUATA,SSOP MOVEL,19780001,19799999,3,0
SP,QUEIROZ,SSOP MOVEL,17590000,17599999,3,49.9
SP,QUELUZ,SSOP MOVEL,12800000,12819999,3,49.9
SP,QUINTANA,SSOP MOVEL,17670000,17679999,3,49.9
SP,RAFARD,SSOP MOVEL,13370000,13374999,3,49.9
SP,RANCHARIA,SSOP MOVEL,19600000,19639999,3,49.9
SP,REDENCAO DA SERRA,SSOP MOVEL,12170000,12179999,3,49.9
SP,REGENTE FEIJO,SSOP MOVEL,19570000,19579999,3,49.9
SP,REGINOPOLIS,SSOP MOVEL,17190001,17199999,3,49.9
SP,REGISTRO,SSOP MOVEL,11900000,11909999,3,49.9
SP,RESTINGA,SSOP MOVEL,14430000,14439999,3,49.9
SP,RIBEIRA,SSOP MOVEL,18380000,18384999,3,49.9
SP,RIBEIRAO BONITO,SSOP MOVEL,13580000,13589999,3,0
SP,RIBEIRAO BRANCO,SSOP MOVEL,18430000,18434999,3,49.9
SP,RIBEIRAO CORRENTE,SSOP MOVEL,14445000,14449999,3,49.9
SP,RIBEIRAO DO SUL,SSOP MOVEL,19930000,19939999,3,49.9
SP,RIBEIRAO DOS INDIOS,SSOP MOVEL,19380000,19399999,3,49.9
SP,RIBEIRAO GRANDE,SSOP MOVEL,18315000,18319999,3,49.9
SP,RIBEIRAO PRETO,SSOP MOVEL,14000001,14114999,3,0
SP,RIFAINA,SSOP MOVEL,14490000,14499999,3,49.9
SP,RINCAO,SSOP MOVEL,14830000,14834999,3,49.9
SP,RINOPOLIS,SSOP MOVEL,17740000,17759999,3,49.9
SP,RIO CLARO,SSOP MOVEL,13500001,13509999,3,0
SP,RIO DAS PEDRAS,SSOP MOVEL,13390001,13399999,3,0
SP,RIO GRANDE DA SERRA,SSOP MOVEL,9450000,9499999,3,49.9
SP,RIOLANDIA,SSOP MOVEL,15495000,15499999,3,49.9
SP,RIVERSUL,SSOP MOVEL,18470000,18474999,3,49.9
SP,ROSANA,SSOP MOVEL,19270001,19274999,3,49.9
SP,ROSEIRA,SSOP MOVEL,12580001,12599999,3,49.9
SP,RUBIACEA,SSOP MOVEL,16750000,16789999,3,49.9
SP,RUBINEIA,SSOP MOVEL,15790000,15799999,3,49.9
SP,SABINO,SSOP MOVEL,16440000,16449999,3,49.9
SP,SAGRES,SSOP MOVEL,17710000,17719999,3,49.9
SP,SALES,SSOP MOVEL,14980000,14989999,3,49.9
SP,SALES OLIVEIRA,SSOP MOVEL,14660000,14669999,3,49.9
SP,SALESOPOLIS,SSOP MOVEL,8970000,8999999,3,49.9
SP,SALMOURAO,SSOP MOVEL,17720000,17729999,3,49.9
SP,SALTINHO,SSOP MOVEL,13440001,13444999,3,0
SP,SALTO,SSOP MOVEL,13320001,13329999,3,49.9
SP,SALTO DE PIRAPORA,SSOP MOVEL,18160000,18169999,3,0
SP,SALTO GRANDE,SSOP MOVEL,19920001,19929999,3,49.9
SP,SANDOVALINA,SSOP MOVEL,19250000,19259999,3,49.9
SP,SANTA ADELIA,SSOP MOVEL,15950000,15959999,3,0
SP,SANTA ALBERTINA,SSOP MOVEL,15750000,15754999,3,49.9
SP,SANTA BARBARA D OESTE,SSOP MOVEL,13450001,13464999,3,0
SP,SANTA BRANCA,SSOP MOVEL,12380000,12399999,3,49.9
SP,SANTA CLARA D OESTE,SSOP MOVEL,15785000,15789999,3,49.9
SP,SANTA CRUZ DA CONCEICAO,SSOP MOVEL,13625001,13629999,3,49.9
SP,SANTA CRUZ DA ESPERANCA,SSOP MOVEL,14250000,14259999,3,49.9
SP,SANTA CRUZ DAS PALMEIRAS,SSOP MOVEL,13650001,13659999,3,0
SP,SANTA CRUZ DO RIO PARDO,SSOP MOVEL,18900001,18934999,3,0
SP,SANTA ERNESTINA,SSOP MOVEL,15970000,15979999,3,49.9
SP,SANTA FE DO SUL,SSOP MOVEL,15775000,15779999,3,0
SP,SANTA GERTRUDES,SSOP MOVEL,13510001,13514999,3,0
SP,SANTA ISABEL,SSOP MOVEL,7500000,7599999,3,49.9
SP,SANTA LUCIA,SSOP MOVEL,14825000,14829999,3,49.9
SP,SANTA MARIA DA SERRA,SSOP MOVEL,17370001,17379999,3,49.9
SP,SANTA MERCEDES,SSOP MOVEL,17940000,17949999,3,49.9
SP,SANTA RITA D OESTE,SSOP MOVEL,15780000,15784999,3,49.9
SP,SANTA RITA DO PASSA QUATRO,SSOP MOVEL,13670000,13689999,3,0
SP,SANTA ROSA DE VITERBO,SSOP MOVEL,14270000,14299999,3,49.9
SP,SANTA SALETE,SSOP MOVEL,15768000,15769999,3,49.9
SP,SANTANA DA PONTE PENSA,SSOP MOVEL,15765000,15767999,3,49.9
SP,SANTO ANASTACIO,SSOP MOVEL,19360000,19379999,3,49.9
SP,SANTO ANTONIO DA ALEGRIA,SSOP MOVEL,14390000,14399999,3,49.9
SP,SANTO ANTONIO DE POSSE,SSOP MOVEL,13830001,13834999,3,0
SP,SANTO ANTONIO DO ARACANGUA,SSOP MOVEL,16130000,16199999,3,49.9
SP,SANTO ANTONIO DO JARDIM,SSOP MOVEL,13995000,13999999,3,49.9
SP,SANTO ANTONIO DO PINHAL,SSOP MOVEL,12450000,12459999,3,49.9
SP,SANTO EXPEDITO,SSOP MOVEL,19190000,19199999,3,49.9
SP,SANTOPOLIS DO AGUAPEI,SSOP MOVEL,16240000,16249999,3,49.9
SP,SANTOS,SSOP MOVEL,11000001,11249999,3,49.9
SP,SAO BENTO DO SAPUCAI,SSOP MOVEL,12490000,12499999,3,49.9
SP,SAO CARLOS,SSOP MOVEL,13560001,13579999,3,0
SP,SAO FRANCISCO,SSOP MOVEL,15710000,15712999,3,49.9
SP,SAO JOAO DA BOA VISTA,SSOP MOVEL,13870001,13879999,3,0
SP,SAO JOAO DAS DUAS PONTES,SSOP MOVEL,15640000,15649999,3,49.9
SP,SAO JOAO DE IRACEMA,SSOP MOVEL,15315000,15319999,3,49.9
SP,SAO JOAO DO PAU D ALHO,SSOP MOVEL,17970000,17979999,3,49.9
SP,SAO JOAQUIM DA BARRA,SSOP MOVEL,14600000,14609999,3,0
SP,SAO JOSE DA BELA VISTA,SSOP MOVEL,14440000,14444999,3,49.9
SP,SAO JOSE DO BARREIRO,SSOP MOVEL,12830000,12849999,3,49.9
SP,SAO JOSE DO RIO PARDO,SSOP MOVEL,13720000,13729999,3,0
SP,SAO JOSE DO RIO PRETO,SSOP MOVEL,15000001,15104999,3,0
SP,SAO JOSE DOS CAMPOS,SSOP MOVEL,12200001,12249999,3,0
SP,SAO LOURENCO DA SERRA,SSOP MOVEL,6890000,6899999,3,49.9
SP,SAO LUIZ DO PARAITINGA,SSOP MOVEL,12140000,12169999,3,49.9
SP,SAO MANUEL,SSOP MOVEL,18650001,18659999,3,0
SP,SAO MIGUEL ARCANJO,SSOP MOVEL,18230000,18239999,3,49.9
SP,SAO PEDRO,SSOP MOVEL,13520000,13524999,3,0
SP,SAO PEDRO DO TURVO,SSOP MOVEL,18940001,18949999,3,49.9
SP,SAO ROQUE,SSOP MOVEL,18130001,18146999,3,0
SP,SAO SEBASTIAO,SSOP MOVEL,11600001,11629999,3,49.9
SP,SAO SEBASTIAO DA GRAMA,SSOP MOVEL,13790000,13799999,3,49.9
SP,SAO SIMAO,SSOP MOVEL,14200000,14209999,3,49.9
SP,SAO VICENTE,SSOP MOVEL,11300001,11399999,3,49.9
SP,SARAPUI,SSOP MOVEL,18225000,18229999,3,49.9
SP,SARUTAIA,SSOP MOVEL,18840001,18859999,3,49.9
SP,SEBASTIANOPOLIS DO SUL,SSOP MOVEL,15180000,15189999,3,49.9
SP,SERRA AZUL,SSOP MOVEL,14230000,14239999,3,49.9
SP,SERRA NEGRA,SSOP MOVEL,13930000,13939999,3,0
SP,SERRANA,SSOP MOVEL,14150000,14159999,3,0
SP,SERTAOZINHO,SSOP MOVEL,14160001,14179999,3,0
SP,SETE BARRAS,SSOP MOVEL,11910000,11919999,3,49.9
SP,SEVERINIA,SSOP MOVEL,14735000,14739999,3,49.9
SP,SILVEIRAS,SSOP MOVEL,12690000,12699999,3,49.9
SP,SOCORRO,SSOP MOVEL,13960000,13969999,3,0
SP,SOROCABA,SSOP MOVEL,18000001,18109999,3,49.9
SP,SUD MENNUCCI,SSOP MOVEL,15360000,15369999,3,49.9
SP,SUMARE,SSOP MOVEL,13170001,13182999,3,49.9
SP,SUZANAPOLIS,SSOP MOVEL,15380000,15384999,3,49.9
SP,SUZANO,SSOP MOVEL,8600001,8699999,3,49.9
SP,TABAPUA,SSOP MOVEL,15880000,15884999,3,0
SP,TABATINGA,SSOP MOVEL,14910000,14919999,3,0
SP,TACIBA,SSOP MOVEL,19590000,19599999,3,49.9
SP,TAGUAI,SSOP MOVEL,18890001,18899999,3,0
SP,TAIACU,SSOP MOVEL,14725000,14729999,3,49.9
SP,TAIUVA,SSOP MOVEL,14720000,14724999,3,49.9
SP,TAMBAU,SSOP MOVEL,13710000,13714999,3,0
SP,TANABI,SSOP MOVEL,15170000,15179999,3,0
SP,TAPIRAI,SSOP MOVEL,18180000,18184999,3,49.9
SP,TAPIRATIBA,SSOP MOVEL,13760000,13769999,3,49.9
SP,TAQUARAL,SSOP MOVEL,14765000,14769999,3,49.9
SP,TAQUARITINGA,SSOP MOVEL,15900001,15909999,3,0
SP,TAQUARITUBA,SSOP MOVEL,18740000,18744999,3,0
SP,TAQUARIVAI,SSOP MOVEL,18425000,18429999,3,49.9
SP,TARABAI,SSOP MOVEL,19210000,19219999,3,49.9
SP,TARUMA,SSOP MOVEL,19820000,19829999,3,49.9
SP,TATUI,SSOP MOVEL,18270001,18284999,3,0
SP,TAUBATE,SSOP MOVEL,12000001,12119999,3,0
SP,TEJUPA,SSOP MOVEL,18830001,18839999,3,49.9
SP,TEODORO SAMPAIO,SSOP MOVEL,19280000,19299999,3,49.9
SP,TERRA ROXA,SSOP MOVEL,14745000,14749999,3,49.9
SP,TIETE,SSOP MOVEL,18530000,18534999,3,49.9
SP,TIMBURI,SSOP MOVEL,18860000,18869999,3,49.9
SP,TORRE DE PEDRA,SSOP MOVEL,18265000,18269999,3,49.9
SP,TORRINHA,SSOP MOVEL,17360000,17369999,3,0
SP,TRABIJU,SSOP MOVEL,14935000,14939999,3,49.9
SP,TREMEMBE,SSOP MOVEL,12120001,12129999,3,0
SP,TRES FRONTEIRAS,SSOP MOVEL,15770000,15772999,3,49.9
SP,TUIUTI,SSOP MOVEL,12930000,12934999,3,49.9
SP,TUPA,SSOP MOVEL,17600001,17629999,3,0
SP,TUPI PAULISTA,SSOP MOVEL,17930000,17939999,3,49.9
SP,TURIUBA,SSOP MOVEL,15280000,15284999,3,49.9
SP,TURMALINA,SSOP MOVEL,15755000,15759999,3,49.9
SP,UBARANA,SSOP MOVEL,15225000,15229999,3,49.9
SP,UBATUBA,SSOP MOVEL,11680001,11699999,3,49.9
SP,UBIRAJARA,SSOP MOVEL,17440001,17449999,3,49.9
SP,UCHOA,SSOP MOVEL,15890000,15894999,3,49.9
SP,UNIAO PAULISTA,SSOP MOVEL,15250000,15259999,3,49.9
SP,URANIA,SSOP MOVEL,15760000,15762999,3,49.9
SP,URU,SSOP MOVEL,16650001,16659999,3,49.9
SP,URUPES,SSOP MOVEL,15850000,15859999,3,0
SP,VALENTIM GENTIL,SSOP MOVEL,15520000,15524999,3,0
SP,VALINHOS,SSOP MOVEL,13270001,13279999,3,49.9
SP,VALPARAISO,SSOP MOVEL,16880000,16899999,3,0
SP,VARGEM,SSOP MOVEL,12935000,12939999,3,49.9
SP,VARGEM GRANDE DO SUL,SSOP MOVEL,13880000,13889999,3,0
SP,VARGEM GRANDE PAULISTA,SSOP MOVEL,6730000,6749999,3,49.9
SP,VARZEA PAULISTA,SSOP MOVEL,13220001,13229999,3,49.9
SP,VERA CRUZ,SSOP MOVEL,17560001,17569999,3,0
SP,VINHEDO,SSOP MOVEL,13280001,13289999,3,49.9
SP,VIRADOURO,SSOP MOVEL,14740000,14744999,3,0
SP,VISTA ALEGRE DO ALTO,SSOP MOVEL,15920000,15929999,3,49.9
SP,VITORIA BRASIL,SSOP MOVEL,15713000,15714999,3,49.9
SP,VOTORANTIM,SSOP MOVEL,18110001,18119999,3,0
SP,VOTUPORANGA,SSOP MOVEL,15500001,15519999,3,0
SP,ZACARIAS,SSOP MOVEL,15265000,15269999,3,49.9
DF,AGUAS CLARAS (BRASILIA),PANI,71928720,71985000,4,0
DF,BRASILIA,PANI,70000000,70639999,4,0
DF,BRASILIA,PANI,70700000,70999999,4,0
DF,BRASILIA,PANI,71503511,71503511,4,0
DF,BRASILIA,PANI,71700000,71704999,4,0
DF,BRASILIA,PANI,71731521,71735162,4,0
DF,BRASILIA,PANI,71741005,71799999,4,0
DF,BRAZLANDIA (BRASILIA),PANI,72700000,72799999,4,0
DF,CEILANDIA (BRASILIA),PANI,72200000,72299999,4,0
DF,CRUZEIRO (BRASILIA),PANI,70640000,70699999,4,0
DF,GAMA (BRASILIA),PANI,72400000,72499999,4,0
DF,GUARA (BRASILIA),PANI,71000000,71499999,4,0
DF,LAGO NORTE (BRASILIA),PANI,71500000,71500000,4,0
DF,LAGO SUL (BRASILIA),PANI,71600000,71689999,4,0
DF,NUCLEO BANDEIRANTE (BRASILIA),PANI,71705000,71731520,4,0
DF,PARANOA (BRASILIA),PANI,71570000,71599999,4,0
DF,PARK WAY (BRASILIA),PANI,71735163,71741004,4,0
DF,PLANALTINA (BRASILIA),PANI,73300000,73499999,4,0
DF,RECANTO DAS EMAS (BRASILIA),PANI,72600000,72699999,4,0
DF,RIACHO FUNDO (BRASILIA),PANI,71800000,71899999,4,0
DF,SAMAMBAIA (BRASILIA),PANI,72300000,72399999,4,0
DF,SANTA MARIA (BRASILIA),PANI,72500000,72599999,4,0
DF,SAO SEBASTIAO (BRASILIA),PANI,71690000,71699999,4,0
DF,SOBRADINHO (BRASILIA),PANI,73000000,73299999,4,0
DF,TAGUATINGA (BRASILIA),PANI,71900000,71928719,4,0
DF,TAGUATINGA (BRASILIA),PANI,71985001,72199999,4,0
ES,CARIACICA,RESP,29140001,29159999,4,0
ES,SERRA,RESP,29160001,29184999,4,0
ES,VIANA,RESP,29130001,29139999,4,0
ES,VILA VELHA,RESP,29100001,29129999,4,0
ES,VITORIA,RESP,29000001,29099999,4,0
MG,ARAGUARI,GRFI,38440001,38459999,4,0
MG,CAETE,GRFI,34800000,34989999,4,0
MG,CONFINS,GRFI,33500000,33599999,4,0
MG,CONGONHAS,GRFI,36410001,36419999,4,0
MG,JOAO MONLEVADE,GRFI,35930001,35934999,4,0
MG,MATEUS LEME,GRFI,35670000,35674999,4,0
MG,MATOZINHOS,GRFI,35720000,35729999,4,0
MG,OURO BRANCO,GRFI,36490001,36499999,4,0
MG,PEDRO LEOPOLDO,GRFI,33250001,33259999,4,0
MG,SANTA BARBARA,GRFI,35960000,35968999,4,0
MG,SETE LAGOAS,GRFI,35700001,35719999,4,0
MG,UBERABA,GRFI,38000001,38107999,4,0
MG,UBERLANDIA,GRFI,38400001,38439999,4,0
MG,BELO HORIZONTE,RBHP,30000001,31999999,4,0
MG,BETIM,RBHP,32600001,32699999,4,0
MG,CONTAGEM,RBHP,32000001,32399999,4,0
MG,IBIRITE,RBHR,32400001,32449999,4,0
MG,LAGOA SANTA,RBHR,33230001,33249999,4,0
MG,NOVA LIMA,RBHR,34000001,34019999,4,0
MG,RIBEIRAO DAS NEVES,RBHR,33800001,33979999,4,0
MG,SABARA,RBHR,34500001,34799999,4,0
MG,SANTA LUZIA,RBHR,33000001,33199999,4,0
MG,SAO JOSE DA LAPA,RBHR,33350000,33399999,4,0
MG,SARZEDO,RBHR,32450000,32469999,4,0
MG,VESPASIANO,RBHR,33200001,33229999,4,0
MS,CAMPO GRANDE,RMSP,79000001,79129999,4,0
PR,NOVA ESPERANCA DO SUDOESTE,APUI,85635000,85639999,4,0
PR,TERRA ROXA,APUI,85990000,85997999,4,91
PR,ALMIRANTE TAMANDARE,CWBI,83500001,83534999,4,0
PR,ARAUCARIA,CWBI,83700001,83729999,4,0
PR,CAMPINA GRANDE DO SUL,CWBI,83430000,83449999,4,0
PR,CAMPO LARGO,CWBI,83600001,83649999,4,0
PR,CAMPO MAGRO,CWBI,83535000,83539999,4,104
PR,COLOMBO,CWBI,83400001,83419999,4,0
PR,CURITIBA,CWBI,80000001,82999999,4,0
PR,FAZENDA RIO GRANDE,CWBI,83820001,83839999,4,0
PR,PINHAIS,CWBI,83320001,83349999,4,0
PR,PIRAQUARA,CWBI,83300001,83319999,4,0
PR,QUATRO BARRAS,CWBI,83420000,83429999,4,0
PR,SAO JOSE DOS PINHAIS,CWBI,83000001,83189999,4,0
PR,ABATIA,LDAI,86460000,86464999,4,0
PR,ADRIANOPOLIS,LDAI,83490000,83499999,4,26
PR,AGUDOS DO SUL,LDAI,83850000,83859999,4,39
PR,ANDIRA,LDAI,86380000,86384999,4,0
PR,ANTONINA,LDAI,83370000,83389999,4,91
PR,ASSAI,LDAI,86220000,86224999,4,0
PR,BALSA NOVA,LDAI,83650000,83699999,4,0
PR,BANDEIRANTES,LDAI,86360000,86369999,4,0
PR,BARRA DO JACARE,LDAI,86385000,86389999,4,0
PR,BOCAIUVA DO SUL,LDAI,83450000,83479999,4,91
PR,CAMBARA,LDAI,86390000,86399999,4,0
PR,CAMBE,LDAI,86180001,86199999,4,0
PR,CAMPO DO TENENTE,LDAI,83870000,83879999,4,39
PR,CARLOPOLIS,LDAI,86420000,86429999,4,0
PR,CERRO AZUL,LDAI,83570000,83589999,4,39
PR,CONGONHINHAS,LDAI,86320000,86329999,4,0
PR,CONSELHEIRO MAIRINCK,LDAI,86480000,86489999,4,0
PR,CONTENDA,LDAI,83730000,83749999,4,39
PR,CORNELIO PROCOPIO,LDAI,86300000,86309999,4,91
PR,CURIUVA,LDAI,84280000,84284999,4,65
PR,DOUTOR ULYSSES,LDAI,83590000,83599999,4,39
PR,FIGUEIRA,LDAI,84285000,84289999,4,104
PR,GUAPIRAMA,LDAI,86465000,86469999,4,0
PR,GUARATUBA,LDAI,83280000,83299999,4,91
PR,IBAITI,LDAI,84900000,84919999,4,0
PR,IBIPORA,LDAI,86200000,86209999,4,0
PR,ITAMBARACA,LDAI,86375000,86379999,4,0
PR,ITAPERUCU,LDAI,83560000,83569999,4,39
PR,JABOTI,LDAI,84930000,84934999,4,0
PR,JACAREZINHO,LDAI,86400000,86409999,4,0
PR,JAPIRA,LDAI,84920000,84924999,4,0
PR,JATAIZINHO,LDAI,86210000,86219999,4,91
PR,JOAQUIM TAVORA,LDAI,86455000,86459999,4,0
PR,JUNDIAI DO SUL,LDAI,86470000,86479999,4,0
PR,LAPA,LDAI,83750000,83799999,4,39
PR,LEOPOLIS,LDAI,86330000,86339999,4,0
PR,LONDRINA,LDAI,86000001,86124999,4,0
PR,MANDIRITUBA,LDAI,83800000,83819999,4,39
PR,MATINHOS,LDAI,83260000,83279999,4,91
PR,MORRETES,LDAI,83350000,83369999,4,91
PR,NOVA AMERICA DA COLINA,LDAI,86230000,86239999,4,0
PR,NOVA FATIMA,LDAI,86310000,86314999,4,0
PR,NOVA SANTA BARBARA,LDAI,86250000,86269999,4,104
PR,PARANAGUA,LDAI,83200001,83254999,4,91
PR,PIEN,LDAI,83860000,83869999,4,39
PR,PINHALAO,LDAI,84925000,84929999,4,0
PR,PONTAL DO PARANA,LDAI,83255000,83259999,4,78
PR,QUATIGUA,LDAI,86450000,86454999,4,0
PR,QUITANDINHA,LDAI,83840000,83849999,4,39
PR,RANCHO ALEGRE,LDAI,86290000,86299999,4,0
PR,RIBEIRAO CLARO,LDAI,86410000,86419999,4,0
PR,RIBEIRAO DO PINHAL,LDAI,86490000,86599999,4,0
PR,RIO BRANCO DO SUL,LDAI,83540000,83559999,4,39
PR,RIO NEGRO,LDAI,83880000,83899999,4,39
PR,ROLANDIA,LDAI,86600001,86609999,4,0
PR,SANTA AMELIA,LDAI,86370000,86374999,4,0
PR,SANTA CECILIA DO PAVAO,LDAI,86225000,86229999,4,104
PR,SANTA MARIANA,LDAI,86350000,86359999,4,0
PR,SANTANA DO ITARARE,LDAI,84970000,84979999,4,91
PR,SANTO ANTONIO DA PLATINA,LDAI,86430000,86449999,4,0
PR,SANTO ANTONIO DO PARAISO,LDAI,86315000,86319999,4,65
PR,SAO JERONIMO DA SERRA,LDAI,86270000,86279999,4,104
PR,SAO JOSE DA BOA VISTA,LDAI,84980000,84989999,4,65
PR,SAO SEBASTIAO DA AMOREIRA,LDAI,86240000,86249999,4,0
PR,SAPOPEMA,LDAI,84290000,84299999,4,65
PR,SERTANEJA,LDAI,86340000,86349999,4,105
PR,SIQUEIRA CAMPOS,LDAI,84940000,84944999,4,39
PR,TIJUCAS DO SUL,LDAI,83190000,83199999,4,39
PR,TOMAZINA,LDAI,84935000,84939999,4,85
PR,TUNAS DO PARANA,LDAI,83480000,83489999,4,39
PR,URAI,LDAI,86280000,86289999,4,0
PR,WENCESLAU BRAZ,LDAI,84950000,84969999,4,39
PR,ALTO PARAISO,MGAI,87528000,87529999,4,91
PR,ALTO PARANA,MGAI,87750000,87759999,4,182
PR,ALTO PIQUIRI,MGAI,87580000,87594999,4,91
PR,ALTONIA,MGAI,87550000,87554999,4,0
PR,AMAPORA,MGAI,87850000,87859999,4,156
PR,ANGULO,MGAI,86755000,86759999,4,91
PR,ARARUNA,MGAI,87260000,87264999,4,0
PR,ATALAIA,MGAI,87630000,87639999,4,0
PR,BRASILANDIA DO SUL,MGAI,87595000,87599999,4,91
PR,CAFEZAL DO SUL,MGAI,87565000,87569999,4,0
PR,CAMPO MOURAO,MGAI,87300001,87319999,4,0
PR,CIANORTE,MGAI,87200001,87214999,4,0
PR,CIDADE GAUCHA,MGAI,87820000,87829999,4,91
PR,CRUZEIRO DO OESTE,MGAI,87400000,87429999,4,0
PR,DIAMANTE DO NORTE,MGAI,87990000,87999999,4,156
PR,DOURADINA,MGAI,87485000,87489999,4,0
PR,DOUTOR CAMARGO,MGAI,87155000,87159999,4,55
PR,ENGENHEIRO BELTRAO,MGAI,87270000,87279999,4,0
PR,ESPERANCA NOVA,MGAI,87545000,87549999,4,91
PR,FLORAI,MGAI,87185000,87189999,4,91
PR,FLORESTA,MGAI,87120000,87129999,4,91
PR,FRANCISCO ALVES,MGAI,87570000,87579999,4,91
PR,GUAIRA,MGAI,85980000,85987999,4,91
PR,GUAIRACA,MGAI,87880000,87889999,4,0
PR,GUAPOREMA,MGAI,87810000,87819999,4,169
PR,ICARAIMA,MGAI,87530000,87534999,4,91
PR,IGUARACU,MGAI,86750000,86754999,4,91
PR,INDIANOPOLIS,MGAI,87235000,87239999,4,0
PR,IPORA,MGAI,87560000,87564999,4,0
PR,ITAMBE,MGAI,87175000,87179999,4,91
PR,ITAUNA DO SUL,MGAI,87980000,87989999,4,156
PR,IVATE,MGAI,87525000,87527999,4,91
PR,JAPURA,MGAI,87225000,87229999,4,0
PR,JUSSARA,MGAI,87230000,87234999,4,0
PR,LOANDA,MGAI,87900000,87909999,4,0
PR,MANDAGUACU,MGAI,87160000,87169999,4,0
PR,MARIA HELENA,MGAI,87480000,87484999,4,0
PR,MARIALVA,MGAI,86990000,86999999,4,0
PR,MARILENA,MGAI,87960000,87969999,4,117
PR,MARILUZ,MGAI,87470000,87479999,4,85
PR,MARINGA,MGAI,87000001,87109999,4,0
PR,MOREIRA SALES,MGAI,87370000,87379999,4,91
PR,NOVA ESPERANCA,MGAI,87600000,87629999,4,91
PR,NOVA LONDRINA,MGAI,87970000,87979999,4,91
PR,OURIZONA,MGAI,87170000,87174999,4,91
PR,PAICANDU,MGAI,87140000,87154999,4,0
PR,PARAISO DO NORTE,MGAI,87780000,87789999,4,65
PR,PARANAVAI,MGAI,87700001,87729999,4,0
PR,PEABIRU,MGAI,87250000,87259999,4,0
PR,PEROBAL,MGAI,87538000,87539999,4,0
PR,PEROLA,MGAI,87540000,87544999,4,0
PR,PLANALTINA DO PARANA,MGAI,87860000,87879999,4,130
PR,PORTO RICO,MGAI,87950000,87954999,4,91
PR,PRESIDENTE CASTELO BRANCO,MGAI,87180000,87184999,4,91
PR,QUERENCIA DO NORTE,MGAI,87930000,87949999,4,91
PR,RONDON,MGAI,87800000,87809999,4,0
PR,SANTA CRUZ DE MONTE CASTELO,MGAI,87920000,87929999,4,104
PR,SANTA ISABEL DO IVAI,MGAI,87910000,87914999,4,91
PR,SANTA MONICA,MGAI,87915000,87919999,4,156
PR,SAO CARLOS DO IVAI,MGAI,87770000,87779999,4,91
PR,SAO JORGE DO IVAI,MGAI,87190000,87199999,4,91
PR,SAO JORGE DO PATROCINIO,MGAI,87555000,87559999,4,91
PR,SAO MANOEL DO PARANA,MGAI,87215000,87219999,4,169
PR,SAO PEDRO DO PARANA,MGAI,87955000,87959999,4,91
PR,SAO TOME,MGAI,87220000,87224999,4,0
PR,SARANDI,MGAI,87110001,87119999,4,0
PR,TAMBOARA,MGAI,87760000,87769999,4,91
PR,TAPEJARA,MGAI,87430000,87449999,4,0
PR,TAPIRA,MGAI,87830000,87839999,4,91
PR,TERRA BOA,MGAI,87240000,87249999,4,0
PR,TERRA RICA,MGAI,87890000,87899999,4,130
PR,TUNEIRAS DO OESTE,MGAI,87450000,87469999,4,91
PR,UMUARAMA,MGAI,87500001,87524999,4,0
PR,XAMBRE,MGAI,87535000,87537999,4,0
SC,BLUMENAU,BLUP,89000001,89079999,4,0
SC,BOTUVERA,BLUP,88295000,88299999,4,26.67
SC,BRUSQUE,BLUP,88350001,88359999,4,0
SC,GASPAR,BLUP,89110001,89119999,4,0
SC,GUABIRUBA,BLUP,88360000,88369999,4,26.67
SC,ARARANGUA,CRIP,88900001,88913999,4,0
SC,BALNEARIO ARROIO DO SILVA,CRIP,88914000,88914999,4,0
SC,BALNEARIO GAIVOTA,CRIP,88955000,88959999,4,0
SC,BALNEARIO RINCAO,CRIP,88836000,88836999,4,0
SC,COCAL DO SUL,CRIP,88845000,88849999,4,0
SC,CRICIUMA,CRIP,88800001,88819999,4,0
SC,ERMO,CRIP,88935000,88939999,4,0
SC,FORQUILHINHA,CRIP,88850000,88859999,4,0
SC,ICARA,CRIP,88820000,88835999,4,0
SC,JACINTO MACHADO,CRIP,88950000,88954999,4,0
SC,LAURO MULLER,CRIP,88880000,88889999,4,0
SC,MARACAJA,CRIP,88915000,88919999,4,0
SC,MELEIRO,CRIP,88920000,88924999,4,0
SC,MORRO DA FUMACA,CRIP,88837000,88839999,4,0
SC,MORRO GRANDE,CRIP,88925000,88929999,4,0
SC,NOVA VENEZA,CRIP,88865000,88869999,4,0
SC,ORLEANS,CRIP,88870000,88879999,4,0
SC,PASSO DE TORRES,CRIP,88980000,88989999,4,66.67
SC,PRAIA GRANDE,CRIP,88990000,88999999,4,66.67
SC,SANTA ROSA DO SUL,CRIP,88965000,88969999,4,0
SC,SAO JOAO DO SUL,CRIP,88970000,88979999,4,0
SC,SIDEROPOLIS,CRIP,88860000,88861999,4,0
SC,SOMBRIO,CRIP,88960000,88964999,4,0
SC,TIMBE DO SUL,CRIP,88940000,88949999,4,66.67
SC,TREVISO,CRIP,88862000,88864999,4,66.67
SC,TURVO,CRIP,88930000,88934999,4,0
SC,URUSSANGA,CRIP,88840000,88844999,4,0
SP,ILHABELA,SSOP,11630000,11659999,4,102
SP,ILHABELA,SSOP MOVEL,11630000,11659999,4,102
MA,CANDIDO MENDES,RMAI,65280000,65282999,5,0
MG,ESPIRITO SANTO DO DOURADO,GRFI,37566000,37566999,5,195
MG,EXTREMA,GRFI,37640000,37649999,5,39
MG,FAMA,GRFI,37144000,37144999,5,195
MG,GONCALVES,GRFI,37680000,37689999,5,195
MG,HELIODORA,GRFI,37484000,37484999,5,0
MG,ITAMONTE,GRFI,37466000,37466999,5,0
MG,ITANHANDU,GRFI,37464000,37464999,5,0
MG,ITAPEVA,GRFI,37655000,37659999,5,0
MG,JACUTINGA,GRFI,37590000,37595999,5,0
MG,JESUANIA,GRFI,37485000,37487999,5,286
MG,LAMBARI,GRFI,37480000,37483999,5,0
MG,LAVRAS,GRFI,37200001,37209999,5,0
MG,MACHADO,GRFI,37750000,37756999,5,0
MG,MONSENHOR PAULO,GRFI,37405000,37406999,5,0
MT,CUIABA,PANR,78000001,78109999,5,0
BA,CAMACARI,RBAP,42800001,42849999,6,0
BA,DIAS D AVILA,RBAP,42850000,43699999,6,0
BA,SALVADOR,RBAP,40000001,42599999,6,0
BA,SIMOES FILHO,RBAP,43700000,43799999,6,0
ES,ALFREDO CHAVES,RESI,29240000,29254999,6,0
ES,ANCHIETA,RESI,29230000,29239999,6,0
ES,ARACRUZ,RESI,29190001,29199999,6,0
ES,CACHOEIRO DE ITAPEMIRIM,RESI,29300001,29329999,6,0
ES,COLATINA,RESI,29700001,29719999,6,0
ES,DOMINGOS MARTINS,RESI,29260000,29279999,6,0
ES,FUNDAO,RESI,29185000,29189999,6,0
ES,GUARAPARI,RESI,29200001,29229999,6,0
ES,IBIRACU,RESI,29670000,29679999,6,0
ES,ICONHA,RESI,29280000,29284999,6,0
ES,ITAPEMIRIM,RESI,29330000,29344999,6,0
ES,JOAO NEIVA,RESI,29680000,29689999,6,0
ES,LINHARES,RESI,29900001,29919999,6,0
ES,MARATAIZES,RESI,29345000,29349999,6,0
ES,MARECHAL FLORIANO,RESI,29255000,29259999,6,0
ES,PIUMA,RESI,29285000,29289999,6,0
ES,SAO DOMINGOS DO NORTE,RESI,29745000,29749999,6,0
MG,CONCEICAO DOS OUROS,GRFI,37548000,37548999,6,0
MG,CRISTINA,GRFI,37476000,37477999,6,143
MG,DELFIM MOREIRA,GRFI,37514000,37515999,6,195
MG,DIVISA NOVA,GRFI,37142000,37142999,6,0
MG,DOM VICOSO,GRFI,37474000,37475999,6,195
MG,ELOI MENDES,GRFI,37110000,37114999,6,195
PR,SANTO ANTONIO DO SUDOESTE,APUI,85710000,85714999,6,0
RJ,AREAL,BMAI,25845000,25849999,6,0
RJ,COMENDADOR LEVY GASPARIAN,BMAI,25870000,25879999,6,0
RJ,JAPERI,BMAI,26400001,26499999,6,0
RJ,MANGARATIBA,BMAI,23860000,23889999,6,0
RJ,MENDES,BMAI,26700000,26899999,6,0
RJ,MIGUEL PEREIRA,BMAI,26900000,26949999,6,0
RJ,PARACAMBI,BMAI,26600000,26649999,6,0
RJ,PARAIBA DO SUL,BMAI,25850000,25869999,6,0
RJ,PARATY,BMAI,23970000,23999999,6,0
RJ,PATY DO ALFERES,BMAI,26950000,26999999,6,0
RJ,QUEIMADOS,BMAI,26300001,26399999,6,0
RJ,RIO CLARO,BMAI,27460000,27499999,6,0
RJ,RIO DAS FLORES,BMAI,27660000,27699999,6,0
RJ,VASSOURAS,BMAI,27700000,27899999,6,0
RJ,APERIBE,GOYI,28495000,28499999,6,0
RJ,BOM JESUS DO ITABAPOANA,GOYI,28360000,28374999,6,0
RJ,CAMBUCI,GOYI,28430000,28454999,6,0
RJ,CARAPEBUS,GOYI,27998000,27999999,6,0
RJ,CARDOSO MOREIRA,GOYI,28180000,28199999,6,0
RJ,CONCEICAO DE MACABU,GOYI,28740000,28749999,6,0
RJ,ITALVA,GOYI,28250000,28299999,6,0
RJ,ITAOCARA,GOYI,28570000,28599999,6,0
RJ,LAJE DO MURIAE,GOYI,28350000,28359999,6,0
RJ,MIRACEMA,GOYI,28460000,28469999,6,0
RJ,NATIVIDADE,GOYI,28380000,28389999,6,0
RJ,PORCIUNCULA,GOYI,28390000,28399999,6,0
RJ,QUISSAMA,GOYI,28735000,28739999,6,0
RJ,SANTO ANTONIO DE PADUA,GOYI,28470000,28494999,6,0
RJ,SAO FIDELIS,GOYI,28400000,28429999,6,0
RJ,SAO JOSE DE UBA,GOYI,28455000,28459999,6,0
RJ,VARRE-SAI,GOYI,28375000,28379999,6,0
RJ,ARMACAO DOS BUZIOS,LAGI,28950001,28959999,6,0
RJ,ARRAIAL DO CABO,LAGI,28930000,28939999,6,0
RJ,CASIMIRO DE ABREU,LAGI,28860000,28889999,6,0
RJ,IGUABA GRANDE,LAGI,28960000,28969999,6,0
RJ,SILVA JARDIM,LAGI,28820000,28859999,6,0
RJ,TANGUA,LAGI,24890000,24899999,6,0
RJ,SAO JOSE DO VALE DO RIO PRETO,UNIP,25780000,25799999,6,0
RJ,SAO SEBASTIAO DO ALTO,UNIP,28550000,28569999,6,0
SC,BALNEARIO CAMBORIU,ITJP,88330001,88339999,6,13.33
SC,BALNEARIO PICARRAS,ITJP,88380000,88384999,6,13.33
SC,BARRA VELHA,ITJP,88390000,88394999,6,0
SC,BOMBINHAS,ITJP,88215000,88219999,6,33.33
SC,CAMBORIU,ITJP,88340001,88349999,6,0
SC,ILHOTA,ITJP,88320000,88329999,6,0
SC,ITAJAI,ITJP,88300001,88319999,6,0
SC,ITAPEMA,ITJP,88220000,88229999,6,13.33
SC,LUIZ ALVES,ITJP,89128000,89133999,6,0
SC,NAVEGANTES,ITJP,88370001,88379999,6,0
SC,PENHA,ITJP,88385000,88389999,6,13.33
SC,PORTO BELO,ITJP,88210000,88214999,6,0
SC,SAO JOAO DO ITAPERIU,ITJP,88395000,88399999,6,0
SC,APIUNA,JOAP,89135000,89135999,6,0
SC,ASCURRA,JOAP,89138000,89139999,6,0
SC,BENEDITO NOVO,JOAP,89124000,89125999,6,0
SC,DOUTOR PEDRINHO,JOAP,89126000,89127999,6,66.67
SC,INDAIAL,JOAP,89080001,89089999,6,0
SC,POMERODE,JOAP,89107000,89107999,6,0
SC,POMERODE,JOAP,89355000,89359999,6,0
SC,RIO DOS CEDROS,JOAP,89121000,89123999,6,0
SC,RODEIO,JOAP,89136000,89137999,6,0
SC,TIMBO,JOAP,89090000,89099999,6,0
SC,TIMBO,JOAP,89120000,89120999,6,0
SC,CORUPA,JRSP,89278000,89278000,6,0
SC,CORUPA,JRSP,89390000,89393999,6,0
SC,GUARAMIRIM,JRSP,89270000,89274999,6,0
SC,GUARAMIRIM,JRSP,89275001,89277999,6,0
SC,GUARAMIRIM,JRSP,89279000,89279999,6,0
SC,JARAGUA DO SUL,JRSP,89250001,89269999,6,0
SC,MASSARANDUBA,JRSP,89108000,89108000,6,0
SC,SCHROEDER,JRSP,89275000,89275000,6,0
SC,SCHROEDER,JRSP,89384001,89389999,6,0
SC,ARAQUARI,JVLP,89245000,89246999,6,0
SC,BALNEARIO BARRA DO SUL,JVLP,89247000,89247999,6,0
SC,GARUVA,JVLP,89248000,89248999,6,0
SC,ITAPOA,JVLP,89360000,89369999,6,40
SC,JOINVILLE,JVLP,89200001,89239999,6,0
SC,SAO FRANCISCO DO SUL,JVLP,89240000,89244999,6,0
SC,SAO FRANCISCO DO SUL,JVLP,89330000,89339999,6,0
SC,ABDON BATISTA,LGSP,89636000,89637999,6,333.33
SC,ALFREDO WAGNER,LGSP,88450000,88459999,6,40
SC,ANITA GARIBALDI,LGSP,88590000,88597999,6,0
SC,BOCAINA DO SUL,LGSP,88538000,88539999,6,0
SC,BOM JARDIM DA SERRA,LGSP,88640000,88649999,6,266.67
SC,BOM RETIRO,LGSP,88680000,88699999,6,40
SC,BRUNOPOLIS,LGSP,89634000,89635999,6,80
SC,CAMPO BELO DO SUL,LGSP,88580000,88584999,6,0
SC,CAPAO ALTO,LGSP,88548000,88549999,6,0
SC,CERRO NEGRO,LGSP,88585000,88589999,6,0
SC,CORREIA PINTO,LGSP,88535000,88537999,6,0
SC,CURITIBANOS,LGSP,89520000,89529999,6,0
SC,FREI ROGERIO,LGSP,89530000,89532999,6,80
SC,LAGES,LGSP,88500001,88534999,6,0
SC,OTACILIO COSTA,LGSP,88540000,88542999,6,0
SC,PAINEL,LGSP,88543000,88544999,6,0
SC,PALMEIRA,LGSP,88545000,88547999,6,0
SC,PONTE ALTA,LGSP,88550000,88569999,6,0
SC,PONTE ALTA DO NORTE,LGSP,89535000,89539999,6,0
SC,RIO RUFINO,LGSP,88658000,88679999,6,80
SC,SAO CRISTOVAO DO SUL,LGSP,89533000,89534999,6,0
SC,SAO JOAQUIM,LGSP,88600000,88624999,6,0
SC,SAO JOSE DO CERRITO,LGSP,88570000,88579999,6,0
SC,URUBICI,LGSP,88650000,88657999,6,40
SC,URUPEMA,LGSP,88625000,88639999,6,80
SC,AGROLANDIA,RDSP,88420000,88429999,6,0
SC,AGRONOMICA,RDSP,89188000,89189999,6,0
SC,ATALANTA,RDSP,88410000,88419999,6,106.67
SC,AURORA,RDSP,89186000,89187999,6,0
SC,BRACO DO TROMBUDO,RDSP,89178000,89179999,6,0
SC,CHAPADAO DO LAGEADO,RDSP,88407000,88409999,6,106.67
SC,DONA EMMA,RDSP,89155000,89156999,6,0
SC,IBIRAMA,RDSP,89140000,89144999,6,0
SC,IMBUIA,RDSP,88440000,88442999,6,106.67
SC,ITUPORANGA,RDSP,88400000,88406999,6,0
SC,JOSE BOITEUX,RDSP,89145000,89147999,6,106.67
SC,LAURENTINO,RDSP,89170000,89171999,6,0
SC,LEOBERTO LEAL,RDSP,88445000,88449999,6,120
SC,LONTRAS,RDSP,89182000,89183999,6,0
SC,MIRIM DOCE,RDSP,89194000,89195999,6,106.67
SC,PETROLANDIA,RDSP,88430000,88439999,6,106.67
SC,POUSO REDONDO,RDSP,89172000,89175999,6,0
SC,PRESIDENTE GETULIO,RDSP,89150000,89154999,6,0
SC,PRESIDENTE NEREU,RDSP,89184000,89185999,6,106.67
SC,RIO DO CAMPO,RDSP,89198000,89198999,6,133.33
SC,RIO DO OESTE,RDSP,89180000,89181999,6,0
SC,RIO DO SUL,RDSP,89160001,89169999,6,0
SC,SALETE,RDSP,89196000,89197999,6,0
SC,SANTA TEREZINHA,RDSP,89199000,89199999,6,133.33
SC,TAIO,RDSP,89190000,89193999,6,0
SC,TROMBUDO CENTRAL,RDSP,89176000,89177999,6,0
SC,VIDAL RAMOS,RDSP,88443000,88444999,6,106.67
SC,VITOR MEIRELES,RDSP,89148000,89149999,6,106.67
SC,WITMARSUM,RDSP,89157000,89159999,6,106.67
SC,BELA VISTA DO TOLDO,SBSP,89478000,89479999,6,213.33
SC,CAMPO ALEGRE,SBSP,89294000,89294999,6,0
SC,CANOINHAS,SBSP,89460001,89477999,6,0
SC,IRINEOPOLIS,SBSP,89440000,89459999,6,213.33
SC,ITAIOPOLIS,SBSP,89340000,89354999,6,0
SC,MAFRA,SBSP,89300001,89329999,6,0
SC,MAJOR VIEIRA,SBSP,89480000,89489999,6,0
SC,MONTE CASTELO,SBSP,89394000,89399999,6,120
SC,PAPANDUVA,SBSP,89370000,89379999,6,0
SC,PORTO UNIAO,SBSP,89400000,89419999,6,80
SC,RIO NEGRINHO,SBSP,89295000,89299999,6,0
SC,SAO BENTO DO SUL,SBSP,89280001,89293999,6,0
SC,TRES BARRAS,SBSP,89490000,89499999,6,0
SC,ARMAZEM,TUBP,88740000,88744999,6,0
SC,BRACO DO NORTE,TUBP,88750000,88759999,6,0
SC,CAPIVARI DE BAIXO,TUBP,88745000,88749999,6,0
SC,GAROPABA,TUBP,88495000,88499999,6,0
SC,GRAO PARA,TUBP,88890000,88899999,6,0
SC,GRAVATAL,TUBP,88735000,88739999,6,0
SC,IMARUI,TUBP,88770000,88779999,6,40
SC,IMBITUBA,TUBP,88780000,88789999,6,0
SC,JAGUARUNA,TUBP,88715000,88716999,6,0
SC,LAGUNA,TUBP,88790000,88797999,6,0
SC,PAULO LOPES,TUBP,88490000,88494999,6,0
SC,PEDRAS GRANDES,TUBP,88720000,88729999,6,0
SC,PESCARIA BRAVA,TUBP,88798000,88799999,6,0
SC,RIO FORTUNA,TUBP,88760000,88762999,6,0
SC,SANGAO,TUBP,88717000,88719999,6,0
SC,SANTA ROSA DE LIMA,TUBP,88763000,88764999,6,40
SC,SAO LUDGERO,TUBP,88730000,88734999,6,0
SC,SAO MARTINHO,TUBP,88765000,88769999,6,40
SC,TREZE DE MAIO,TUBP,88710000,88714999,6,0
SC,TUBARAO,TUBP,88700001,88709999,6,0
TO,PALMAS,RTOP,77000000,77299999,6,0
CE,AQUIRAZ,RCEP,61700000,61759999,7,0
CE,CAUCAIA,RCEP,61600001,61699999,7,0
CE,CHOROZINHO,RCEP,62875000,62879999,7,0
CE,EUSEBIO,RCEP,61760001,61799999,7,0
CE,FORTALEZA,RCEP,60000001,61599999,7,0
CE,HORIZONTE,RCEP,62880001,62899999,7,0
CE,ITAITINGA,RCEP,61880000,61889999,7,0
CE,MARACANAU,RCEP,61900001,61939999,7,0
CE,MARANGUAPE,RCEP,61940001,61999999,7,0
CE,OCARA,RCEP,62755000,62759999,7,0
CE,PACAJUS,RCEP,62870000,62874999,7,0
CE,PACATUBA,RCEP,61800001,61879999,7,0
CE,PINDORETAMA,RCEP,62860000,62869999,7,0
ES,AFONSO CLAUDIO,ATLI,29600000,29614999,7,0
ES,AGUA DOCE DO NORTE,ATLI,29820000,29829999,7,0
ES,AGUIA BRANCA,ATLI,29795000,29799999,7,0
ES,ALEGRE,ATLI,29500000,29539999,7,0
ES,ALTO RIO NOVO,ATLI,29760000,29769999,7,0
ES,APIACA,ATLI,29450000,29459999,7,0
ES,ATILIO VIVACQUA,ATLI,29490000,29499999,7,0
ES,BAIXO GUANDU,ATLI,29730000,29744999,7,0
ES,BARRA DE SAO FRANCISCO,ATLI,29800000,29819999,7,0
ES,BOA ESPERANCA,ATLI,29845000,29849999,7,0
ES,BOM JESUS DO NORTE,ATLI,29460000,29469999,7,0
ES,BREJETUBA,ATLI,29630000,29639999,7,0
ES,CASTELO,ATLI,29360000,29369999,7,0
ES,CONCEICAO DA BARRA,ATLI,29960000,29969999,7,0
ES,CONCEICAO DO CASTELO,ATLI,29370000,29374999,7,0
ES,DIVINO DE SAO LOURENCO,ATLI,29590000,29599999,7,0
ES,DORES DO RIO PRETO,ATLI,29580000,29589999,7,0
ES,ECOPORANGA,ATLI,29850000,29879999,7,0
ES,GOVERNADOR LINDENBERG,ATLI,29720000,29724999,7,0
ES,GUACUI,ATLI,29560000,29579999,7,0
ES,IBATIBA,ATLI,29395000,29397999,7,0
ES,IBITIRAMA,ATLI,29540000,29549999,7,0
ES,IRUPI,ATLI,29398000,29399999,7,0
ES,ITAGUACU,ATLI,29690000,29699999,7,0
ES,ITARANA,ATLI,29620000,29629999,7,0
ES,IUNA,ATLI,29387000,29394999,7,0
ES,JAGUARE,ATLI,29950000,29959999,7,0
ES,JERONIMO MONTEIRO,ATLI,29550000,29559999,7,0
ES,LARANJA DA TERRA,ATLI,29615000,29619999,7,0
ES,MANTENOPOLIS,ATLI,29770000,29779999,7,0
ES,MARILANDIA,ATLI,29725000,29729999,7,0
ES,MIMOSO DO SUL,ATLI,29400000,29449999,7,0
ES,MONTANHA,ATLI,29890000,29899999,7,0
ES,MUCURICI,ATLI,29880000,29884999,7,0
ES,MUNIZ FREIRE,ATLI,29380000,29386999,7,0
ES,MUQUI,ATLI,29480000,29489999,7,0
ES,NOVA VENECIA,ATLI,29830000,29842999,7,0
ES,PANCAS,ATLI,29750000,29759999,7,0
ES,PEDRO CANARIO,ATLI,29970000,29979999,7,0
ES,PINHEIROS,ATLI,29980000,29999999,7,0
ES,PONTO BELO,ATLI,29885000,29889999,7,0
ES,PRESIDENTE KENNEDY,ATLI,29350000,29359999,7,0
ES,RIO BANANAL,ATLI,29920000,29926999,7,0
ES,RIO NOVO DO SUL,ATLI,29290000,29294999,7,0
ES,SANTA LEOPOLDINA,ATLI,29640000,29644999,7,0
ES,SANTA MARIA DE JETIBA,ATLI,29645000,29649999,7,0
ES,SANTA TERESA,ATLI,29650000,29664999,7,0
ES,SAO GABRIEL DA PALHA,ATLI,29780000,29784999,7,0
ES,SAO JOSE DO CALCADO,ATLI,29470000,29479999,7,0
ES,SAO MATEUS,ATLI,29930001,29949999,7,0
ES,SAO ROQUE DO CANAA,ATLI,29665000,29669999,7,0
ES,SOORETAMA,ATLI,29927000,29929999,7,0
ES,VARGEM ALTA,ATLI,29295000,29299999,7,0
ES,VENDA NOVA DO IMIGRANTE,ATLI,29375000,29379999,7,0
ES,VILA PAVAO,ATLI,29843000,29844999,7,0
ES,VILA VALERIO,ATLI,29785000,29794999,7,0
GO,APARECIDA DE GOIANIA,PANP,74900001,74999999,7,0
GO,GOIANIA,PANR,74000001,74899999,7,0
GO,TRINDADE,PANR,75380001,75394999,7,0
MG,ALEM PARAIBA,GRFI,36660000,36669999,7,0
MG,ARCEBURGO,GRFI,37820000,37824999,7,195
MG,BORDA DA MATA,GRFI,37564000,37565999,7,0
MG,CABO VERDE,GRFI,37880000,37889999,7,0
MG,CANA VERDE,GRFI,37267000,37269999,7,111
MG,CAREACU,GRFI,37582000,37583999,7,0
MG,CARRANCAS,GRFI,37245000,37249999,7,195
MG,CASSIA,GRFI,37980000,37989999,7,0
MG,CLARAVAL,GRFI,37997000,37999999,7,0
MG,CONCEICAO DA APARECIDA,GRFI,37148000,37149999,7,0
MG,CONGONHAL,GRFI,37584000,37585999,7,0
MG,CONGONHAL,GRFI,37845000,37849999,7,0
MG,DELFINOPOLIS,GRFI,37910000,37919999,7,390
MG,ESTIVA,GRFI,37542000,37544999,7,0
MG,FORTALEZA DE MINAS,GRFI,37905000,37909999,7,0
MG,IJACI,GRFI,37218000,37219999,7,195
MG,INCONFIDENTES,GRFI,37576000,37577999,7,0
MG,INGAI,GRFI,37215000,37217999,7,195
MG,IPUIUNA,GRFI,37588000,37588999,7,195
MG,IPUIUNA,GRFI,37825000,37829999,7,195
MG,ITAJUBA,GRFI,37500001,37507999,7,0
MG,ITUTINGA,GRFI,36390000,36399999,7,286
MG,LUMINARIAS,GRFI,37240000,37244999,7,156
MG,MARMELOPOLIS,GRFI,37516000,37516999,7,0
MG,MINDURI,GRFI,37447000,37449999,7,195
MG,MONTE SANTO DE MINAS,GRFI,37968000,37969999,7,0
MG,MONTE SIAO,GRFI,37580000,37581999,7,0
MG,NATERCIA,GRFI,37524000,37526999,7,0
MG,NAZARENO,GRFI,36370000,36389999,7,286
MG,NEPOMUCENO,GRFI,37250000,37259999,7,0
MG,OLIMPIO NORONHA,GRFI,37488000,37489999,7,195
MG,OURO FINO,GRFI,37570000,37575999,7,0
MG,PARACATU,GRFI,38600001,38609999,7,0
MG,PARAGUACU,GRFI,37120000,37129999,7,0
MG,PARAISOPOLIS,GRFI,37660000,37669999,7,0
MG,PASSA QUATRO,GRFI,37460000,37463999,7,0
MG,PASSOS,GRFI,37900001,37904999,7,0
MG,PEDRALVA,GRFI,37520000,37523999,7,0
MG,PERDOES,GRFI,37260000,37261999,7,143
MG,PIRANGUINHO,GRFI,37508000,37509999,7,143
MG,POCO FUNDO,GRFI,37757000,37759999,7,195
MG,POCOS DE CALDAS,GRFI,37700001,37719999,7,195
MG,POUSO ALEGRE,GRFI,37550001,37562999,7,0
MG,POUSO ALTO,GRFI,37468000,37469999,7,0
MG,SANTA RITA DE CALDAS,GRFI,37775000,37779999,7,195
MG,SANTA RITA DO SAPUCAI,GRFI,37536000,37541999,7,195
MG,SANTANA DA VARGEM,GRFI,37195000,37199999,7,143
MG,SAO BENTO ABADE,GRFI,37407000,37407999,7,195
MG,SAO GONCALO DO SAPUCAI,GRFI,37490000,37495999,7,0
MG,SAO LOURENCO,GRFI,37470000,37471999,7,0
MG,SAO SEBASTIAO DA BELA VISTA,GRFI,37567000,37567999,7,0
MG,SAO SEBASTIAO DO RIO VERDE,GRFI,37467000,37467999,7,195
MG,SENADOR AMARAL,GRFI,37615000,37619999,7,143
MG,SENADOR JOSE BENTO,GRFI,37586000,37587999,7,195
MG,SERRANIA,GRFI,37143000,37143999,7,0
MG,SILVIANOPOLIS,GRFI,37589000,37589999,7,0
MG,TRES CORACOES,GRFI,37410001,37419999,7,0
MG,TRES PONTAS,GRFI,37185000,37194999,7,0
MG,VARGINHA,GRFI,37000001,37109999,7,0
MG,VISCONDE DO RIO BRANCO,GRFI,36520000,36524999,7,0
MG,VOLTA GRANDE,GRFI,36720000,36724999,7,156
MG,WENCESLAU BRAZ,GRFI,37512000,37513999,7,195
PR,ALTAMIRA DO PARANA,APUI,85280000,85299999,7,169
PR,ALVORADA DO SUL,APUI,86150000,86159999,7,91
PR,AMPERE,APUI,85640000,85649999,7,0
PR,ANAHY,APUI,85425000,85429999,7,104
PR,ANTONIO OLINTO,APUI,83980000,83999999,7,104
PR,APUCARANA,APUI,86800001,86819999,7,0
PR,ARAPONGAS,APUI,86700001,86719999,7,0
PR,ARAPOTI,APUI,84990000,84999999,7,104
PR,ARAPUA,APUI,86884000,86889999,7,234
PR,ARIRANHA DO IVAI,APUI,86880000,86883999,7,299
PR,ASSIS CHATEAUBRIAND,APUI,85935000,85939999,7,0
PR,ASTORGA,APUI,86730000,86749999,7,0
PR,BARBOSA FERRAZ,APUI,86960000,86969999,7,95
PR,BARRACAO,APUI,85700000,85707999,7,0
PR,BELA VISTA DA CAROBA,APUI,85745000,85749999,7,105
PR,BELA VISTA DO PARAISO,APUI,86130000,86139999,7,91
PR,BITURUNA,APUI,84640000,84659999,7,65
PR,BOA ESPERANCA,APUI,87390000,87394999,7,104
PR,BOA ESPERANCA DO IGUACU,APUI,85680000,85684999,7,0
PR,BOA VENTURA DE SAO ROQUE,APUI,85225000,85229999,7,0
PR,BOA VISTA DA APARECIDA,APUI,85780000,85789999,7,0
PR,BOM JESUS DO SUL,APUI,85708000,85709999,7,143
PR,BOM SUCESSO,APUI,86940000,86944999,7,115
PR,BOM SUCESSO DO SUL,APUI,85515000,85519999,7,91
PR,BORRAZOPOLIS,APUI,86925000,86929999,7,115
PR,BRAGANEY,APUI,85430000,85439999,7,104
PR,CAFEARA,APUI,86640000,86649999,7,91
PR,CAFELANDIA,APUI,85415000,85419999,7,0
PR,CALIFORNIA,APUI,86820000,86824999,7,0
PR,CAMBIRA,APUI,86890000,86894999,7,0
PR,CAMPINA DA LAGOA,APUI,87345000,87354999,7,104
PR,CAMPINA DO SIMAO,APUI,85148000,85149999,7,104
PR,CAMPO BONITO,APUI,85450000,85459999,7,65
PR,CANDIDO DE ABREU,APUI,84470000,84499999,7,104
PR,CANDOI,APUI,85140000,85144999,7,0
PR,CANTAGALO,APUI,85160000,85161999,7,65
PR,CAPANEMA,APUI,85760000,85769999,7,0
PR,CAPITAO LEONIDAS MARQUES,APUI,85790000,85794999,7,0
PR,CARAMBEI,APUI,84145000,84149999,7,0
PR,CASCAVEL,APUI,85800001,85824999,7,0
PR,CASTRO,APUI,84160001,84199999,7,0
PR,CATANDUVAS,APUI,85470000,85477999,7,0
PR,CENTENARIO DO SUL,APUI,86630000,86634999,7,91
PR,CEU AZUL,APUI,85840000,85844999,7,78
PR,CHOPINZINHO,APUI,85560000,85564999,7,0
PR,CLEVELANDIA,APUI,85530000,85539999,7,91
PR,COLORADO,APUI,86690000,86699999,7,91
PR,CORBELIA,APUI,85420000,85422999,7,0
PR,CORONEL DOMINGOS SOARES,APUI,85557000,85559999,7,195
PR,CORONEL VIVIDA,APUI,85550000,85554999,7,0
PR,CORUMBATAI DO SUL,APUI,86970000,86974999,7,91
PR,CRUZ MACHADO,APUI,84620000,84629999,7,65
PR,CRUZEIRO DO IGUACU,APUI,85598000,85599999,7,0
PR,CRUZEIRO DO SUL,APUI,87650000,87659999,7,0
PR,CRUZMALTINA,APUI,86855000,86859999,7,85
PR,DIAMANTE D OESTE,APUI,85896000,85897999,7,0
PR,DIAMANTE DO SUL,APUI,85408000,85409999,7,65
PR,DOIS VIZINHOS,APUI,85660000,85669999,7,0
PR,ENEAS MARQUES,APUI,85630000,85634999,7,91
PR,ENTRE RIOS DO OESTE,APUI,85988000,85989999,7,0
PR,ESPIGAO ALTO DO IGUACU,APUI,85465000,85469999,7,0
PR,FAROL,APUI,87325000,87329999,7,91
PR,FAXINAL,APUI,86840000,86844999,7,85
PR,FENIX,APUI,86950000,86959999,7,91
PR,FERNANDES PINHEIRO,APUI,84535000,84549999,7,0
PR,FLOR DA SERRA DO SUL,APUI,85618000,85619999,7,0
PR,FLORESTOPOLIS,APUI,86165000,86169999,7,91
PR,FLORIDA,APUI,86780000,86789999,7,91
PR,FORMOSA DO OESTE,APUI,85830000,85832999,7,78
PR,FOZ DO IGUACU,APUI,85850001,85874999,7,0
PR,FOZ DO JORDAO,APUI,85145000,85147999,7,0
PR,FRANCISCO BELTRAO,APUI,85600001,85609999,7,0
PR,GENERAL CARNEIRO,APUI,84660000,84899999,7,65
PR,GODOY MOREIRA,APUI,86938000,86939999,7,494
PR,GOIOERE,APUI,87360000,87364999,7,0
PR,GOIOXIM,APUI,85162000,85167999,7,104
PR,GRANDES RIOS,APUI,86845000,86847999,7,104
PR,GUAMIRANGA,APUI,84435000,84449999,7,104
PR,GUARACI,APUI,86620000,86629999,7,104
PR,GUARANIACU,APUI,85400000,85407999,7,0
PR,GUARAPUAVA,APUI,85000001,85139999,7,0
PR,GUARAQUECABA,APUI,83390000,83399999,7,845
PR,HONORIO SERPA,APUI,85548000,85549999,7,0
PR,IBEMA,APUI,85478000,85484999,7,0
PR,IGUATU,APUI,85423000,85424999,7,104
PR,IMBAU,APUI,84250000,84259999,7,0
PR,IMBITUVA,APUI,84430000,84434999,7,0
PR,INACIO MARTINS,APUI,85155000,85159999,7,65
PR,INAJA,APUI,87670000,87679999,7,117
PR,IPIRANGA,APUI,84450000,84459999,7,117
PR,IRACEMA DO OESTE,APUI,85833000,85834999,7,104
PR,IRATI,APUI,84500001,84509999,7,0
PR,IRETAMA,APUI,87280000,87289999,7,156
PR,ITAGUAJE,APUI,86670000,86679999,7,117
PR,ITAIPULANDIA,APUI,85880000,85883999,7,0
PR,ITAPEJARA D OESTE,APUI,85580000,85584999,7,169
PR,IVAI,APUI,84460000,84469999,7,117
PR,IVAIPORA,APUI,86870000,86879999,7,65
PR,JAGUAPITA,APUI,86610000,86612999,7,91
PR,JAGUARIAIVA,APUI,84200000,84219999,7,104
PR,JANDAIA DO SUL,APUI,86900000,86909999,7,0
PR,JANIOPOLIS,APUI,87380000,87389999,7,91
PR,JARDIM ALEGRE,APUI,86860000,86864999,7,85
PR,JARDIM OLINDA,APUI,87690000,87699999,7,117
PR,JESUITAS,APUI,85835000,85839999,7,91
PR,JURANDA,APUI,87355000,87359999,7,104
PR,KALORE,APUI,86920000,86924999,7,91
PR,LARANJAL,APUI,85275000,85279999,7,104
PR,LARANJEIRAS DO SUL,APUI,85300001,85339999,7,0
PR,LIDIANOPOLIS,APUI,86865000,86869999,7,91
PR,LINDOESTE,APUI,85826000,85829999,7,0
PR,LOBATO,APUI,86790000,86799999,7,91
PR,LUIZIANA,APUI,87290000,87299999,7,91
PR,LUNARDELLI,APUI,86935000,86937999,7,85
PR,LUPIONOPOLIS,APUI,86635000,86639999,7,91
PR,MALLET,APUI,84570000,84599999,7,0
PR,MAMBORE,APUI,87340000,87344999,7,91
PR,MANDAGUARI,APUI,86975000,86989999,7,0
PR,MANFRINOPOLIS,APUI,85628000,85629999,7,91
PR,MANGUEIRINHA,APUI,85540000,85547999,7,0
PR,MANOEL RIBAS,APUI,85260000,85269999,7,169
PR,MARECHAL CANDIDO RONDON,APUI,85960000,85979999,7,0
PR,MARILANDIA DO SUL,APUI,86825000,86827999,7,0
PR,MARIOPOLIS,APUI,85525000,85529999,7,91
PR,MARIPA,APUI,85955000,85959999,7,0
PR,MARMELEIRO,APUI,85614000,85617999,7,0
PR,MARQUINHO,APUI,85168000,85169999,7,104
PR,MARUMBI,APUI,86910000,86919999,7,115
PR,MATELANDIA,APUI,85887000,85887999,7,0
PR,MATO RICO,APUI,85240000,85249999,7,390
PR,MAUA DA SERRA,APUI,86828000,86829999,7,0
PR,MEDIANEIRA,APUI,85720000,85726999,7,0
PR,MERCEDES,APUI,85998000,85999999,7,0
PR,MIRADOR,APUI,87840000,87849999,7,91
PR,MIRASELVA,APUI,86615000,86617999,7,91
PR,MISSAL,APUI,85736000,85739999,7,0
PR,MISSAL,APUI,85890000,85890000,7,0
PR,MUNHOZ DE MELO,APUI,86760000,86769999,7,91
PR,NOSSA SENHORA DAS GRACAS,APUI,86680000,86689999,7,91
PR,NOVA ALIANCA DO IVAI,APUI,87790000,87799999,7,104
PR,NOVA AURORA,APUI,85410000,85414999,7,0
PR,NOVA CANTU,APUI,87330000,87339999,7,104
PR,NOVA LARANJEIRAS,APUI,85350000,85389999,7,0
PR,NOVA PRATA DO IGUACU,APUI,85685000,85689999,7,0
PR,NOVA SANTA ROSA,APUI,85930000,85932999,7,0
PR,NOVA TEBAS,APUI,85250000,85259999,7,169
PR,NOVO ITACOLOMI,APUI,86895000,86899999,7,91
PR,ORTIGUEIRA,APUI,84350000,84399999,7,75
PR,OURO VERDE DO OESTE,APUI,85933000,85934999,7,221
PR,PALMAS,APUI,85690000,85699999,7,0
PR,PALMEIRA,APUI,84130000,84139999,7,0
PR,PALMITAL,APUI,85270000,85274999,7,104
PR,PALOTINA,APUI,85950000,85954999,7,0
PR,PARANACITY,APUI,87660000,87669999,7,91
PR,PARANAPOEMA,APUI,87680000,87689999,7,117
PR,PATO BRAGADO,APUI,85948000,85949999,7,0
PR,PATO BRANCO,APUI,85500001,85514999,7,0
PR,PAULA FREITAS,APUI,84630000,84634999,7,85
PR,PAULO FRONTIN,APUI,84635000,84639999,7,0
PR,PEROLA D OESTE,APUI,85740000,85744999,7,0
PR,PINHAL DE SAO BENTO,APUI,85727000,85729999,7,117
PR,PINHAO,APUI,85170000,85194999,7,0
PR,PIRAI DO SUL,APUI,84240000,84249999,7,0
PR,PITANGA,APUI,85200000,85224999,7,85
PR,PITANGUEIRAS,APUI,86613000,86614999,7,117
PR,PLANALTO,APUI,85750000,85759999,7,0
PR,PONTA GROSSA,APUI,84000001,84129999,7,0
PR,PORECATU,APUI,86160000,86164999,7,78
PR,PORTO AMAZONAS,APUI,84140000,84144999,7,156
PR,PORTO BARREIRO,APUI,85345000,85349999,7,0
PR,PORTO VITORIA,APUI,84615000,84619999,7,0
PR,PRADO FERREIRA,APUI,86618000,86619999,7,91
PR,PRANCHITA,APUI,85730000,85735999,7,0
PR,PRIMEIRO DE MAIO,APUI,86140000,86149999,7,91
PR,PRUDENTOPOLIS,APUI,84400000,84429999,7,0
PR,QUARTO CENTENARIO,APUI,87365000,87369999,7,130
PR,QUATRO PONTES,APUI,85940000,85944999,7,0
PR,QUEDAS DO IGUACU,APUI,85460000,85464999,7,0
PR,QUINTA DO SOL,APUI,87265000,87269999,7,91
PR,RAMILANDIA,APUI,85888000,85889999,7,195
PR,RANCHO ALEGRE D OESTE,APUI,87395000,87399999,7,104
PR,REALEZA,APUI,85770000,85779999,7,0
PR,REBOUCAS,APUI,84550000,84559999,7,0
PR,RENASCENCA,APUI,85610000,85613999,7,0
PR,RESERVA,APUI,84320000,84344999,7,0
PR,RESERVA DO IGUACU,APUI,85195000,85199999,7,0
PR,RIO AZUL,APUI,84560000,84569999,7,0
PR,RIO BOM,APUI,86830000,86839999,7,91
PR,RIO BONITO DO IGUACU,APUI,85340000,85344999,7,0
PR,RIO BRANCO DO IVAI,APUI,86848000,86849999,7,91
PR,RONCADOR,APUI,87320000,87324999,7,130
PR,ROSARIO DO IVAI,APUI,86850000,86854999,7,104
PR,SABAUDIA,APUI,86720000,86729999,7,0
PR,SALGADO FILHO,APUI,85620000,85627999,7,91
PR,SALTO DO LONTRA,APUI,85670000,85679999,7,0
PR,SANTA FE,APUI,86770000,86779999,7,91
PR,SANTA HELENA,APUI,85890001,85895999,7,0
PR,SANTA INES,APUI,86660000,86669999,7,104
PR,SANTA IZABEL DO OESTE,APUI,85650000,85659999,7,0
PR,SANTA LUCIA,APUI,85795000,85799999,7,0
PR,SANTA MARIA DO OESTE,APUI,85230000,85239999,7,0
PR,SANTA TEREZA DO OESTE,APUI,85825000,85825999,7,0
PR,SANTA TEREZINHA DE ITAIPU,APUI,85875000,85876999,7,0
PR,SANTO ANTONIO DO CAIUA,APUI,87730000,87739999,7,104
PR,SANTO INACIO,APUI,86650000,86659999,7,91
PR,SAO JOAO,APUI,85570000,85574999,7,0
PR,SAO JOAO DO CAIUA,APUI,87740000,87749999,7,78
PR,SAO JOAO DO IVAI,APUI,86930000,86934999,7,115
PR,SAO JOAO DO TRIUNFO,APUI,84150000,84159999,7,104
PR,SAO JORGE D OESTE,APUI,85575000,85579999,7,0
PR,SAO JOSE DAS PALMEIRAS,APUI,85898000,85899999,7,78
PR,SAO MATEUS DO SUL,APUI,83900000,83979999,7,65
PR,SAO MIGUEL DO IGUACU,APUI,85877000,85879999,7,0
PR,SAO PEDRO DO IGUACU,APUI,85929000,85929999,7,227.5
PR,SAO PEDRO DO IVAI,APUI,86945000,86949999,7,65
PR,SAUDADE DO IGUACU,APUI,85568000,85569999,7,0
PR,SENGES,APUI,84220000,84239999,7,65
PR,SERRANOPOLIS DO IGUACU,APUI,85885000,85886999,7,0
PR,SERTANOPOLIS,APUI,86170000,86179999,7,91
PR,SULINA,APUI,85565000,85567999,7,0
PR,TAMARANA,APUI,86125000,86129999,7,91
PR,TEIXEIRA SOARES,APUI,84530000,84534999,7,0
PR,TELEMACO BORBA,APUI,84260001,84279999,7,0
PR,TIBAGI,APUI,84300000,84319999,7,104
PR,TOLEDO,APUI,85900001,85928999,7,0
PR,TRES BARRAS DO PARANA,APUI,85485000,85499999,7,0
PR,TUPASSI,APUI,85945000,85947999,7,0
PR,TURVO,APUI,85150000,85154999,7,0
PR,UBIRATA,APUI,85440000,85449999,7,78
PR,UNIAO DA VITORIA,APUI,84600001,84614999,7,0
PR,UNIFLOR,APUI,87640000,87649999,7,91
PR,VENTANIA,APUI,84345000,84349999,7,156
PR,VERA CRUZ DO OESTE,APUI,85845000,85849999,7,104
PR,VERE,APUI,85585000,85597999,7,0
PR,VIRMOND,APUI,85390000,85399999,7,0
PR,VITORINO,APUI,85520000,85524999,7,0
PR,IVATUBA,MGAI,87130000,87139999,7,91
RJ,ANGRA DOS REIS,BMAR,23900001,23969999,7,0
RJ,BARRA DO PIRAI,BMAR,27000001,27174999,7,0
RJ,BARRA MANSA,BMAR,27300001,27399999,7,0
RJ,ENGENHEIRO PAULO DE FRONTIN,BMAR,26650000,26699999,7,0
RJ,ITATIAIA,BMAR,27580000,27599999,7,0
RJ,PINHEIRAL,BMAR,27197000,27199999,7,0
RJ,PIRAI,BMAR,27175000,27196999,7,0
RJ,PORTO REAL,BMAR,27570000,27579999,7,0
RJ,QUATIS,BMAR,27400001,27459999,7,0
RJ,RESENDE,BMAR,27500001,27569999,7,0
RJ,TRES RIOS,BMAR,25800001,25844999,7,0
RJ,VALENCA,BMAR,27600000,27659999,7,0
RJ,VOLTA REDONDA,BMAR,27200001,27299999,7,0
RJ,CAMPOS DOS GOYTACAZES,GOYR,28000001,28179999,7,0
RJ,ITAPERUNA,GOYR,28300000,28349999,7,0
RJ,SAO FRANCISCO DE ITABAPOANA,GOYR,28230000,28249999,7,0
RJ,SAO JOAO DA BARRA,GOYR,28200000,28229999,7,0
RJ,ARARUAMA,LAGR,28970001,28989999,7,0
RJ,CABO FRIO,LAGR,28900001,28929999,7,0
RJ,ITABORAI,LAGR,24800001,24889999,7,0
RJ,MACAE,LAGR,27900000,27997999,7,0
RJ,MARICA,LAGR,24900001,24999999,7,0
RJ,RIO BONITO,LAGR,28800000,28819999,7,0
RJ,RIO DAS OSTRAS,LAGR,28890001,28899999,7,0
RJ,SAO PEDRO DA ALDEIA,LAGR,28940001,28949999,7,0
RJ,SAQUAREMA,LAGR,28990001,28999999,7,0
RJ,ITAGUAI,RIOR,23800001,23859999,7,0
RJ,MAGE,RIOR,25900001,25939999,7,0
RJ,NITEROI,RIOR,24000001,24399999,7,0
RJ,PETROPOLIS,RIOR,25600001,25779999,7,0
RJ,SAO GONCALO,RIOR,24400001,24799999,7,0
RJ,SEROPEDICA,RIOR,23890001,23899999,7,0
RJ,BOM JARDIM,UNIP,28660000,28679999,7,0
RJ,CACHOEIRAS DE MACACU,UNIP,28680000,28699999,7,0
RJ,CANTAGALO,UNIP,28500000,28539999,7,0
RJ,CARMO,UNIP,28640000,28649999,7,100
RJ,CORDEIRO,UNIP,28540000,28544999,7,0
RJ,DUAS BARRAS,UNIP,28650000,28659999,7,0
RJ,GUAPIMIRIM,UNIP,25940001,25949999,7,0
RJ,MACUCO,UNIP,28545000,28549999,7,100
RJ,NOVA FRIBURGO,UNIP,28600001,28636999,7,0
RJ,SANTA MARIA MADALENA,UNIP,28770000,28799999,7,0
RJ,SAPUCAIA,UNIP,25880000,25899999,7,100
RJ,SUMIDOURO,UNIP,28637000,28639999,7,100
RJ,TERESOPOLIS,UNIP,25950001,25999999,7,0
RJ,TRAJANO DE MORAES,UNIP,28750000,28769999,7,0
RS,ANDRE DA ROCHA,CXSP,95310000,95314999,7,266.67
RS,ANTONIO PRADO,CXSP,95250000,95254999,7,266.67
RS,ARROIO DO SAL,CXSP,95585000,95587999,7,0
RS,BALNEARIO PINHAL,CXSP,95599000,95599999,7,0
RS,BENTO GONCALVES,CXSP,95700001,95714999,7,53.33
RS,BOM JESUS,CXSP,95290000,95299999,7,160
RS,CAMBARA DO SUL,CXSP,95480000,95499999,7,0
RS,CAMPESTRE DA SERRA,CXSP,95255000,95259999,7,0
RS,CANELA,CXSP,95680001,95689999,7,0
RS,CAPAO DA CANOA,CXSP,94690001,94699999,7,0
RS,CAPIVARI DO SUL,CXSP,95552000,95554999,7,0
RS,CARLOS BARBOSA,CXSP,95185000,95189999,7,53.33
RS,CASEIROS,CXSP,95315000,95319999,7,160
RS,CAXIAS DO SUL,CXSP,95000001,95149999,7,53.33
RS,CIDREIRA,CXSP,95595000,95598999,7,0
RS,CIRIACO,CXSP,99970000,99979999,7,160
RS,COTIPORA,CXSP,95335000,95339999,7,160
RS,DAVID CANABARRO,CXSP,99980000,99989999,7,160
RS,DOM PEDRO DE ALCANTARA,CXSP,95568000,95571999,7,0
RS,ELDORADO DO SUL,CXSP,92990000,92999999,7,0
RS,ESMERALDA,CXSP,95380000,95389999,7,160
RS,FAGUNDES VARELA,CXSP,95333000,95333999,7,160
RS,FARROUPILHA,CXSP,95170001,95184999,7,53.33
RS,FLORES DA CUNHA,CXSP,95270000,95274999,7,0
RS,GARIBALDI,CXSP,95720000,95725999,7,53.33
RS,GRAMADO,CXSP,95670001,95679999,7,0
RS,GUABIJU,CXSP,95355000,95359999,7,160
RS,GUAIBA,CXSP,92700001,92849999,7,0
RS,GUAPORE,CXSP,99200000,99214999,7,0
RS,IBIRAIARAS,CXSP,95305000,95307999,7,160
RS,IMBE,CXSP,95625000,95629999,7,0
RS,IPE,CXSP,95240000,95249999,7,0
RS,JAQUIRANA,CXSP,95420000,95479999,7,200
RS,LAGOA VERMELHA,CXSP,95300000,95304999,7,0
RS,MAQUINE,CXSP,95530000,95534999,7,0
RS,MONTAURI,CXSP,99255000,99259999,7,160
RS,MONTE ALEGRE DOS CAMPOS,CXSP,95236000,95239999,7,160
RS,MONTENEGRO,CXSP,92510001,92539999,7,160
RS,MUITOS CAPOES,CXSP,95230000,95235999,7,160
RS,MULITERNO,CXSP,99990000,99999999,7,160
RS,NOVA ARACA,CXSP,95350000,95354999,7,0
RS,NOVA BASSANO,CXSP,95340000,95344999,7,0
RS,NOVA PETROPOLIS,CXSP,95150000,95165999,7,333.33
RS,OSORIO,CXSP,94660001,94679999,7,0
RS,OSORIO,CXSP,95520000,95529999,7,0
RS,PALMARES DO SUL,CXSP,95540000,95551999,7,0
RS,PARAI,CXSP,95360000,95364999,7,0
RS,PICADA CAFE,CXSP,95166000,95169999,7,0
RS,PINHAL DA SERRA,CXSP,95390000,95399999,7,400
RS,PROTASIO ALVES,CXSP,95345000,95349999,7,0
RS,RIOZINHO,CXSP,95695000,95699999,7,0
RS,ROLANTE,CXSP,95690000,95694999,7,0
RS,SANTA MARIA DO HERVAL,CXSP,93995000,93999999,7,160
RS,SANTO ANTONIO DA PATRULHA,CXSP,95500000,95514999,7,0
RS,SANTO ANTONIO DO PALMA,CXSP,99265000,99269999,7,160
RS,SAO DOMINGOS DO SUL,CXSP,99270000,99289999,7,160
RS,SAO FRANCISCO DE PAULA,CXSP,95400000,95419999,7,0
RS,SAO JORGE,CXSP,95365000,95369999,7,160
RS,SAO JOSE DOS AUSENTES,CXSP,95280000,95289999,7,200
RS,SAO MARCOS,CXSP,95190000,95199999,7,0
RS,SAO VALENTIM DO SUL,CXSP,99240000,99249999,7,200
RS,SAO VENDELINO,CXSP,95795000,95799999,7,0
RS,SERAFINA CORREA,CXSP,99250000,99254999,7,0
RS,TERRA DE AREIA,CXSP,95535000,95537999,7,0
RS,TORRES,CXSP,94720001,94729999,7,0
RS,TORRES,CXSP,95560000,95567999,7,0
RS,TRAMANDAI,CXSP,94640000,94649999,7,0
RS,TRAMANDAI,CXSP,95590000,95594999,7,0
RS,TRES CACHOEIRAS,CXSP,95580000,95584999,7,0
RS,UNIAO DA SERRA,CXSP,99215000,99219999,7,266.67
RS,VACARIA,CXSP,95200001,95229999,7,0
RS,VANINI,CXSP,99290000,99299999,7,160
RS,VISTA ALEGRE DO PRATA,CXSP,95325000,95329999,7,160
RS,XANGRI-LA,CXSP,95588000,95589999,7,0
RS,ALVORADA,POAP,94800001,94899999,7,0
RS,ARARICA,POAP,93880000,93889999,7,0
RS,BOM PRINCIPIO,POAP,95765000,95767999,7,0
RS,CACHOEIRINHA,POAP,94900001,94999999,7,0
RS,CAMPO BOM,POAP,93700000,93799999,7,0
RS,CANOAS,POAP,92000001,92479999,7,0
RS,DOIS IRMAOS,POAP,93950000,93989999,7,0
RS,ESTANCIA VELHA,POAP,93600001,93699999,7,0
RS,ESTEIO,POAP,93250001,93299999,7,0
RS,GRAVATAI,POAP,94000001,94379999,7,0
RS,IGREJINHA,POAP,95650000,95659999,7,0
RS,IVOTI,POAP,93900000,93939999,7,0
RS,LINDOLFO COLLOR,POAP,93940000,93944999,7,0
RS,NOVA HARTZ,POAP,93890000,93899999,7,0
RS,NOVA SANTA RITA,POAP,92480000,92499999,7,0
RS,NOVO HAMBURGO,POAP,93300001,93599999,7,0
RS,PAROBE,POAP,95630000,95649999,7,0
RS,PORTAO,POAP,93180000,93199999,7,0
RS,PORTO ALEGRE,POAP,90000001,91999999,7,0
RS,PRESIDENTE LUCENA,POAP,93945000,93949999,7,0
RS,SAO LEOPOLDO,POAP,93000001,93179999,7,0
RS,SAPIRANGA,POAP,93800001,93879999,7,0
RS,SAPUCAIA DO SUL,POAP,93200001,93249999,7,0
RS,TAQUARA,POAP,95600001,95624999,7,0
RS,TRES COROAS,POAP,95660000,95669999,7,0
RS,TUPANDI,POAP,95775000,95777999,7,0
RS,VIAMAO,POAP,94400001,94599999,7,53.33
RS,FORTALEZA DOS VALOS,RSIR,98125000,98129999,7,0
RS,QUINZE DE NOVEMBRO,RSIR,98230000,98239999,7,0
SE,ARACAJU,RSEP,49000001,49099999,7,0
SE,BARRA DOS COQUEIROS,RSEP,49140000,49149999,7,0
SE,NOSSA SENHORA DO SOCORRO,RSEP,49150000,49169999,7,0
AL,AGUA BRANCA,RALI,57490000,57499999,8,0
AL,ANADIA,RALI,57660000,57669999,8,0
AL,ARAPIRACA,RALI,57300001,57319999,8,0
AL,ATALAIA,RALI,57690000,57699999,8,0
AL,BATALHA,RALI,57420000,57424999,8,0
AL,BELEM,RALI,57630000,57634999,8,0
AL,BELO MONTE,RALI,57435000,57439999,8,0
AL,BOCA DA MATA,RALI,57680000,57689999,8,0
AL,BRANQUINHA,RALI,57830000,57839999,8,0
AL,CACIMBINHAS,RALI,57570000,57579999,8,0
AL,CAJUEIRO,RALI,57770000,57779999,8,0
AL,CAMPESTRE,RALI,57968000,57969999,8,0
AL,CAMPO ALEGRE,RALI,57250000,57254999,8,0
AL,CANAPI,RALI,57530000,57534999,8,0
AL,CAPELA,RALI,57780000,57799999,8,0
AL,CARNEIROS,RALI,57535000,57539999,8,0
AL,CHA PRETA,RALI,57760000,57769999,8,0
AL,COITE DO NOIA,RALI,57325000,57329999,8,0
AL,COLONIA LEOPOLDINA,RALI,57975000,57979999,8,0
AL,CORURIPE,RALI,57230000,57239999,8,0
AL,CRAIBAS,RALI,57320000,57324999,8,0
AL,DELMIRO GOUVEIA,RALI,57480000,57489999,8,0
AL,DOIS RIACHOS,RALI,57560000,57569999,8,0
AL,ESTRELA DE ALAGOAS,RALI,57625000,57629999,8,0
AL,FEIRA GRANDE,RALI,57340000,57349999,8,0
AL,FELIZ DESERTO,RALI,57220000,57229999,8,0
AL,FLEXEIRAS,RALI,57995000,57999999,8,0
AL,GIRAU DO PONCIANO,RALI,57360000,57369999,8,0
AL,IBATEGUARA,RALI,57890000,57899999,8,0
AL,IGACI,RALI,57620000,57624999,8,0
AL,IGREJA NOVA,RALI,57280000,57289999,8,0
AL,INHAPI,RALI,57545000,57549999,8,0
AL,JACARE DOS HOMENS,RALI,57430000,57434999,8,0
AL,JACUIPE,RALI,57960000,57964999,8,0
AL,JAPARATINGA,RALI,57950000,57954999,8,0
AL,JARAMATAIA,RALI,57425000,57429999,8,0
AL,JEQUIA DA PRAIA,RALI,57255000,57256999,8,0
AL,JOAQUIM GOMES,RALI,57980000,57989999,8,0
AL,JUNDIA,RALI,57965000,57967999,8,0
AL,JUNQUEIRO,RALI,57270000,57274999,8,0
AL,LAGOA DA CANOA,RALI,57330000,57339999,8,0
AL,LIMOEIRO DE ANADIA,RALI,57260000,57264999,8,0
AL,MAJOR ISIDORO,RALI,57580000,57599999,8,0
AL,MAR VERMELHO,RALI,57730000,57739999,8,0
AL,MARAGOGI,RALI,57955000,57959999,8,0
AL,MARAVILHA,RALI,57520000,57524999,8,0
AL,MARIBONDO,RALI,57670000,57679999,8,0
AL,MATA GRANDE,RALI,57540000,57544999,8,0
AL,MATRIZ DE CAMARAGIBE,RALI,57910000,57919999,8,0
AL,MINADOR DO NEGRAO,RALI,57615000,57619999,8,0
AL,MONTEIROPOLIS,RALI,57440000,57441999,8,0
AL,MURICI,RALI,57820000,57829999,8,0
AL,NOVO LINO,RALI,57970000,57974999,8,0
AL,OLHO D AGUA DAS FLORES,RALI,57442000,57444999,8,0
AL,OLHO D AGUA DO CASADO,RALI,57470000,57474999,8,0
AL,OLHO D AGUA GRANDE,RALI,57390000,57399999,8,0
AL,OLIVENCA,RALI,57550000,57559999,8,0
AL,OURO BRANCO,RALI,57525000,57529999,8,0
AL,PALESTINA,RALI,57410000,57419999,8,0
AL,PALMEIRA DOS INDIOS,RALI,57600001,57614999,8,0
AL,PAO DE ACUCAR,RALI,57400000,57409999,8,0
AL,PARICONHA,RALI,57475000,57479999,8,0
AL,PASSO DE CAMARAGIBE,RALI,57930000,57934999,8,0
AL,PAULO JACINTO,RALI,57740000,57749999,8,0
AL,PENEDO,RALI,57200000,57209999,8,0
AL,PIACABUCU,RALI,57210000,57219999,8,0
AL,PINDOBA,RALI,57720000,57729999,8,0
AL,PIRANHAS,RALI,57460000,57469999,8,0
AL,POCO DAS TRINCHEIRAS,RALI,57510000,57514999,8,0
AL,PORTO CALVO,RALI,57900000,57909999,8,0
AL,PORTO DE PEDRAS,RALI,57945000,57949999,8,0
AL,PORTO REAL DO COLEGIO,RALI,57290000,57299999,8,0
AL,QUEBRANGULO,RALI,57750000,57759999,8,0
AL,ROTEIRO,RALI,57257000,57259999,8,0
AL,SANTANA DO IPANEMA,RALI,57500000,57509999,8,0
AL,SANTANA DO MUNDAU,RALI,57840000,57859999,8,0
AL,SAO BRAS,RALI,57380000,57389999,8,0
AL,SAO JOSE DA LAJE,RALI,57860000,57889999,8,0
AL,SAO JOSE DA TAPERA,RALI,57445000,57459999,8,0
AL,SAO LUIS DO QUITUNDE,RALI,57920000,57924999,8,0
AL,SAO MIGUEL DOS CAMPOS,RALI,57240001,57249999,8,0
AL,SAO MIGUEL DOS MILAGRES,RALI,57940000,57944999,8,0
AL,SAO SEBASTIAO,RALI,57275000,57279999,8,0
AL,SENADOR RUI PALMEIRA,RALI,57515000,57519999,8,0
AL,TANQUE D ARCA,RALI,57635000,57639999,8,0
AL,TAQUARANA,RALI,57640000,57659999,8,0
AL,TEOTONIO VILELA,RALI,57265001,57269999,8,0
AL,TRAIPU,RALI,57370000,57379999,8,0
AL,UNIAO DOS PALMARES,RALI,57800000,57819999,8,0
AL,VICOSA,RALI,57700000,57719999,8,0
AL,BARRA DE SANTO ANTONIO,RALP,57925000,57929999,8,0
AL,BARRA DE SAO MIGUEL,RALP,57180000,57199999,8,0
AL,CAMPO GRANDE,RALP,57350000,57359999,8,0
AL,COQUEIRO SECO,RALP,57140000,57149999,8,0
AL,MACEIO,RALP,57000001,57099999,8,0
AL,MARECHAL DEODORO,RALP,57160000,57179999,8,0
AL,MESSIAS,RALP,57990000,57994999,8,0
AL,PARIPUEIRA,RALP,57935000,57939999,8,0
AL,PILAR,RALP,57150000,57159999,8,0
AL,RIO LARGO,RALP,57100000,57119999,8,0
AL,SANTA LUZIA DO NORTE,RALP,57130000,57139999,8,0
AL,SATUBA,RALP,57120000,57129999,8,0
BA,PAULO AFONSO,RBAI,48600001,48619999,8,0
MG,ABADIA DOS DOURADOS,GRFI,38540000,38549999,8,0
MG,AIURUOCA,GRFI,37450000,37451999,8,195
MG,ALAGOA,GRFI,37458000,37459999,8,286
MG,ALFENAS,GRFI,37130001,37139999,8,0
MG,ALFREDO VASCONCELOS,GRFI,36272000,36274999,8,0
MG,ALTO RIO DOCE,GRFI,36260000,36264999,8,0
MG,AMPARO DA SERRA,GRFI,35444000,35446999,8,260
MG,ANDRADAS,GRFI,37838000,37844999,8,195
MG,ANTONIO CARLOS,GRFI,36220000,36224999,8,0
MG,ANTONIO PRADO DE MINAS,GRFI,36850000,36854999,8,0
MG,ARACAI,GRFI,35777000,35779999,8,390
MG,ARACITABA,GRFI,36255000,36259999,8,0
MG,ARANTINA,GRFI,37360000,37369999,8,195
MG,ARAPONGA,GRFI,36594000,36599999,8,390
MG,ARAPORA,GRFI,38465000,38469999,8,0
MG,ARAPUA,GRFI,38860000,38869999,8,0
MG,ARAUJOS,GRFI,35603000,35603999,8,0
MG,ARAXA,GRFI,38180001,38188999,8,0
MG,ARCOS,GRFI,35598000,35602999,8,0
MG,ARGIRITA,GRFI,36710000,36719999,8,0
MG,ASTOLFO DUTRA,GRFI,36780000,36783999,8,0
MG,BAEPENDI,GRFI,37443000,37444999,8,0
MG,BANDEIRA DO SUL,GRFI,37740000,37749999,8,143
MG,BARAO DE COCAIS,GRFI,35970000,35983999,8,0
MG,BARAO DE MONTE ALTO,GRFI,36870000,36877999,8,0
MG,BARROSO,GRFI,36295000,36299999,8,0
MG,BELMIRO BRAGA,GRFI,36126000,36129999,8,195
MG,BIAS FORTES,GRFI,36230000,36234999,8,0
MG,BICAS,GRFI,36600000,36603999,8,0
MG,BOA ESPERANCA,GRFI,37170000,37174999,8,0
MG,BOM DESPACHO,GRFI,35630001,35639999,8,195
MG,BOM REPOUSO,GRFI,37610000,37614999,8,143
MG,BRAS PIRES,GRFI,36542000,36543999,8,390
MG,BRAZOPOLIS,GRFI,37530000,37535999,8,0
MG,BRUMADINHO,GRFI,32480000,32499999,8,98
MG,BUENO BRANDAO,GRFI,37578000,37579999,8,143
MG,CACHOEIRA DE MINAS,GRFI,37545000,37547999,8,0
MG,CAETANOPOLIS,GRFI,35770000,35773999,8,130
MG,CAJURI,GRFI,36560000,36567999,8,195
MG,CALDAS,GRFI,37780000,37789999,8,195
MG,CAMANDUCAIA,GRFI,37650000,37654999,8,195
MG,CAMBUI,GRFI,37600000,37604999,8,195
MG,CAMBUQUIRA,GRFI,37420000,37429999,8,0
MG,CAMPANHA,GRFI,37400000,37404999,8,0
MG,CAMPESTRE,GRFI,37730000,37739999,8,0
MG,CAMPINA VERDE,GRFI,38270000,38279999,8,0
MG,CAMPO BELO,GRFI,37270000,37272999,8,195
MG,CAMPO DO MEIO,GRFI,37165000,37169999,8,195
MG,CAMPOS ALTOS,GRFI,38970000,38979999,8,0
MG,CAMPOS GERAIS,GRFI,37160000,37164999,8,0
MG,CANAA,GRFI,36592000,36593999,8,390
MG,CANAPOLIS,GRFI,38380000,38389999,8,0
MG,CAPELA NOVA,GRFI,36290000,36294999,8,0
MG,CAPINOPOLIS,GRFI,38360000,38369999,8,0
MG,CARANDAI,GRFI,36280001,36289999,8,0
MG,CARANGOLA,GRFI,36800000,36809999,8,0
MG,CARMO DA CACHOEIRA,GRFI,37225000,37234999,8,0
MG,CARMO DE MINAS,GRFI,37472000,37473999,8,0
MG,CARMO DO CAJURU,GRFI,35557000,35559999,8,0
MG,CARMO DO PARANAIBA,GRFI,38840001,38849999,8,0
MG,CARVALHOS,GRFI,37456000,37457999,8,195
MG,CATAGUASES,GRFI,36770001,36779999,8,0
MG,CAXAMBU,GRFI,37440000,37442999,8,0
MG,CHACARA,GRFI,36110000,36119999,8,0
MG,CHIADOR,GRFI,36630000,36639999,8,390
MG,CIPOTANEA,GRFI,36265000,36269999,8,0
MG,COIMBRA,GRFI,36550000,36554999,8,0
MG,COMENDADOR GOMES,GRFI,38250000,38259999,8,195
MG,CONCEICAO DAS ALAGOAS,GRFI,38120000,38129999,8,195
MG,CONCEICAO DO PARA,GRFI,35668000,35668999,8,195
MG,CONQUISTA,GRFI,38195000,38199999,8,650
MG,CONSELHEIRO LAFAIETE,GRFI,36400001,36409999,8,0
MG,CONSOLACAO,GRFI,37670000,37679999,8,195
MG,CORDISBURGO,GRFI,35780000,35784999,8,390
MG,COROMANDEL,GRFI,38550000,38569999,8,0
MG,CORONEL PACHECO,GRFI,36155000,36156999,8,0
MG,CORREGO DANTA,GRFI,38990000,39099999,8,104
MG,CRUZEIRO DA FORTALEZA,GRFI,38735000,38739999,8,0
MG,DESCOBERTO,GRFI,36690000,36699999,8,195
MG,DESTERRO DE ENTRE RIOS,GRFI,35492000,35494999,8,0
MG,DESTERRO DO MELO,GRFI,36210000,36211999,8,0
MG,DIVINESIA,GRFI,36546000,36549999,8,0
MG,DIVINO,GRFI,36820000,36827999,8,0
MG,DIVINO DAS LARANJEIRAS,GRFI,35265000,35269999,8,0
MG,DIVINOPOLIS,GRFI,35500000,35516999,8,0
MG,DONA EUZEBIA,GRFI,36784000,36787999,8,0
MG,DORES DE CAMPOS,GRFI,36213000,36214999,8,0
MG,DORES DO TURVO,GRFI,36513000,36514999,8,390
MG,DOURADOQUARA,GRFI,38530000,38539999,8,0
MG,ERVALIA,GRFI,36555000,36559999,8,0
MG,ESMERALDAS,GRFI,32800000,32824999,8,0
MG,ESPERA FELIZ,GRFI,36830000,36831999,8,0
MG,ESTRELA DALVA,GRFI,36725000,36729999,8,390
MG,EUGENOPOLIS,GRFI,36855000,36859999,8,195
MG,EWBANK DA CAMARA,GRFI,36108000,36109999,8,0
MG,FARIA LEMOS,GRFI,36840000,36843999,8,0
MG,FERVEDOURO,GRFI,36815000,36819999,8,195
MG,FLORESTAL,GRFI,35690000,35693999,8,195
MG,FORMIGA,GRFI,35570001,35579999,8,0
MG,FRUTAL,GRFI,38200001,38209999,8,0
MG,GOIANA,GRFI,36152000,36154999,8,0
MG,GUARACIABA,GRFI,35436000,35436999,8,260
MG,GUARANI,GRFI,36160000,36164999,8,0
MG,GUARARA,GRFI,36606000,36607999,8,0
MG,GUARDA-MOR,GRFI,38570000,38599999,8,104
MG,GUIDOVAL,GRFI,36515000,36519999,8,0
MG,GUIMARANIA,GRFI,38730000,38734999,8,0
MG,GUIRICEMA,GRFI,36525000,36529999,8,0
MG,IBIA,GRFI,38950000,38959999,8,0
MG,IGARAPE,GRFI,32510000,32519999,8,0
MG,IGARAPE,GRFI,32900000,32919999,8,0
MG,IGARATINGA,GRFI,35695000,35699999,8,0
MG,INHAUMA,GRFI,35763000,35764999,8,390
MG,IPIACU,GRFI,38350000,38359999,8,169
MG,IRAI DE MINAS,GRFI,38510000,38519999,8,0
MG,ITABIRITO,GRFI,35450001,35459999,8,0
MG,ITAMARATI DE MINAS,GRFI,36788000,36789999,8,195
MG,ITAPAGIPE,GRFI,38240000,38249999,8,169
MG,ITAUNA,GRFI,35680001,35684999,8,0
MG,ITUIUTABA,GRFI,38300001,38309999,8,0
MG,ITURAMA,GRFI,38280000,38287999,8,234
MG,JEQUERI,GRFI,35390000,35399999,8,390
MG,JOAO PINHEIRO,GRFI,38770000,38778999,8,0
MG,JUATUBA,GRFI,35675000,35679999,8,98
MG,JUIZ DE FORA,GRFI,36000001,36107999,8,0
MG,LAGAMAR,GRFI,38785000,38789999,8,0
MG,LAGOA DA PRATA,GRFI,35590001,35594999,8,0
MG,LAGOA DOURADA,GRFI,36345000,36349999,8,0
MG,LAGOA FORMOSA,GRFI,38720000,38729999,8,0
MG,LAGOA GRANDE,GRFI,38755000,38759999,8,156
MG,LARANJAL,GRFI,36760000,36769999,8,0
MG,LEANDRO FERREIRA,GRFI,35657000,35659999,8,325
MG,LEOPOLDINA,GRFI,36700001,36709999,8,0
MG,LIMA DUARTE,GRFI,36140000,36144999,8,0
MG,MADRE DE DEUS DE MINAS,GRFI,37305000,37309999,8,286
MG,MANHUACU,GRFI,36900001,36912999,8,0
MG,MAR DE ESPANHA,GRFI,36640000,36649999,8,0
MG,MARIANA,GRFI,35420001,35429999,8,0
MG,MARIO CAMPOS,GRFI,32470000,32479999,8,104
MG,MARIPA DE MINAS,GRFI,36608000,36609999,8,0
MG,MATHIAS LOBATO,GRFI,35110000,35111999,8,0
MG,MATIAS BARBOSA,GRFI,36120000,36122999,8,0
MG,MATIPO,GRFI,35367000,35367999,8,0
MG,MATUTINA,GRFI,38870000,38879999,8,104
MG,MERCES,GRFI,36190000,36194999,8,0
MG,MIRADOURO,GRFI,36893000,36894999,8,0
MG,MIRAI,GRFI,36790000,36792999,8,195
MG,MONTE ALEGRE DE MINAS,GRFI,38475000,38479999,8,0
MG,MONTE CARMELO,GRFI,38500000,38509999,8,0
MG,MURIAE,GRFI,36880001,36892999,8,0
MG,NOVA PONTE,GRFI,38160000,38169999,8,0
MG,NOVA SERRANA,GRFI,35520001,35529999,8,0
MG,OLARIA,GRFI,36145000,36145999,8,195
MG,OLIVEIRA,GRFI,35540000,35542999,8,0
MG,OLIVEIRA FORTES,GRFI,36250000,36254999,8,195
MG,ONCA DE PITANGUI,GRFI,35655000,35656999,8,390
MG,OURO PRETO,GRFI,35400000,35419999,8,0
MG,PAIVA,GRFI,36195000,36199999,8,0
MG,PALMA,GRFI,36750000,36759999,8,0
MG,PARA DE MINAS,GRFI,35660001,35665999,8,0
MG,PATOS DE MINAS,GRFI,38700001,38719999,8,0
MG,PATROCINIO,GRFI,38740001,38749999,8,0
MG,PATROCINIO DO MURIAE,GRFI,36860000,36869999,8,0
MG,PAULA CANDIDO,GRFI,36544000,36545999,8,390
MG,PEDRA DO ANTA,GRFI,36585000,36589999,8,390
MG,PEDRA DOURADA,GRFI,36847000,36849999,8,0
MG,PEDRINOPOLIS,GRFI,38178000,38179999,8,169
MG,PEDRO TEIXEIRA,GRFI,36148000,36149999,8,195
MG,PEQUERI,GRFI,36610000,36619999,8,195
MG,PERDIGAO,GRFI,35545000,35546999,8,0
MG,PERDIZES,GRFI,38170000,38174999,8,0
MG,PIAU,GRFI,36157000,36159999,8,0
MG,PIEDADE DE PONTE NOVA,GRFI,35382000,35382999,8,195
MG,PIEDADE DO RIO GRANDE,GRFI,36227000,36229999,8,390
MG,PIRANGA,GRFI,36480000,36489999,8,130
MG,PIRANGUCU,GRFI,37511000,37511999,8,143
MG,PIRAPETINGA,GRFI,36730000,36739999,8,195
MG,PIRAUBA,GRFI,36170000,36179999,8,0
MG,PITANGUI,GRFI,35650000,35654999,8,0
MG,PIUMHI,GRFI,37925000,37925999,8,0
MG,PIUMHI,GRFI,37934000,37939999,8,0
MG,PONTE NOVA,GRFI,35430001,35435999,8,0
MG,PORTO FIRME,GRFI,36568000,36569999,8,195
MG,PRADOS,GRFI,36320000,36324999,8,0
MG,PRATA,GRFI,38140000,38149999,8,0
MG,PRATAPOLIS,GRFI,37970000,37972999,8,195
MG,PRESIDENTE BERNARDES,GRFI,36475000,36479999,8,390
MG,PRESIDENTE OLEGARIO,GRFI,38750000,38754999,8,0
MG,RAPOSOS,GRFI,34400000,34499999,8,104
MG,RECREIO,GRFI,36740000,36749999,8,0
MG,RESENDE COSTA,GRFI,36340000,36344999,8,0
MG,RESSAQUINHA,GRFI,36270000,36271999,8,0
MG,RIO CASCA,GRFI,35370000,35379999,8,0
MG,RIO DOCE,GRFI,35442000,35443999,8,260
MG,RIO MANSO,GRFI,35485000,35487999,8,390
MG,RIO NOVO,GRFI,36150000,36151999,8,0
MG,RIO PARANAIBA,GRFI,38810000,38819999,8,0
MG,RIO POMBA,GRFI,36180000,36184999,8,0
MG,RIO PRETO,GRFI,36130000,36131999,8,195
MG,ROCHEDO DE MINAS,GRFI,36604000,36605999,8,156
MG,RODEIRO,GRFI,36510000,36511999,8,0
MG,ROMARIA,GRFI,38520000,38524999,8,0
MG,ROSARIO DA LIMEIRA,GRFI,36878000,36879999,8,156
MG,SACRAMENTO,GRFI,38190000,38194999,8,104
MG,SANTA BARBARA DO MONTE VERDE,GRFI,36132000,36134999,8,195
MG,SANTA BARBARA DO TUGURIO,GRFI,36215000,36219999,8,390
MG,SANTA CRUZ DE MINAS,GRFI,36328000,36329999,8,390
MG,SANTA JULIANA,GRFI,38175000,38177999,8,0
MG,SANTA RITA DE JACUTINGA,GRFI,36135000,36139999,8,390
MG,SANTANA DE CATAGUASES,GRFI,36795000,36799999,8,0
MG,SANTANA DO DESERTO,GRFI,36620000,36629999,8,0
MG,SANTO ANTONIO DO AVENTUREIRO,GRFI,36670000,36679999,8,390
MG,SANTO ANTONIO DO MONTE,GRFI,35560000,35564999,8,0
MG,SANTOS DUMONT,GRFI,36240001,36249999,8,0
MG,SAO FRANCISCO DO GLORIA,GRFI,36810000,36814999,8,0
MG,SAO GERALDO,GRFI,36530000,36539999,8,0
MG,SAO GONCALO DO ABAETE,GRFI,38790000,38793999,8,0
MG,SAO GOTARDO,GRFI,38800000,38804999,8,0
MG,SAO JOAO DA MATA,GRFI,37568000,37569999,8,0
MG,SAO JOAO DEL REI,GRFI,36300001,36319999,8,0
MG,SAO JOAO NEPOMUCENO,GRFI,36680001,36689999,8,0
MG,SAO JOAQUIM DE BICAS,GRFI,32920000,32999999,8,0
MG,SAO JOSE DA BARRA,GRFI,37945000,37947999,8,0
MG,SAO JOSE DO ALEGRE,GRFI,37510000,37510999,8,195
MG,SAO MIGUEL DO ANTA,GRFI,36590000,36591999,8,390
MG,SAO PEDRO DA UNIAO,GRFI,37855000,37859999,8,195
MG,SAO ROQUE DE MINAS,GRFI,37927000,37929999,8,0
MG,SAO SEBASTIAO DA VARGEM ALEGRE,GRFI,36793000,36794999,8,390
MG,SAO SEBASTIAO DO PARAISO,GRFI,37950000,37959999,8,0
MG,SAO TIAGO,GRFI,36350000,36359999,8,420
MG,SAPUCAI-MIRIM,GRFI,37690000,37699999,8,0
MG,SENADOR CORTES,GRFI,36650000,36659999,8,0
MG,SENADOR FIRMINO,GRFI,36540000,36541999,8,390
MG,SENHORA DE OLIVEIRA,GRFI,36470000,36474999,8,130
MG,SENHORA DOS REMEDIOS,GRFI,36275000,36279999,8,0
MG,SERICITA,GRFI,35368000,35369999,8,0
MG,SERRA DO SALITRE,GRFI,38760000,38769999,8,0
MG,SILVERANIA,GRFI,36185000,36189999,8,390
MG,SIMAO PEREIRA,GRFI,36123000,36125999,8,0
MG,SOLEDADE DE MINAS,GRFI,37478000,37479999,8,195
MG,TABULEIRO,GRFI,36165000,36169999,8,0
MG,TAPIRA,GRFI,38189000,38189999,8,260
MG,TEIXEIRAS,GRFI,36580000,36584999,8,0
MG,TIRADENTES,GRFI,36325000,36327999,8,0
MG,TIROS,GRFI,38880000,38899999,8,104
MG,TOCANTINS,GRFI,36512000,36512999,8,0
MG,TOLEDO,GRFI,37630000,37639999,8,195
MG,TOMBOS,GRFI,36844000,36846999,8,0
MG,TRES MARIAS,GRFI,39205000,39209999,8,0
MG,TUPACIGUARA,GRFI,38480000,38489999,8,0
MG,TURVOLANDIA,GRFI,37496000,37497999,8,195
MG,UBA,GRFI,36500001,36509999,8,0
MG,UNAI,GRFI,38610001,38624999,8,0
MG,VARJAO DE MINAS,GRFI,38794000,38799999,8,0
MG,VAZANTE,GRFI,38780000,38784999,8,0
MG,VICOSA,GRFI,36570001,36579999,8,0
MG,VIEIRAS,GRFI,36895000,36899999,8,390
MS,ALCINOPOLIS,RMSI,79530000,79539999,8,0
MS,AMAMBAI,RMSI,79990000,79994999,8,0
MS,ANASTACIO,RMSI,79210000,79214999,8,0
MS,ANAURILANDIA,RMSI,79770000,79779999,8,209.1
MS,ANGELICA,RMSI,79785000,79789999,8,0
MS,ANTONIO JOAO,RMSI,79910000,79919999,8,0
MS,ARAL MOREIRA,RMSI,79930000,79934999,8,0
MS,BATAYPORA,RMSI,79760000,79764999,8,0
MS,BODOQUENA,RMSI,79390000,79399999,8,0
MS,CAMAPUA,RMSI,79420000,79427999,8,0
MS,CARACOL,RMSI,79270000,79279999,8,0
MS,CASSILANDIA,RMSI,79540000,79549999,8,0
MS,CHAPADAO DO SUL,RMSI,79560000,79569999,8,0
MS,CORONEL SAPUCAIA,RMSI,79995000,79999999,8,0
MS,CORUMBA,RMSI,79300001,79369999,8,0
MS,COSTA RICA,RMSI,79550000,79555999,8,0
MS,COXIM,RMSI,79400000,79409999,8,0
MS,ELDORADO,RMSI,79970000,79974999,8,0
MS,FIGUEIRAO,RMSI,79428000,79429999,8,0
MS,IGUATEMI,RMSI,79960000,79964999,8,0
MS,ITAQUIRAI,RMSI,79965000,79969999,8,0
MS,JAPORA,RMSI,79985000,79989999,8,0
MS,JUTI,RMSI,79955000,79959999,8,0
MS,LAGUNA CARAPA,RMSI,79920000,79924999,8,0
MS,MUNDO NOVO,RMSI,79980000,79984999,8,0
MS,NAVIRAI,RMSI,79947000,79954999,8,0
MS,NOVO HORIZONTE DO SUL,RMSI,79745000,79749999,8,0
MS,PARAISO DAS AGUAS,RMSI,79556000,79559999,8,0
MS,PARANHOS,RMSI,79925000,79929999,8,0
MS,PEDRO GOMES,RMSI,79410000,79414999,8,0
MS,PONTA PORA,RMSI,79900001,79909999,8,0
MS,PORTO MURTINHO,RMSI,79280000,79289999,8,209.1
MS,RIO VERDE DE MATO GROSSO,RMSI,79480000,79489999,8,0
MS,SETE QUEDAS,RMSI,79935000,79939999,8,0
MS,SONORA,RMSI,79415000,79419999,8,0
MS,TACURU,RMSI,79975000,79979999,8,0
MS,TAQUARUSSU,RMSI,79765000,79769999,8,0
MS,AGUA CLARA,RMSR,79680000,79689999,8,0
MS,APARECIDA DO TABOADO,RMSR,79570000,79579999,8,0
MS,AQUIDAUANA,RMSR,79200000,79209999,8,0
MS,BANDEIRANTES,RMSR,79430000,79439999,8,0
MS,BATAGUASSU,RMSR,79780000,79784999,8,0
MS,BELA VISTA,RMSR,79260000,79269999,8,0
MS,BONITO,RMSR,79290000,79299999,8,0
MS,BRASILANDIA,RMSR,79670000,79679999,8,0
MS,CAARAPO,RMSR,79940000,79946999,8,0
MS,CORGUINHO,RMSR,79460000,79469999,8,209.1
MS,DEODAPOLIS,RMSR,79790000,79799999,8,0
MS,DOIS IRMAOS DO BURITI,RMSR,79215000,79219999,8,0
MS,DOURADINA,RMSR,79880000,79889999,8,0
MS,DOURADOS,RMSR,79800001,79879999,8,0
MS,FATIMA DO SUL,RMSR,79700000,79709999,8,0
MS,GLORIA DE DOURADOS,RMSR,79730000,79739999,8,0
MS,GUIA LOPES DA LAGUNA,RMSR,79230000,79239999,8,0
MS,INOCENCIA,RMSR,79580000,79589999,8,0
MS,ITAPORA,RMSR,79890000,79899999,8,0
MS,IVINHEMA,RMSR,79740000,79744999,8,0
MS,JARAGUARI,RMSR,79440000,79449999,8,0
MS,JARDIM,RMSR,79240000,79259999,8,0
MS,JATEI,RMSR,79720000,79729999,8,0
MS,LADARIO,RMSR,79370000,79379999,8,0
MS,MARACAJU,RMSR,79150000,79169999,8,0
MS,MIRANDA,RMSR,79380000,79389999,8,0
MS,NIOAQUE,RMSR,79220000,79229999,8,0
MS,NOVA ALVORADA DO SUL,RMSR,79140000,79149999,8,0
MS,NOVA ANDRADINA,RMSR,79750000,79759999,8,0
MS,PARANAIBA,RMSR,79500000,79529999,8,0
MS,RIBAS DO RIO PARDO,RMSR,79180000,79189999,8,0
MS,RIO BRILHANTE,RMSR,79130000,79139999,8,0
MS,RIO NEGRO,RMSR,79470000,79479999,8,209.1
MS,ROCHEDO,RMSR,79450000,79459999,8,209.1
MS,SANTA RITA DO PARDO,RMSR,79690000,79699999,8,0
MS,SAO GABRIEL DO OESTE,RMSR,79490000,79499999,8,0
MS,SELVIRIA,RMSR,79590000,79599999,8,0
MS,SIDROLANDIA,RMSR,79170000,79179999,8,0
MS,TERENOS,RMSR,79190000,79199999,8,0
MS,TRES LAGOAS,RMSR,79600001,79669999,8,0
MS,VICENTINA,RMSR,79710000,79719999,8,0
MT,VARZEA GRANDE,PANR,78110000,78169999,8,0
MT,ACORIZAL,RMTI,78485000,78489999,8,209.1
MT,AGUA BOA,RMTI,78635000,78637999,8,0
MT,ALTA FLORESTA,RMTI,78580000,78586999,8,0
MT,ALTO ARAGUAIA,RMTI,78780000,78784999,8,0
MT,ALTO BOA VISTA,RMTI,78665000,78667999,8,209.1
MT,ALTO GARCAS,RMTI,78770000,78772999,8,0
MT,ALTO PARAGUAI,RMTI,78410000,78414999,8,0
MT,ALTO TAQUARI,RMTI,78785000,78789999,8,0
MT,APIACAS,RMTI,78595000,78599999,8,0
MT,ARAGUAIANA,RMTI,78685000,78689999,8,0
MT,ARAGUAINHA,RMTI,78615000,78619999,8,0
MT,ARAPUTANGA,RMTI,78260000,78264999,8,0
MT,ARENAPOLIS,RMTI,78420000,78424999,8,0
MT,ARIPUANA,RMTI,78325000,78329999,8,0
MT,BARAO DE MELGACO,RMTI,78190000,78194999,8,209.1
MT,BARRA DO BUGRES,RMTI,78390000,78397999,8,0
MT,BOM JESUS DO ARAGUAIA,RMTI,78678000,78679999,8,209.1
MT,BRASNORTE,RMTI,78350000,78359999,8,0
MT,CACERES,RMTI,78200001,78236999,8,0
MT,CAMPINAPOLIS,RMTI,78630000,78634999,8,0
MT,CAMPO NOVO DO PARECIS,RMTI,78360000,78364999,8,0
MT,CAMPOS DE JULIO,RMTI,78319000,78319999,8,0
MT,CANABRAVA DO NORTE,RMTI,78658000,78659999,8,209.1
MT,CANARANA,RMTI,78640000,78642999,8,0
MT,CARLINDA,RMTI,78587000,78589999,8,0
MT,CASTANHEIRA,RMTI,78345000,78349999,8,0
MT,CHAPADA DOS GUIMARAES,RMTI,78195000,78199999,8,0
MT,CLAUDIA,RMTI,78540000,78542999,8,0
MT,COCALINHO,RMTI,78680000,78684999,8,209.1
MT,COLIDER,RMTI,78500000,78504999,8,0
MT,COLNIZA,RMTI,78335000,78337999,8,0
MT,COMODORO,RMTI,78310000,78318999,8,0
MT,CONFRESA,RMTI,78652000,78654999,8,209.1
MT,CONQUISTA D OESTE,RMTI,78254000,78254999,8,0
MT,COTRIGUACU,RMTI,78330000,78334999,8,0
MT,CURVELANDIA,RMTI,78237000,78239999,8,0
MT,DENISE,RMTI,78380000,78389999,8,0
MT,FELIZ NATAL,RMTI,78885000,78886999,8,0
MT,FIGUEIROPOLIS D OESTE,RMTI,78290000,78292999,8,0
MT,GAUCHA DO NORTE,RMTI,78875000,78879999,8,0
MT,GENERAL CARNEIRO,RMTI,78620000,78624999,8,0
MT,GLORIA D OESTE,RMTI,78293000,78294999,8,0
MT,GUARANTA DO NORTE,RMTI,78520000,78524999,8,0
MT,GUIRATINGA,RMTI,78760000,78769999,8,0
MT,INDIAVAI,RMTI,78295000,78299999,8,0
MT,IPIRANGA DO NORTE,RMTI,78578000,78578999,8,0
MT,ITANHANGA,RMTI,78579000,78579999,8,0
MT,ITAUBA,RMTI,78510000,78512999,8,0
MT,ITIQUIRA,RMTI,78790000,78794999,8,0
MT,JANGADA,RMTI,78490000,78499999,8,0
MT,JAURU,RMTI,78255000,78259999,8,0
MT,JUARA,RMTI,78575000,78577999,8,0
MT,JUINA,RMTI,78320000,78324999,8,0
MT,JURUENA,RMTI,78340000,78344999,8,0
MT,LAMBARI D OESTE,RMTI,78278000,78279999,8,0
MT,LUCIARA,RMTI,78660000,78662999,8,209.1
MT,MARCELANDIA,RMTI,78535000,78539999,8,0
MT,MATUPA,RMTI,78525000,78527999,8,0
MT,MIRASSOL D OESTE,RMTI,78280000,78284999,8,0
MT,NORTELANDIA,RMTI,78430000,78434999,8,0
MT,NOSSA SENHORA DO LIVRAMENTO,RMTI,78170000,78174999,8,0
MT,NOVA BANDEIRANTES,RMTI,78565000,78569999,8,0
MT,NOVA BRASILANDIA,RMTI,78860000,78867999,8,209.1
MT,NOVA CANAA DO NORTE,RMTI,78515000,78519999,8,0
MT,NOVA GUARITA,RMTI,78508000,78509999,8,0
MT,NOVA LACERDA,RMTI,78243000,78244999,8,0
MT,NOVA MARILANDIA,RMTI,78415000,78419999,8,0
MT,NOVA MARINGA,RMTI,78440000,78444999,8,0
MT,NOVA MONTE VERDE,RMTI,78593000,78594999,8,0
MT,NOVA NAZARE,RMTI,78638000,78639999,8,0
MT,NOVA OLIMPIA,RMTI,78370000,78379999,8,0
MT,NOVA SANTA HELENA,RMTI,78513000,78514999,8,0
MT,NOVA UBIRATA,RMTI,78888000,78889999,8,0
MT,NOVA XAVANTINA,RMTI,78690000,78694999,8,0
MT,NOVO HORIZONTE DO NORTE,RMTI,78570000,78572999,8,0
MT,NOVO MUNDO,RMTI,78528000,78529999,8,0
MT,NOVO SANTO ANTONIO,RMTI,78674000,78674999,8,209.1
MT,NOVO SAO JOAQUIM,RMTI,78625000,78627999,8,0
MT,PARANAITA,RMTI,78590000,78592999,8,0
MT,PARANATINGA,RMTI,78870000,78874999,8,0
MT,PEIXOTO DE AZEVEDO,RMTI,78530000,78534999,8,0
MT,PLANALTO DA SERRA,RMTI,78855000,78859999,8,209.1
MT,POCONE,RMTI,78175000,78179999,8,0
MT,PONTAL DO ARAGUAIA,RMTI,78698000,78699999,8,0
MT,PONTE BRANCA,RMTI,78610000,78612999,8,0
MT,PONTES E LACERDA,RMTI,78250000,78252999,8,0
MT,PORTO ALEGRE DO NORTE,RMTI,78655000,78657999,8,209.1
MT,PORTO DOS GAUCHOS,RMTI,78560000,78562999,8,0
MT,PORTO ESPERIDIAO,RMTI,78240000,78242999,8,0
MT,RONDOLANDIA,RMTI,78338000,78339999,8,350.55
MT,SANTA CRUZ DO XINGU,RMTI,78664000,78664999,8,209.1
MT,SANTA TEREZINHA,RMTI,78650000,78651999,8,209.1
MT,SAO FELIX DO ARAGUAIA,RMTI,78670000,78673999,8,209.1
MT,SAO JOSE DO XINGU,RMTI,78663000,78663999,8,209.1
MT,SERRA NOVA DOURADA,RMTI,78668000,78669999,8,209.1
MT,TERRA NOVA DO NORTE,RMTI,78505000,78507999,8,0
MT,VILA RICA,RMTI,78645000,78649999,8,209.1
MT,BARRA DO GARCAS,RMTR,78600001,78609999,8,0
MT,CAMPO VERDE,RMTR,78840000,78849999,8,0
MT,DIAMANTINO,RMTR,78400000,78409999,8,0
MT,DOM AQUINO,RMTR,78830000,78834999,8,0
MT,JACIARA,RMTR,78820000,78829999,8,0
MT,JUSCIMEIRA,RMTR,78810000,78819999,8,0
MT,LUCAS DO RIO VERDE,RMTR,78460000,78469999,8,0
MT,NOBRES,RMTR,78470000,78479999,8,0
MT,NOVA MUTUM,RMTR,78450000,78459999,8,0
MT,PEDRA PRETA,RMTR,78795000,78799999,8,0
MT,PORTO ESTRELA,RMTR,78398000,78399999,8,0
MT,PRIMAVERA DO LESTE,RMTR,78850000,78854999,8,0
MT,RONDONOPOLIS,RMTR,78700001,78759999,8,0
MT,ROSARIO OESTE,RMTR,78480000,78484999,8,0
MT,SAO PEDRO DA CIPA,RMTR,78835000,78839999,8,0
MT,SINOP,RMTR,78548001,78559999,8,0
MT,SORRISO,RMTR,78890000,78899999,8,0
MT,TANGARA DA SERRA,RMTR,78300001,78309999,8,0
MT,TORIXOREU,RMTR,78695000,78697999,8,0
PE,ABREU E LIMA,RPEP,53500001,53599999,8,0
PE,CABO DE SANTO AGOSTINHO,RPEP,54500001,54599999,8,0
PE,CAMARAGIBE,RPEP,54750001,54799999,8,0
PE,IGARASSU,RPEP,53600001,53689999,8,0
PE,ILHA DE ITAMARACA,RPEP,53900000,53989999,8,0
PE,IPOJUCA,RPEP,55590000,55599999,8,0
PE,ITAPISSUMA,RPEP,53700000,53899999,8,0
PE,JABOATAO DOS GUARARAPES,RPEP,54000001,54499999,8,0
PE,MORENO,RPEP,54800000,54979999,8,0
PE,OLINDA,RPEP,53000001,53399999,8,0
PE,PAUDALHO,RPEP,55825000,55834999,8,0
PE,PAULISTA,RPEP,53400001,53499999,8,0
PE,RECIFE,RPEP,50000001,52999999,8,0
PE,SAO LOURENCO DA MATA,RPEP,54700001,54749999,8,0
PE,VITORIA DE SANTO ANTAO,RPEP,55600001,55619999,8,0
PE,ARACOIABA,TRPI,53690000,53699999,8,0
PE,CARPINA,TRPI,55810001,55819999,8,0
PE,CHA DE ALEGRIA,TRPI,55835000,55839999,8,0
PE,ESCADA,TRPI,55500000,55509999,8,0
PE,FEIRA NOVA,TRPI,55715000,55719999,8,0
PE,GLORIA DO GOITA,TRPI,55620000,55629999,8,0
PE,GOIANA,TRPI,55900000,55919999,8,0
PE,LAGOA DO CARRO,TRPI,55820000,55824999,8,0
PE,NAZARE DA MATA,TRPI,55800000,55804999,8,0
PE,TRACUNHAEM,TRPI,55805000,55809999,8,0
RO,PORTO VELHO,RROP,76800001,76849999,8,0
MG,ABAETE,GRFI,35620000,35620999,9,104
MG,ALBERTINA,GRFI,37596000,37599999,9,143
MG,ALTEROSA,GRFI,37145000,37147999,9,0
MG,AREADO,GRFI,37140000,37141999,9,0
MG,BALDIM,GRFI,35732000,35735999,9,130
MG,BAMBUI,GRFI,38900000,38909999,9,0
MG,BIQUINHAS,GRFI,35621000,35621999,9,416
MG,BOM JESUS DA PENHA,GRFI,37948000,37949999,9,195
MG,BONFIM,GRFI,35480000,35484999,9,390
MG,BOTELHOS,GRFI,37720000,37729999,9,0
MG,CAMACHO,GRFI,35555000,35556999,9,390
MG,CAPETINGA,GRFI,37993000,37996999,9,0
MG,CARMO DA MATA,GRFI,35547000,35549999,9,0
MG,CARMO DO RIO CLARO,GRFI,37150000,37159999,9,0
MG,CARMOPOLIS DE MINAS,GRFI,35534000,35535999,9,130
MG,CARVALHOPOLIS,GRFI,37760000,37774999,9,143
MG,CATUTI,GRFI,39526000,39526999,9,0
MG,CENTRAL DE MINAS,GRFI,35260000,35264999,9,0
MG,CENTRALINA,GRFI,38390000,38399999,9,0
MG,CLAUDIO,GRFI,35530000,35533999,9,0
MG,CONCEICAO DAS PEDRAS,GRFI,37527000,37529999,9,195
MG,CONCEICAO DO RIO VERDE,GRFI,37430000,37439999,9,0
MG,CORDISLANDIA,GRFI,37498000,37499999,9,195
MG,CORONEL FABRICIANO,GRFI,35170001,35176999,9,0
MG,CORREGO DO BOM JESUS,GRFI,37605000,37609999,9,195
MG,CORREGO FUNDO,GRFI,35568000,35568999,9,0
MG,CRUZILIA,GRFI,37445000,37446999,9,0
MG,DELTA,GRFI,38108000,38109999,9,130
MG,DORES DO INDAIA,GRFI,35610000,35612999,9,104
MG,ESTRELA DO INDAIA,GRFI,35613000,35616999,9,104
MG,FREI INOCENCIO,GRFI,35112000,35112999,9,0
MG,GOVERNADOR VALADARES,GRFI,35000001,35109999,9,0
MG,GUARANESIA,GRFI,37810000,37819999,9,0
MG,GUAXUPE,GRFI,37830000,37837999,9,0
MG,GURINHATA,GRFI,38310000,38319999,9,104
MG,IBIRACI,GRFI,37990000,37992999,9,195
MG,IBITURUNA,GRFI,37223000,37224999,9,156
MG,IGUATAMA,GRFI,38910000,38929999,9,0
MG,ILICINEA,GRFI,37175000,37176999,9,195
MG,IPABA,GRFI,35198000,35198999,9,0
MG,IPATINGA,GRFI,35150001,35169999,9,0
MG,ITABIRINHA,GRFI,35280000,35289999,9,0
MG,ITAGUARA,GRFI,35488000,35489999,9,0
MG,ITAMBACURI,GRFI,39830000,39834999,9,0
MG,ITAMOGI,GRFI,37973000,37974999,9,0
MG,ITAPECERICA,GRFI,35550000,35554999,9,0
MG,ITATIAIUCU,GRFI,35685000,35689999,9,0
MG,ITAU DE MINAS,GRFI,37975000,37979999,9,0
MG,ITUMIRIM,GRFI,37210000,37214999,9,195
MG,JACUI,GRFI,37965000,37967999,9,195
MG,JURUAIA,GRFI,37805000,37809999,9,0
MG,LUZ,GRFI,35595000,35597999,9,0
MG,MANTENA,GRFI,35290000,35297999,9,0
MG,MARAVILHAS,GRFI,35666000,35666999,9,390
MG,MARIA DA FE,GRFI,37517000,37519999,9,143
MG,MARTINHO CAMPOS,GRFI,35606000,35609999,9,0
MG,MEDEIROS,GRFI,38930000,38949999,9,104
MG,MENDES PIMENTEL,GRFI,35270000,35274999,9,0
MG,MOEMA,GRFI,35604000,35605999,9,0
MG,MORADA NOVA DE MINAS,GRFI,35628000,35629999,9,390
MG,MUNHOZ,GRFI,37620000,37629999,9,195
MG,MUZAMBINHO,GRFI,37890000,37899999,9,0
MG,NOVA RESENDE,GRFI,37860000,37879999,9,0
MG,PAINEIRAS,GRFI,35622000,35623999,9,286
MG,PAINS,GRFI,35582000,35584999,9,0
MG,PAPAGAIOS,GRFI,35669000,35669999,9,390
MG,PEDRA DO INDAIA,GRFI,35565000,35566999,9,0
MG,PEQUI,GRFI,35667000,35667999,9,390
MG,PIRACEMA,GRFI,35536000,35536999,9,390
MG,POMPEU,GRFI,35640000,35649999,9,104
MG,QUARTEL GERAL,GRFI,35625000,35627999,9,104
MG,RIBEIRAO VERMELHO,GRFI,37264000,37266999,9,143
MG,SANTANA DO PARAISO,GRFI,35179000,35179999,9,0
MG,SAO FRANCISCO DE PAULA,GRFI,35543000,35543999,9,0
MG,SAO GONCALO DO PARA,GRFI,35544000,35544999,9,0
MG,SAO JOAO BATISTA DO GLORIA,GRFI,37920000,37921999,9,195
MG,SAO JOAO DO MANTENINHA,GRFI,35277000,35279999,9,0
MG,SAO JOSE DA VARGINHA,GRFI,35694000,35694999,9,195
MG,SAO SEBASTIAO DO OESTE,GRFI,35567000,35567999,9,0
MG,SAO TOMAS DE AQUINO,GRFI,37960000,37964999,9,0
MG,TEOFILO OTONI,GRFI,39800001,39809999,9,0
MG,TIMOTEO,GRFI,35180001,35184999,9,0
MG,VIRGINIA,GRFI,37465000,37465999,9,195
PB,CRUZ DO ESPIRITO SANTO,RPBP,58337000,58337999,9,0
PB,JOAO PESSOA,RPBP,58000001,58099999,9,0
PB,SANTA RITA,RPBP,58300001,58309999,9,0
SC,ABELARDO LUZ,CHAP,89830000,89831999,9,0
SC,AGUA DOCE,CHAP,89654000,89659999,9,0
SC,AGUAS DE CHAPECO,CHAP,89883000,89884999,9,0
SC,AGUAS FRIAS,CHAP,89843000,89844999,9,133.33
SC,ALTO BELA VISTA,CHAP,89730000,89734999,9,400
SC,ANCHIETA,CHAP,89970000,89979999,9,0
SC,ARABUTA,CHAP,89740000,89744999,9,0
SC,ARROIO TRINTA,CHAP,89590000,89594999,9,0
SC,ARVOREDO,CHAP,89778000,89779999,9,133.33
SC,BANDEIRANTE,CHAP,89905000,89905999,9,160
SC,BARRA BONITA,CHAP,89909000,89909999,9,200
SC,BELMONTE,CHAP,89925000,89929999,9,133.33
SC,BOM JESUS,CHAP,89824000,89824999,9,0
SC,BOM JESUS DO OESTE,CHAP,89873000,89873999,9,400
SC,CACADOR,CHAP,89500001,89514999,9,0
SC,CAIBI,CHAP,89888000,89889999,9,0
SC,CALMON,CHAP,89430000,89439999,9,400
SC,CAMPO ERE,CHAP,89980000,89980999,9,0
SC,CAMPOS NOVOS,CHAP,89620000,89632999,9,106.67
SC,CAPINZAL,CHAP,89665000,89666999,9,0
SC,CATANDUVAS,CHAP,89670000,89674999,9,0
SC,CAXAMBU DO SUL,CHAP,89880000,89881999,9,133.33
SC,CHAPECO,CHAP,89800001,89816999,9,0
SC,CONCORDIA,CHAP,89700001,89729999,9,0
SC,CORDILHEIRA ALTA,CHAP,89819000,89819999,9,0
SC,CORONEL FREITAS,CHAP,89840000,89842999,9,0
SC,CORONEL MARTINS,CHAP,89837000,89837999,9,0
SC,CUNHA PORA,CHAP,89890000,89890999,9,0
SC,CUNHATAI,CHAP,89886000,89886999,9,133.33
SC,DESCANSO,CHAP,89910000,89914999,9,0
SC,DIONISIO CERQUEIRA,CHAP,89950000,89969999,9,400
SC,ENTRE RIOS,CHAP,89862000,89864999,9,200
SC,ERVAL VELHO,CHAP,89613000,89617999,9,0
SC,FAXINAL DOS GUEDES,CHAP,89694000,89699999,9,0
SC,FLOR DO SERTAO,CHAP,89878000,89878999,9,160
SC,FORMOSA DO SUL,CHAP,89859000,89859999,9,0
SC,FRAIBURGO,CHAP,89580000,89589999,9,0
SC,GALVAO,CHAP,89838000,89838999,9,0
SC,GUARACIABA,CHAP,89920000,89924999,9,0
SC,GUARUJA DO SUL,CHAP,89940000,89949999,9,0
SC,GUATAMBU,CHAP,89817000,89817999,9,0
SC,HERVAL D OESTE,CHAP,89610000,89612999,9,0
SC,IBIAM,CHAP,89652000,89653999,9,400
SC,IBICARE,CHAP,89640000,89641999,9,0
SC,IOMERE,CHAP,89558000,89559999,9,0
SC,IPIRA,CHAP,89669000,89669999,9,0
SC,IPORA DO OESTE,CHAP,89899000,89899999,9,0
SC,IPUACU,CHAP,89832000,89833999,9,0
SC,IPUMIRIM,CHAP,89790000,89799999,9,0
SC,IRACEMINHA,CHAP,89891000,89892999,9,133.33
SC,IRANI,CHAP,89680000,89682999,9,0
SC,IRATI,CHAP,89856000,89858999,9,0
SC,ITA,CHAP,89760000,89764999,9,0
SC,ITAPIRANGA,CHAP,89896000,89896999,9,0
SC,JABORA,CHAP,89677000,89679999,9,133.33
SC,JARDINOPOLIS,CHAP,89848000,89849999,9,0
SC,JOACABA,CHAP,89600000,89608999,9,0
SC,JUPIA,CHAP,89839000,89839999,9,0
SC,LACERDOPOLIS,CHAP,89660000,89662999,9,0
SC,LAJEADO GRANDE,CHAP,89828000,89829999,9,66.67
SC,LEBON REGIS,CHAP,89515000,89517999,9,160
SC,LINDOIA DO SUL,CHAP,89735000,89739999,9,0
SC,LUZERNA,CHAP,89609000,89609999,9,0
SC,MACIEIRA,CHAP,89518000,89519999,9,200
SC,MARAVILHA,CHAP,89874000,89874999,9,0
SC,MAREMA,CHAP,89860000,89861999,9,133.33
SC,MATOS COSTA,CHAP,89420000,89429999,9,400
SC,MODELO,CHAP,89872000,89872999,9,93.33
SC,MONDAI,CHAP,89893000,89894999,9,0
SC,MONTE CARLO,CHAP,89618000,89619999,9,160
SC,NOVA ERECHIM,CHAP,89865000,89867999,9,0
SC,NOVA ITABERABA,CHAP,89818000,89818999,9,0
SC,NOVO HORIZONTE,CHAP,89998000,89999999,9,0
SC,OURO,CHAP,89663000,89664999,9,0
SC,OURO VERDE,CHAP,89834000,89834999,9,0
SC,PAIAL,CHAP,89765000,89769999,9,133.33
SC,PALMA SOLA,CHAP,89985000,89989999,9,0
SC,PALMITOS,CHAP,89887000,89887999,9,0
SC,PARAISO,CHAP,89906000,89907999,9,200
SC,PASSOS MAIA,CHAP,89687000,89689999,9,160
SC,PERITIBA,CHAP,89750000,89759999,9,0
SC,PINHALZINHO,CHAP,89870000,89870999,9,0
SC,PINHEIRO PRETO,CHAP,89570000,89579999,9,0
SC,PIRATUBA,CHAP,89667000,89668999,9,0
SC,PLANALTO ALEGRE,CHAP,89882000,89882999,9,0
SC,PONTE SERRADA,CHAP,89683000,89686999,9,0
SC,PRESIDENTE CASTELLO BRANCO,CHAP,89745000,89749999,9,0
SC,PRINCESA,CHAP,89935000,89939999,9,0
SC,QUILOMBO,CHAP,89850000,89853999,9,0
SC,RIO DAS ANTAS,CHAP,89550000,89557999,9,0
SC,RIQUEZA,CHAP,89895000,89895999,9,0
SC,ROMELANDIA,CHAP,89908000,89908999,9,160
SC,SALTINHO,CHAP,89981000,89981999,9,0
SC,SALTO VELOSO,CHAP,89595000,89599999,9,0
SC,SANTA HELENA,CHAP,89915000,89919999,9,0
SC,SANTA TEREZINHA DO PROGRESSO,CHAP,89983000,89984999,9,266.67
SC,SANTIAGO DO SUL,CHAP,89854000,89854999,9,0
SC,SAO BERNARDINO,CHAP,89982000,89982999,9,0
SC,SAO CARLOS,CHAP,89885000,89885999,9,0
SC,SAO DOMINGOS,CHAP,89835000,89836999,9,0
SC,SAO JOAO DO OESTE,CHAP,89897000,89897999,9,0
SC,SAO JOSE DO CEDRO,CHAP,89930000,89934999,9,0
SC,SAO LOURENCO DO OESTE,CHAP,89990000,89997999,9,0
SC,SAO MIGUEL DA BOA VISTA,CHAP,89879000,89879999,9,400
SC,SAO MIGUEL DO OESTE,CHAP,89900000,89904999,9,0
SC,SAUDADES,CHAP,89868000,89869999,9,0
SC,SEARA,CHAP,89770000,89777999,9,0
SC,SERRA ALTA,CHAP,89871000,89871999,9,133.33
SC,SUL BRASIL,CHAP,89855000,89855999,9,200
SC,TANGARA,CHAP,89642000,89649999,9,0
SC,TIGRINHOS,CHAP,89875000,89877999,9,133.33
SC,TIMBO GRANDE,CHAP,89545000,89549999,9,800
SC,TREZE TILIAS,CHAP,89650000,89651999,9,0
SC,TUNAPOLIS,CHAP,89898000,89898999,9,133.33
SC,UNIAO DO OESTE,CHAP,89845000,89847999,9,0
SC,VARGEAO,CHAP,89690000,89693999,9,0
SC,VARGEM BONITA,CHAP,89675000,89676999,9,333.33
SC,VIDEIRA,CHAP,89560001,89569999,9,0
SC,XANXERE,CHAP,89820000,89823999,9,0
SC,XAVANTINA,CHAP,89780000,89789999,9,106.67
SC,XAXIM,CHAP,89825000,89827999,9,0
SC,ZORTEA,CHAP,89633000,89633999,9,160
BA,AIQUARA,CENI,45220000,45224999,10,0
BA,ALMADINA,CENI,45640000,45644999,10,312
BA,ANAGE,CENI,45180000,45189999,10,0
BA,ARACATU,CENI,46130000,46139999,10,0
BA,ARATACA,CENI,45695000,45699999,10,0
BA,AURELINO LEAL,CENI,45675000,45679999,10,0
BA,BARRA DA ESTIVA,CENI,46650000,46669999,10,0
BA,BARRA DO ROCHA,CENI,45560000,45569999,10,0
BA,BARRO PRETO,CENI,45625000,45629999,10,0
BA,BELO CAMPO,CENI,45160000,45169999,10,0
BA,BOA NOVA,CENI,45250000,45254999,10,0
BA,BOM JESUS DA LAPA,CENI,47600000,47609999,10,100
BA,BOM JESUS DA SERRA,CENI,45258000,45259999,10,0
BA,BOQUIRA,CENI,46530000,46539999,10,0
BA,BOTUPORA,CENI,46570000,46574999,10,0
BA,BRUMADO,CENI,46100001,46126999,10,0
BA,BUERAREMA,CENI,45615000,45619999,10,0
BA,CACULE,CENI,46300000,46309999,10,0
BA,CAETITE,CENI,46400000,46424999,10,0
BA,CAMACAN,CENI,45880000,45889999,10,0
BA,CANAVIEIRAS,CENI,45860000,45864999,10,0
BA,CANDIBA,CENI,46380000,46389999,10,0
BA,CANDIDO SALES,CENI,45157000,45159999,10,0
BA,CARAIBAS,CENI,45177000,45179999,10,0
BA,CARINHANHA,CENI,46445000,46445999,10,0
BA,CATURAMA,CENI,46575000,46579999,10,0
BA,COARACI,CENI,45638000,45639999,10,0
BA,CONDEUBA,CENI,46200000,46204999,10,0
BA,CORDEIROS,CENI,46280000,46289999,10,0
BA,DARIO MEIRA,CENI,45590000,45599999,10,0
BA,DOM BASILIO,CENI,46165000,46169999,10,0
BA,EUNAPOLIS,CENI,45820001,45833999,10,0
BA,FIRMINO ALVES,CENI,45720000,45724999,10,0
BA,FLORESTA AZUL,CENI,45740000,45744999,10,0
BA,GONGOGI,CENI,45540000,45544999,10,0
BA,GUAJERU,CENI,46205000,46219999,10,0
BA,GUANAMBI,CENI,46430000,46437999,10,0
BA,IBIASSUCE,CENI,46390000,46399999,10,0
BA,IBICARAI,CENI,45745000,45749999,10,0
BA,IBICUI,CENI,45290000,45299999,10,0
BA,IBIPITANGA,CENI,46540000,46549999,10,0
BA,IBIRATAIA,CENI,45580000,45584999,10,0
BA,IBITITA,CENI,44960000,44969999,10,0
BA,IGAPORA,CENI,46490000,46499999,10,0
BA,IGUAI,CENI,45280000,45289999,10,0
BA,ILHEUS,CENI,45650001,45674999,10,0
BA,ITABELA,CENI,45848000,45849999,10,0
BA,ITABUNA,CENI,45600001,45614999,10,0
BA,ITACARE,CENI,45530000,45539999,10,0
BA,ITAGI,CENI,45230000,45239999,10,0
BA,ITAGIBA,CENI,45585000,45589999,10,0
BA,ITAGIMIRIM,CENI,45850000,45854999,10,0
BA,ITAJU DO COLONIA,CENI,45730000,45739999,10,0
BA,ITAMBE,CENI,45140000,45149999,10,0
BA,ITAPE,CENI,45750000,45759999,10,0
BA,ITAPEBI,CENI,45855000,45859999,10,0
BA,ITAPETINGA,CENI,45700000,45709999,10,0
BA,ITAPITANGA,CENI,45645000,45649999,10,0
BA,ITIRUCU,CENI,45350000,45354999,10,0
BA,ITORORO,CENI,45710000,45719999,10,0
BA,ITUACU,CENI,46640000,46649999,10,0
BA,IUIU,CENI,46438001,46439999,10,0
BA,JACARACI,CENI,46310000,46329999,10,0
BA,JITAUNA,CENI,45225000,45229999,10,0
BA,JUSSARI,CENI,45622000,45624999,10,0
BA,LAFAIETE COUTINHO,CENI,45215000,45219999,10,0
BA,LAJEDO DO TABOCAL,CENI,45365000,45369999,10,0
BA,LICINIO DE ALMEIDA,CENI,46330000,46349999,10,0
BA,LIVRAMENTO DE NOSSA SENHORA,CENI,46140000,46164999,10,0
BA,MACAUBAS,CENI,46500000,46529999,10,0
BA,MAETINGA,CENI,46255000,46269999,10,0
BA,MALHADA,CENI,46440000,46444999,10,0
BA,MALHADA DE PEDRAS,CENI,46127000,46129999,10,0
BA,MARACAS,CENI,45360000,45364999,10,0
BA,MASCOTE,CENI,45870000,45879999,10,0
BA,MATINA,CENI,46480000,46489999,10,0
BA,MORTUGABA,CENI,46290000,46299999,10,0
BA,NOVA CANAA,CENI,45270000,45279999,10,0
BA,PALMAS DE MONTE ALTO,CENI,46460000,46469999,10,0
BA,PARAMIRIM,CENI,46190000,46199999,10,0
BA,PAU BRASIL,CENI,45890000,45899999,10,0
BA,PINDAI,CENI,46360000,46379999,10,0
BA,PIRIPA,CENI,46270000,46279999,10,0
BA,PLANALTO,CENI,45190000,45199999,10,0
BA,POTIRAGUA,CENI,45790000,45799999,10,0
BA,PRESIDENTE JANIO QUADROS,CENI,46250000,46254999,10,0
BA,RIACHO DE SANTANA,CENI,46470000,46479999,10,0
BA,RIO DE CONTAS,CENI,46170000,46179999,10,0
BA,RIO DO ANTONIO,CENI,46220000,46249999,10,0
BA,RIO DO PIRES,CENI,46550000,46569999,10,0
BA,SANTA CRUZ DA VITORIA,CENI,45725000,45729999,10,0
BA,SANTA LUZIA,CENI,45865000,45869999,10,0
BA,SANTA MARIA DA VITORIA,CENI,47640000,47649999,10,0
BA,SAO JOSE DA VITORIA,CENI,45620000,45621999,10,0
BA,SEBASTIAO LARANJEIRAS,CENI,46450000,46459999,10,0
BA,TANHACU,CENI,46600000,46619999,10,0
BA,TANQUE NOVO,CENI,46580000,46599999,10,0
BA,UBAITABA,CENI,45545000,45549999,10,0
BA,UBATA,CENI,45550000,45559999,10,0
BA,UNA,CENI,45690000,45694999,10,0
BA,URUCUCA,CENI,45680000,45689999,10,0
BA,BARRA DO CHOCA,CENP,45120000,45129999,10,0
BA,IPIAU,CENP,45570000,45579999,10,0
BA,JAGUAQUARA,CENP,45345000,45349999,10,850
BA,JEQUIE,CENP,45200001,45214999,10,0
BA,MANOEL VITORINO,CENP,45240000,45249999,10,0
BA,POCOES,CENP,45260000,45269999,10,0
BA,VITORIA DA CONQUISTA,CENP,45000001,45119999,10,0
BA,ABARE,RBAI,48680000,48699999,10,0
BA,ACAJUTIBA,RBAI,48360000,48369999,10,0
BA,ADUSTINA,RBAI,48435000,48439999,10,0
BA,AGUA FRIA,RBAI,48170000,48179999,10,0
BA,AMARGOSA,RBAI,45300000,45304999,10,0
BA,AMELIA RODRIGUES,RBAI,44230000,44244999,10,0
BA,AMERICA DOURADA,RBAI,44910000,44914999,10,0
BA,ANDARAI,RBAI,46830000,46834999,10,0
BA,ANDORINHA,RBAI,48990000,48999999,10,0
BA,ANGUERA,RBAI,44670001,44679999,10,0
BA,ANTAS,RBAI,48420000,48429999,10,0
BA,ANTONIO CARDOSO,RBAI,44180000,44189999,10,0
BA,ANTONIO GONCALVES,RBAI,44780000,44789999,10,0
BA,APORA,RBAI,48350000,48359999,10,0
BA,APUAREMA,RBAI,45355000,45359999,10,450
BA,ARACAS,RBAI,48108000,48109999,10,0
BA,ARACI,RBAI,48760000,48769999,10,0
BA,ARAMARI,RBAI,48130000,48139999,10,0
BA,ARATUIPE,RBAI,44490000,44499999,10,0
BA,BAIANOPOLIS,RBAI,47830000,47844999,10,0
BA,BAIXA GRANDE,RBAI,44620000,44629999,10,0
BA,BANZAE,RBAI,48405000,48409999,10,450
BA,BARRA,RBAI,47100000,47114999,10,450
BA,BARRA DO MENDES,RBAI,44990000,44999999,10,0
BA,BARREIRAS,RBAI,47800001,47819999,10,0
BA,BARRO ALTO,RBAI,44895000,44899999,10,0
BA,BARROCAS,RBAI,48705000,48709999,10,0
BA,BIRITINGA,RBAI,48780000,48789999,10,0
BA,BOA VISTA DO TUPIM,RBAI,46850000,46859999,10,0
BA,BONITO,RBAI,46820000,46824999,10,0
BA,BREJOES,RBAI,45325000,45329999,10,0
BA,BURITIRAMA,RBAI,47120000,47149999,10,450
BA,CAATIBA,RBAI,45130000,45139999,10,450
BA,CABACEIRAS DO PARAGUACU,RBAI,44345000,44349999,10,0
BA,CACHOEIRA,RBAI,44300000,44319999,10,0
BA,CAEM,RBAI,44730000,44739999,10,0
BA,CAFARNAUM,RBAI,44880000,44884999,10,0
BA,CAIRU,RBAI,45420000,45429999,10,0
BA,CALDEIRAO GRANDE,RBAI,44750000,44754999,10,0
BA,CAMPO ALEGRE DE LOURDES,RBAI,47220000,47239999,10,0
BA,CAMPO FORMOSO,RBAI,44790000,44797999,10,0
BA,CANARANA,RBAI,44890000,44894999,10,0
BA,CANDEAL,RBAI,48710000,48719999,10,0
BA,CANSANCAO,RBAI,48840000,48849999,10,0
BA,CANUDOS,RBAI,48520000,48539999,10,0
BA,CAPELA DO ALTO ALEGRE,RBAI,44645000,44649999,10,0
BA,CAPIM GROSSO,RBAI,44695000,44695000,10,0
BA,CAPIM GROSSO,RBAI,44820000,44829999,10,0
BA,CARDEAL DA SILVA,RBAI,48390000,48399999,10,0
BA,CASA NOVA,RBAI,47300000,47349999,10,0
BA,CASTRO ALVES,RBAI,44500000,44519999,10,0
BA,CATOLANDIA,RBAI,47845000,47849999,10,450
BA,CENTRAL,RBAI,44940000,44949999,10,0
BA,CHORROCHO,RBAI,48660000,48679999,10,0
BA,CICERO DANTAS,RBAI,48410000,48414999,10,0
BA,CIPO,RBAI,48450000,48454999,10,0
BA,CONCEICAO DO ALMEIDA,RBAI,44540000,44549999,10,0
BA,CONCEICAO DO COITE,RBAI,48730000,48749999,10,0
BA,CONDE,RBAI,48300000,48309999,10,450
BA,CONTENDAS DO SINCORA,RBAI,46620000,46639999,10,450
BA,CORACAO DE MARIA,RBAI,44250000,44254999,10,0
BA,CORIBE,RBAI,47690000,47699999,10,0
BA,CORONEL JOAO SA,RBAI,48590000,48599999,10,0
BA,COTEGIPE,RBAI,47900000,47939999,10,0
BA,CRAVOLANDIA,RBAI,45330000,45339999,10,0
BA,CRISOPOLIS,RBAI,48480000,48484999,10,0
BA,CRISTOPOLIS,RBAI,47950000,47959999,10,0
BA,CURACA,RBAI,48930000,48949999,10,0
BA,DOM MACEDO COSTA,RBAI,44560000,44564999,10,0
BA,ELISIO MEDRADO,RBAI,45305000,45309999,10,0
BA,ERICO CARDOSO,RBAI,46180000,46189999,10,450
BA,ESPLANADA,RBAI,48370000,48389999,10,0
BA,EUCLIDES DA CUNHA,RBAI,48500000,48519999,10,0
BA,FATIMA,RBAI,48415000,48419999,10,0
BA,FILADELFIA,RBAI,44775000,44779999,10,0
BA,FORMOSA DO RIO PRETO,RBAI,47990000,47999999,10,450
BA,GANDU,RBAI,45450000,45451999,10,0
BA,GAVIAO,RBAI,44650000,44654999,10,0
BA,GLORIA,RBAI,48620000,48629999,10,0
BA,HELIOPOLIS,RBAI,48445000,48449999,10,0
BA,IACU,RBAI,46860000,46874999,10,0
BA,IBICOARA,RBAI,46760000,46764999,10,0
BA,IBIPEBA,RBAI,44970000,44989999,10,0
BA,IBIQUERA,RBAI,46840000,46849999,10,1100
BA,IBIRAPITANGA,RBAI,45500000,45519999,10,450
BA,IBITIARA,RBAI,46700000,46729999,10,0
BA,IBOTIRAMA,RBAI,47520000,47529999,10,0
BA,ICHU,RBAI,48725000,48729999,10,0
BA,IGRAPIUNA,RBAI,45443000,45444999,10,0
BA,INHAMBUPE,RBAI,48490000,48499999,10,0
BA,IPECAETA,RBAI,44680000,44689999,10,0
BA,IRAJUBA,RBAI,45370000,45374999,10,0
BA,IRAQUARA,RBAI,46980000,46989999,10,0
BA,IRARA,RBAI,44255000,44259999,10,0
BA,IRECE,RBAI,44860000,44879999,10,0
BA,ITABERABA,RBAI,46880000,46899999,10,0
BA,ITAETE,RBAI,46790000,46799999,10,0
BA,ITAGUACU DA BAHIA,RBAI,47440000,47449999,10,0
BA,ITAJUIPE,RBAI,45630000,45637999,10,1100
BA,ITAMARI,RBAI,45455000,45459999,10,1100
BA,ITANAGRA,RBAI,48290000,48299999,10,0
BA,ITAPARICA,RBAI,44460000,44469999,10,450
BA,ITAPICURU,RBAI,48475000,48479999,10,0
BA,ITAQUARA,RBAI,45340000,45344999,10,1100
BA,ITARANTIM,RBAI,45780000,45789999,10,563
BA,ITATIM,RBAI,46875000,46879999,10,0
BA,ITIUBA,RBAI,48850000,48859999,10,0
BA,ITUBERA,RBAI,45435000,45435999,10,0
BA,JACOBINA,RBAI,44700000,44709999,10,0
BA,JAGUARARI,RBAI,48960000,48969999,10,0
BA,JAGUARIPE,RBAI,44480000,44489999,10,0
BA,JANDAIRA,RBAI,48310000,48329999,10,0
BA,JEREMOABO,RBAI,48540000,48564999,10,0
BA,JOAO DOURADO,RBAI,44920000,44924999,10,0
BA,JUCURUCU,RBAI,45834000,45835999,10,450
BA,JUSSARA,RBAI,44925000,44929999,10,0
BA,JUSSIAPE,RBAI,46670000,46689999,10,1100
BA,LAGOA REAL,RBAI,46425000,46429999,10,0
BA,LAJE,RBAI,45490000,45499999,10,0
BA,LAJEDINHO,RBAI,46825000,46829999,10,0
BA,LAMARAO,RBAI,48720000,48724999,10,0
BA,LAPAO,RBAI,44905000,44909999,10,0
BA,LENCOIS,RBAI,46960000,46969999,10,450
BA,MACAJUBA,RBAI,46805000,46809999,10,0
BA,MACURURE,RBAI,48650000,48659999,10,450
BA,MAIQUINIQUE,RBAI,45770000,45779999,10,450
BA,MAIRI,RBAI,44630000,44634999,10,0
BA,MANSIDAO,RBAI,47160000,47199999,10,450
BA,MARAGOGIPE,RBAI,44420000,44429999,10,0
BA,MARCIONILIO SOUZA,RBAI,46780000,46789999,10,0
BA,MIGUEL CALMON,RBAI,44720000,44729999,10,0
BA,MILAGRES,RBAI,45315000,45319999,10,0
BA,MIRANGABA,RBAI,44745000,44749999,10,0
BA,MONTE SANTO,RBAI,48800000,48829999,10,250
BA,MORRO DO CHAPEU,RBAI,44850000,44859999,10,1100
BA,MULUNGU DO MORRO,RBAI,44885000,44889999,10,0
BA,MUNDO NOVO,RBAI,44800000,44819999,10,0
BA,MUNIZ FERREIRA,RBAI,44575000,44579999,10,0
BA,MUQUEM DE SAO FRANCISCO,RBAI,47115000,47119999,10,0
BA,MUTUIPE,RBAI,45480000,45489999,10,0
BA,NAZARE,RBAI,44400000,44419999,10,0
BA,NILO PECANHA,RBAI,45440000,45442999,10,0
BA,NORDESTINA,RBAI,48870000,48879999,10,0
BA,NOVA FATIMA,RBAI,44642000,44644999,10,0
BA,NOVA IBIA,RBAI,45452000,45454999,10,0
BA,NOVA ITARANA,RBAI,45390000,45399999,10,0
BA,NOVA REDENCAO,RBAI,46835000,46839999,10,0
BA,NOVA SOURE,RBAI,48460000,48469999,10,0
BA,NOVO TRIUNFO,RBAI,48455000,48459999,10,0
BA,OLINDINA,RBAI,48470000,48474999,10,0
BA,OURICANGAS,RBAI,48150000,48169999,10,0
BA,OUROLANDIA,RBAI,44718000,44719999,10,450
BA,PARIPIRANGA,RBAI,48430000,48434999,10,0
BA,PE DE SERRA,RBAI,44655000,44659999,10,0
BA,PEDRAO,RBAI,48140000,48149999,10,0
BA,PEDRO ALEXANDRE,RBAI,48580000,48589999,10,450
BA,PILAO ARCADO,RBAI,47240000,47299999,10,0
BA,PINDOBACU,RBAI,44770000,44774999,10,0
BA,PINTADAS,RBAI,44610000,44619999,10,0
BA,PIRAI DO NORTE,RBAI,45436000,45439999,10,0
BA,PIRITIBA,RBAI,44830000,44839999,10,0
BA,PLANALTINO,RBAI,45375000,45389999,10,1100
BA,PONTO NOVO,RBAI,44755000,44769999,10,0
BA,PORTO SEGURO,RBAI,45810000,45819999,10,0
BA,PRESIDENTE TANCREDO NEVES,RBAI,45416000,45419999,10,0
BA,QUEIMADAS,RBAI,48860000,48869999,10,0
BA,QUIJINGUE,RBAI,48830000,48839999,10,0
BA,QUIXABEIRA,RBAI,44713000,44714999,10,0
BA,RAFAEL JAMBEIRO,RBAI,44520000,44529999,10,0
BA,REMANSO,RBAI,47200000,47219999,10,0
BA,RETIROLANDIA,RBAI,48750000,48759999,10,0
BA,RIACHAO DAS NEVES,RBAI,47970000,47989999,10,0
BA,RIACHAO DO JACUIPE,RBAI,44640000,44641999,10,0
BA,RIBEIRA DO AMPARO,RBAI,48440000,48444999,10,250
BA,RIBEIRA DO POMBAL,RBAI,48400000,48404999,10,0
BA,RIO REAL,RBAI,48330000,48349999,10,0
BA,SALINAS DA MARGARIDA,RBAI,44450000,44459999,10,450
BA,SANTA BARBARA,RBAI,44150000,44159999,10,0
BA,SANTA BRIGIDA,RBAI,48570000,48579999,10,0
BA,SANTA CRUZ CABRALIA,RBAI,45807000,45809999,10,0
BA,SANTA INES,RBAI,45320000,45324999,10,0
BA,SANTA RITA DE CASSIA,RBAI,47150000,47159999,10,0
BA,SANTA TERESINHA,RBAI,44590000,44599999,10,0
BA,SANTALUZ,RBAI,48880000,48889999,10,0
BA,SANTANA,RBAI,47700000,47729999,10,450
BA,SANTANOPOLIS,RBAI,44260000,44269999,10,0
BA,SAO DOMINGOS,RBAI,48895000,48899999,10,0
BA,SAO FELIPE,RBAI,44550000,44559999,10,0
BA,SAO FELIX,RBAI,44360000,44379999,10,0
BA,SAO FELIX DO CORIBE,RBAI,47670000,47679999,10,0
BA,SAO GABRIEL,RBAI,44915000,44919999,10,0
BA,SAO JOSE DO JACUIPE,RBAI,44698000,44699999,10,0
BA,SAO MIGUEL DAS MATAS,RBAI,44580000,44589999,10,0
BA,SAPEACU,RBAI,44530000,44539999,10,0
BA,SATIRO DIAS,RBAI,48485000,48489999,10,0
BA,SAUDE,RBAI,44740000,44744999,10,0
BA,SEABRA,RBAI,46900000,46929999,10,0
BA,SENHOR DO BONFIM,RBAI,48970000,48989999,10,0
BA,SENTO SE,RBAI,47350000,47399999,10,0
BA,SERRA DO RAMALHO,RBAI,47630000,47639999,10,350
BA,SERRA DOURADA,RBAI,47740000,47749999,10,350
BA,SERRA PRETA,RBAI,44660000,44669999,10,0
BA,SERRINHA,RBAI,48700000,48704999,10,0
BA,SERROLANDIA,RBAI,44710000,44712999,10,0
BA,SITIO DO MATO,RBAI,47610000,47629999,10,450
BA,SITIO DO QUINTO,RBAI,48565000,48569999,10,0
BA,SOBRADINHO,RBAI,48925000,48929999,10,0
BA,SOUTO SOARES,RBAI,46990000,47099999,10,0
BA,TANQUINHO,RBAI,44160000,44179999,10,0
BA,TAPEROA,RBAI,45430000,45434999,10,0
BA,TAPIRAMUTA,RBAI,44840000,44849999,10,0
BA,TEODORO SAMPAIO,RBAI,44280000,44299999,10,0
BA,TEOFILANDIA,RBAI,48770000,48779999,10,0
BA,TEOLANDIA,RBAI,45465000,45469999,10,0
BA,TERRA NOVA,RBAI,44270000,44279999,10,0
BA,TREMEDAL,RBAI,45170000,45176999,10,0
BA,TUCANO,RBAI,48790000,48799999,10,0
BA,UAUA,RBAI,48950000,48959999,10,0
BA,UBAIRA,RBAI,45310000,45314999,10,0
BA,UIBAI,RBAI,44950000,44959999,10,0
BA,UMBURANAS,RBAI,44798000,44799999,10,450
BA,URANDI,RBAI,46350000,46359999,10,450
BA,UTINGA,RBAI,46810000,46819999,10,0
BA,VALENTE,RBAI,48890000,48894999,10,0
BA,VARZEA DA ROCA,RBAI,44635000,44639999,10,0
BA,VARZEA DO POCO,RBAI,44715000,44717999,10,0
BA,VARZEA NOVA,RBAI,44690000,44694999,10,0
BA,VARZEDO,RBAI,44565000,44569999,10,0
BA,WAGNER,RBAI,46970000,46979999,10,0
BA,WANDERLEY,RBAI,47940000,47949999,10,0
BA,WENCESLAU GUIMARAES,RBAI,45460000,45464999,10,0
BA,XIQUE-XIQUE,RBAI,47400000,47439999,10,450
BA,LAURO DE FREITAS,RBAP,42700001,42799999,10,0
BA,CANDEIAS,RBAR,43800001,43849999,10,0
BA,CATU,RBAR,48110000,48119999,10,0
BA,FEIRA DE SANTANA,RBAR,44000001,44149999,10,0
BA,MADRE DE DEUS,RBAR,42600000,42699999,10,0
BA,MATA DE SAO JOAO,RBAR,48280000,48289999,10,0
BA,POJUCA,RBAR,48120000,48129999,10,0
BA,SANTO AMARO,RBAR,44200000,44219999,10,0
BA,SAO FRANCISCO DO CONDE,RBAR,43900000,43999999,10,0
BA,SAO SEBASTIAO DO PASSE,RBAR,43850000,43899999,10,0
BA,VERA CRUZ,RBAR,44470000,44479999,10,350
BA,ALAGOINHAS,TEXI,48000001,48107999,10,0
BA,CARAVELAS,TEXI,45900000,45909999,10,0
BA,CONCEICAO DA FEIRA,TEXI,44320000,44329999,10,0
BA,CONCEICAO DO JACUIPE,TEXI,44245000,44249999,10,0
BA,CRUZ DAS ALMAS,TEXI,44380000,44399999,10,0
BA,ENTRE RIOS,TEXI,48180000,48279999,10,0
BA,GOVERNADOR MANGABEIRA,TEXI,44350000,44359999,10,0
BA,MURITIBA,TEXI,44340000,44344999,10,0
BA,PRADO,TEXI,45980000,45984999,10,0
BA,SANTO ANTONIO DE JESUS,TEXI,44430001,44449999,10,0
BA,SANTO ESTEVAO,TEXI,44190000,44199999,10,0
BA,SAO GONCALO DOS CAMPOS,TEXI,44330000,44339999,10,0
BA,SAUBARA,TEXI,44220000,44229999,10,0
BA,VALENCA,TEXI,45400000,45415999,10,0
BA,TEIXEIRA DE FREITAS,TEXP,45985001,45999999,10,0
MA,APICUM-ACU,RMAI,65275000,65275999,10,0
MA,BURITICUPU,RMAI,65393000,65394999,10,0
MA,IMPERATRIZ,RMAI,65900001,65919999,10,0
MA,RIACHAO,RMAI,65990000,65994999,10,0
MG,ALPINOPOLIS,GRFI,37940000,37944999,10,0
MG,BOCAIUVA,GRFI,39390000,39396999,10,0
MG,BOM SUCESSO,GRFI,37220000,37222999,10,143
MG,BRASILIA DE MINAS,GRFI,39330000,39334999,10,0
MG,CANDEIAS,GRFI,37280000,37299999,10,104
MG,CAPITAO ENEAS,GRFI,39472000,39474999,10,0
MG,CASCALHO RICO,GRFI,38460000,38464999,10,104
MG,COQUEIRAL,GRFI,37235000,37239999,10,143
MG,CRUCILANDIA,GRFI,35478000,35479999,10,390
MG,ENGENHEIRO NAVARRO,GRFI,39363000,39364999,10,0
MG,ESPINOSA,GRFI,39510000,39515999,10,0
MG,ESTRELA DO SUL,GRFI,38525000,38529999,10,0
MG,FRONTEIRA,GRFI,38230000,38239999,10,234
MG,GRUPIARA,GRFI,38470000,38474999,10,104
MG,INDAIABIRA,GRFI,39536000,39537999,10,130
MG,ITABIRA,GRFI,35900001,35907999,10,0
MG,ITACARAMBI,GRFI,39470000,39471999,10,0
MG,JAIBA,GRFI,39508000,39509999,10,0
MG,JANAUBA,GRFI,39440001,39449999,10,0
MG,JANUARIA,GRFI,39480000,39488999,10,0
MG,JAPARAIBA,GRFI,35580000,35581999,10,104
MG,JAPONVAR,GRFI,39335000,39335999,10,0
MG,JOSENOPOLIS,GRFI,39575000,39579999,10,130
MG,JURAMENTO,GRFI,39590000,39591999,10,0
MG,LONTRA,GRFI,39437000,39439999,10,0
MG,LUISLANDIA,GRFI,39336000,39337999,10,0
MG,MAMONAS,GRFI,39516000,39516999,10,0
MG,MANGA,GRFI,39460000,39464999,10,0
MG,MATIAS CARDOSO,GRFI,39478000,39479999,10,0
MG,MATO VERDE,GRFI,39527000,39528999,10,0
MG,MIRABELA,GRFI,39373000,39377999,10,0
MG,MIRAVANIA,GRFI,39465000,39466999,10,350
MG,MONTALVANIA,GRFI,39495000,39499999,10,390
MG,MONTE AZUL,GRFI,39500000,39504999,10,0
MG,MONTES CLAROS,GRFI,39400001,39429999,10,0
MG,NANUQUE,GRFI,39860000,39863999,10,0
MG,NOVA PORTEIRINHA,GRFI,39525000,39525999,10,0
MG,PASSA TEMPO,GRFI,35537000,35539999,10,390
MG,PEDRAS DE MARIA DA CRUZ,GRFI,39492000,39494999,10,0
MG,PIEDADE DOS GERAIS,GRFI,35476000,35477999,10,390
MG,PLANURA,GRFI,38220000,38229999,10,234
MG,PORTEIRINHA,GRFI,39520000,39524999,10,0
MG,PRATINHA,GRFI,38960000,38969999,10,104
MG,RIO ACIMA,GRFI,34300000,34399999,10,0
MG,SANTA MARIA DE ITABIRA,GRFI,35910000,35919999,10,0
MG,SANTA VITORIA,GRFI,38320000,38349999,10,0
MG,SAO FRANCISCO,GRFI,39300000,39316999,10,0
MG,SAO FRANCISCO DE SALES,GRFI,38260000,38269999,10,234
MG,SAO JOAO DA PONTE,GRFI,39430000,39436999,10,0
MG,SAO JOAO DAS MISSOES,GRFI,39475000,39477999,10,195
MG,SAO JOAO DO PARAISO,GRFI,39540000,39546999,10,130
MG,SAO THOME DAS LETRAS,GRFI,37408000,37409999,10,195
MG,SERRANOPOLIS DE MINAS,GRFI,39518000,39519999,10,0
MG,TAPIRAI,GRFI,38980000,38989999,10,390
MG,UBAI,GRFI,39320000,39327999,10,0
MG,VARGEM GRANDE DO RIO PARDO,GRFI,39535000,39535999,10,195
MG,VARZEA DA PALMA,GRFI,39260000,39269999,10,0
MG,VARZELANDIA,GRFI,39450000,39454999,10,0
MT,QUERENCIA,RMTI,78643000,78644999,10,0
PI,TERESINA,RPIP,64000001,64099999,10,0
RN,EXTREMOZ,RRNI,59575000,59577999,10,0
RN,MACAIBA,RRNP,59280001,59289999,10,0
RN,MOSSORO,RRNP,59600001,59649999,10,0
RN,NATAL,RRNP,59000001,59139999,10,0
RN,PARNAMIRIM,RRNP,59140001,59161999,10,0
RN,SAO GONCALO DO AMARANTE,RRNP,59290001,59299999,10,0
RN,SAO PAULO DO POTENGI,RRNP,59460000,59463999,10,0
RS,AGUDO,RSIP,96540000,96544999,10,0
RS,ALTO FELIZ,RSIP,95773000,95774999,10,160
RS,ANTA GORDA,RSIP,95980000,95984999,10,160
RS,ARROIO DO MEIO,RSIP,95940000,95944999,10,0
RS,ARROIO DO TIGRE,RSIP,96950000,96989999,10,160
RS,ARROIO DOS RATOS,RSIP,96740000,96744999,10,0
RS,ARVOREZINHA,RSIP,95995000,95996999,10,160
RS,BARAO,RSIP,95730000,95734999,10,333.33
RS,BARROS CASSAL,RSIP,99360000,99369999,10,266.67
RS,BOA VISTA DO SUL,RSIP,95727000,95729999,10,266.67
RS,BOM RETIRO DO SUL,RSIP,95870000,95874999,10,0
RS,BOQUEIRAO DO LEAO,RSIP,95920000,95922999,10,160
RS,BROCHIER,RSIP,95790000,95792999,10,160
RS,BUTIA,RSIP,96750000,96754999,10,0
RS,CACAPAVA DO SUL,RSIP,96570000,96589999,10,0
RS,CACHOEIRA DO SUL,RSIP,96500001,96529999,10,0
RS,CANDELARIA,RSIP,96930000,96949999,10,0
RS,CANUDOS DO VALE,RSIP,95933000,95934999,10,160
RS,CAPELA DE SANTANA,RSIP,95745000,95747999,10,0
RS,CAPITAO,RSIP,95935000,95936999,10,266.67
RS,CARAA,RSIP,95515000,95519999,10,266.67
RS,CERRO BRANCO,RSIP,96535000,96539999,10,333.33
RS,CHARQUEADAS,RSIP,96745000,96749999,10,0
RS,COLINAS,RSIP,95895000,95899999,10,160
RS,COQUEIRO BAIXO,RSIP,95955000,95959999,10,160
RS,CORONEL PILAR,RSIP,95726000,95726999,10,400
RS,CRUZEIRO DO SUL,RSIP,95930000,95932999,10,0
RS,DILERMANDO DE AGUIAR,RSIP,97180000,97184999,10,266.67
RS,DOIS IRMAOS DAS MISSOES,RSIP,98385000,98389999,10,400
RS,DOIS LAJEADOS,RSIP,99220000,99239999,10,266.67
RS,DONA FRANCISCA,RSIP,97280000,97299999,10,160
RS,DOUTOR RICARDO,RSIP,95967000,95969999,10,160
RS,ENCANTADO,RSIP,95960000,95964999,10,0
RS,ENCRUZILHADA DO SUL,RSIP,96610000,96634999,10,160
RS,ESTRELA,RSIP,95880000,95884999,10,0
RS,ESTRELA VELHA,RSIP,96990000,96999999,10,266.67
RS,FAXINAL DO SOTURNO,RSIP,97220000,97229999,10,0
RS,FAZENDA VILANOVA,RSIP,95875000,95879999,10,0
RS,FELIZ,RSIP,95770000,95772999,10,0
RS,FONTOURA XAVIER,RSIP,99370000,99379999,10,160
RS,FORMIGUEIRO,RSIP,97210000,97219999,10,266.67
RS,FORQUETINHA,RSIP,95937000,95939999,10,160
RS,GENERAL CAMARA,RSIP,95820000,95832999,10,0
RS,GLORINHA,RSIP,94380000,94399999,10,0
RS,GRAMADO XAVIER,RSIP,96875000,96877999,10,266.67
RS,HARMONIA,RSIP,95785000,95789999,10,160
RS,HERVEIRAS,RSIP,96888000,96889999,10,160
RS,IBARAMA,RSIP,96925000,96929999,10,160
RS,ILOPOLIS,RSIP,95990000,95994999,10,160
RS,IMIGRANTE,RSIP,95885000,95889999,10,160
RS,ITAARA,RSIP,97185000,97189999,10,160
RS,ITATI,RSIP,95538000,95539999,10,266.67
RS,IVORA,RSIP,98160000,98169999,10,400
RS,JARI,RSIP,98175000,98179999,10,400
RS,LAGOA BONITA DO SUL,RSIP,96920000,96924999,10,160
RS,LAGOAO,RSIP,99340000,99344999,10,400
RS,LAJEADO,RSIP,95900001,95914999,10,0
RS,LAVRAS DO SUL,RSIP,97390000,97399999,10,400
RS,LINHA NOVA,RSIP,95768000,95769999,10,466.67
RS,MARATA,RSIP,95793000,95794999,10,160
RS,MARQUES DE SOUZA,RSIP,95923000,95924999,10,160
RS,MATA,RSIP,97410000,97417999,10,160
RS,MATO LEITAO,RSIP,95835000,95839999,10,0
RS,MINAS DO LEAO,RSIP,96755000,96759999,10,160
RS,MONTE BELO DO SUL,RSIP,95718000,95719999,10,160
RS,MORRINHOS DO SUL,RSIP,95577000,95579999,10,266.67
RS,MORRO REUTER,RSIP,93990000,93994999,10,0
RS,MUCUM,RSIP,95970000,95971999,10,0
RS,NOVA BRESCIA,RSIP,95950000,95954999,10,160
RS,NOVA PADUA,RSIP,95275000,95279999,10,160
RS,NOVA PALMA,RSIP,97250000,97279999,10,266.67
RS,NOVA PRATA,RSIP,95320000,95324999,10,0
RS,NOVA ROMA DO SUL,RSIP,95260000,95269999,10,533.33
RS,PANTANO GRANDE,RSIP,96690000,96699999,10,0
RS,PARECI NOVO,RSIP,95783000,95784999,10,0
RS,PASSA SETE,RSIP,96908000,96909999,10,160
RS,PASSO DO SOBRADO,RSIP,96685000,96689999,10,160
RS,PAVERAMA,RSIP,95865000,95869999,10,160
RS,PINHAL GRANDE,RSIP,98150000,98159999,10,400
RS,PINTO BANDEIRA,RSIP,95717000,95717999,10,0
RS,POCO DAS ANTAS,RSIP,95740000,95744999,10,0
RS,POUSO NOVO,RSIP,95945000,95947999,10,200
RS,PROGRESSO,RSIP,95925000,95929999,10,160
RS,PUTINGA,RSIP,95975000,95979999,10,160
RS,QUEVEDOS,RSIP,98140000,98149999,10,400
RS,RELVADO,RSIP,95965000,95966999,10,160
RS,RESTINGA SECA,RSIP,97200000,97209999,10,0
RS,RIO PARDO,RSIP,96640000,96684999,10,0
RS,ROCA SALES,RSIP,95735000,95739999,10,0
RS,SALTO DO JACUI,RSIP,99440000,99449999,10,400
RS,SALVADOR DO SUL,RSIP,95750000,95754999,10,160
RS,SANTA CLARA DO SUL,RSIP,95915000,95917999,10,0
RS,SANTA CRUZ DO SUL,RSIP,96800001,96874999,10,0
RS,SANTA MARIA,RSIP,97000001,97179999,10,0
RS,SANTA TEREZA,RSIP,95715000,95716999,10,160
RS,SANTANA DA BOA VISTA,RSIP,96590000,96599999,10,400
RS,SAO JERONIMO,RSIP,96700000,96734999,10,0
RS,SAO JOAO DO POLESINE,RSIP,97230000,97249999,10,0
RS,SAO JOSE DO HERVAL,RSIP,99380000,99399999,10,266.67
RS,SAO JOSE DO HORTENCIO,RSIP,95755000,95757999,10,0
RS,SAO JOSE DO SUL,RSIP,95748000,95749999,10,466.67
RS,SAO PEDRO DA SERRA,RSIP,95758000,95759999,10,333.33
RS,SAO PEDRO DO SUL,RSIP,97400000,97409999,10,160
RS,SAO SEBASTIAO DO CAI,RSIP,95760000,95764999,10,0
RS,SAO SEPE,RSIP,97340000,97384999,10,0
RS,SEGREDO,RSIP,96910000,96919999,10,160
RS,SERIO,RSIP,95918000,95919999,10,160
RS,SILVEIRA MARTINS,RSIP,97195000,97199999,10,266.67
RS,SINIMBU,RSIP,96890000,96899999,10,0
RS,SOBRADINHO,RSIP,96900000,96907999,10,160
RS,TABAI,RSIP,95863000,95864999,10,160
RS,TAQUARI,RSIP,95860000,95862999,10,0
RS,TEUTONIA,RSIP,95890000,95892999,10,0
RS,TOROPI,RSIP,97418000,97419999,10,266.67
RS,TRAVESSEIRO,RSIP,95948000,95949999,10,0
RS,TRES FORQUILHAS,RSIP,95575000,95576999,10,266.67
RS,TRIUNFO,RSIP,95840000,95859999,10,160
RS,TUNAS,RSIP,99330000,99339999,10,400
RS,VALE DO SOL,RSIP,96878000,96879999,10,0
RS,VALE REAL,RSIP,95778000,95779999,10,160
RS,VALE VERDE,RSIP,95833000,95834999,10,160
RS,VENANCIO AIRES,RSIP,95800000,95819999,10,0
RS,VERA CRUZ,RSIP,96880000,96887999,10,0
RS,VERANOPOLIS,RSIP,95330000,95332999,10,0
RS,VESPASIANO CORREA,RSIP,95972000,95974999,10,160
RS,VILA FLORES,RSIP,95334000,95334999,10,0
RS,WESTFALIA,RSIP,95893000,95894999,10,0
RS,ACEGUA,RSIR,96445000,96449999,10,400
RS,AGUA SANTA,RSIR,99965000,99969999,10,160
RS,AJURICABA,RSIR,98750000,98757999,10,0
RS,ALECRIM,RSIR,98950000,98954999,10,0
RS,ALEGRETE,RSIR,97540001,97559999,10,0
RS,ALEGRIA,RSIR,98905000,98909999,10,160
RS,ALMIRANTE TAMANDARE DO SUL,RSIR,99523000,99524999,10,160
RS,ALPESTRE,RSIR,98480000,98499999,10,266.67
RS,ALTO ALEGRE,RSIR,99430000,99434999,10,266.67
RS,AMARAL FERRADOR,RSIR,96635000,96639999,10,400
RS,AMETISTA DO SUL,RSIR,98465000,98469999,10,160
RS,ARAMBARE,RSIR,96178000,96179999,10,160
RS,ARATIBA,RSIR,99770000,99789999,10,0
RS,ARROIO DO PADRE,RSIR,96155000,96159999,10,160
RS,ARROIO GRANDE,RSIR,96330000,96359999,10,160
RS,AUGUSTO PESTANA,RSIR,98740000,98749999,10,0
RS,AUREA,RSIR,99835000,99837999,10,266.67
RS,BAGE,RSIR,96400001,96444999,10,0
RS,BARAO DE COTEGIPE,RSIR,99740000,99749999,10,266.67
RS,BARAO DO TRIUNFO,RSIR,96735000,96739999,10,400
RS,BARRA DO GUARITA,RSIR,98530000,98534999,10,160
RS,BARRA DO QUARAI,RSIR,97538000,97539999,10,160
RS,BARRA DO RIBEIRO,RSIR,92870000,92899999,10,160
RS,BARRA DO RIO AZUL,RSIR,99795000,99799999,10,266.67
RS,BARRA FUNDA,RSIR,99585000,99589999,10,160
RS,BARRACAO,RSIR,95370000,95379999,10,160
RS,BENJAMIN CONSTANT DO SUL,RSIR,99650000,99654999,10,266.67
RS,BOA VISTA DAS MISSOES,RSIR,98335000,98337999,10,160
RS,BOA VISTA DO BURICA,RSIR,98918000,98918999,10,0
RS,BOA VISTA DO CADEADO,RSIR,98118000,98119999,10,160
RS,BOA VISTA DO INCRA,RSIR,98120000,98124999,10,160
RS,BOM PROGRESSO,RSIR,98575000,98579999,10,0
RS,BOSSOROCA,RSIR,97850000,97869999,10,160
RS,BOZANO,RSIR,98733000,98734999,10,266.67
RS,BRAGA,RSIR,98560000,98569999,10,333.33
RS,CACEQUI,RSIR,97450000,97499999,10,160
RS,CACIQUE DOBLE,RSIR,99860000,99869999,10,160
RS,CAIBATE,RSIR,97930000,97934999,10,160
RS,CAICARA,RSIR,98440000,98449999,10,160
RS,CAMAQUA,RSIR,96780001,96799999,10,0
RS,CAMARGO,RSIR,99165000,99169999,10,160
RS,CAMPINA DAS MISSOES,RSIR,98975000,98979999,10,0
RS,CAMPINAS DO SUL,RSIR,99660000,99664999,10,266.67
RS,CAMPO NOVO,RSIR,98570000,98574999,10,0
RS,CAMPOS BORGES,RSIR,99435000,99439999,10,160
RS,CANDIDO GODOI,RSIR,98970000,98974999,10,0
RS,CANDIOTA,RSIR,96495000,96499999,10,400
RS,CANGUCU,RSIR,96600000,96609999,10,0
RS,CAPAO BONITO DO SUL,RSIR,95308000,95309999,10,733.33
RS,CAPAO DO CIPO,RSIR,97753000,97754999,10,400
RS,CAPAO DO LEAO,RSIR,96160000,96169999,10,160
RS,CARAZINHO,RSIR,99500000,99522999,10,0
RS,CARLOS GOMES,RSIR,99825000,99829999,10,266.67
RS,CASCA,RSIR,99260000,99264999,10,0
RS,CATUIPE,RSIR,98770000,98779999,10,0
RS,CENTENARIO,RSIR,99838000,99839999,10,266.67
RS,CERRITO,RSIR,96395000,96399999,10,400
RS,CERRO GRANDE,RSIR,98340000,98344999,10,160
RS,CERRO GRANDE DO SUL,RSIR,96770000,96779999,10,160
RS,CERRO LARGO,RSIR,97900000,97919999,10,0
RS,CHAPADA,RSIR,99530000,99559999,10,0
RS,CHARRUA,RSIR,99960000,99964999,10,400
RS,CHIAPETTA,RSIR,98760000,98764999,10,266.67
RS,CHUI,RSIR,96255000,96269999,10,266.67
RS,CHUVISCA,RSIR,96193000,96194999,10,160
RS,COLORADO,RSIR,99460000,99469999,10,160
RS,CONDOR,RSIR,98290000,98299999,10,0
RS,CONSTANTINA,RSIR,99680000,99686999,10,0
RS,COQUEIROS DO SUL,RSIR,99528000,99529999,10,400
RS,CORONEL BARROS,RSIR,98735000,98739999,10,0
RS,CORONEL BICACO,RSIR,98580000,98589999,10,0
RS,COXILHA,RSIR,99145000,99149999,10,0
RS,CRISSIUMAL,RSIR,98640000,98669999,10,0
RS,CRISTAL,RSIR,96195000,96199999,10,160
RS,CRISTAL DO SUL,RSIR,98368000,98369999,10,160
RS,CRUZ ALTA,RSIR,98000001,98059999,10,0
RS,CRUZALTENSE,RSIR,99665000,99669999,10,266.67
RS,DERRUBADAS,RSIR,98528000,98529999,10,160
RS,DEZESSEIS DE NOVEMBRO,RSIR,97845000,97849999,10,160
RS,DOM FELICIANO,RSIR,96190000,96192999,10,160
RS,DOM PEDRITO,RSIR,96450000,96459999,10,0
RS,DOUTOR MAURICIO CARDOSO,RSIR,98925000,98929999,10,0
RS,ENGENHO VELHO,RSIR,99698000,99699999,10,160
RS,ENTRE RIOS DO SUL,RSIR,99645000,99649999,10,400
RS,ENTRE-IJUIS,RSIR,98855000,98859999,10,266.67
RS,EREBANGO,RSIR,99920000,99924999,10,266.67
RS,ERECHIM,RSIR,99700001,99717999,10,0
RS,ERNESTINA,RSIR,99140000,99144999,10,0
RS,ERVAL GRANDE,RSIR,99750000,99759999,10,266.67
RS,ERVAL SECO,RSIR,98390000,98399999,10,0
RS,ESPERANCA DO SUL,RSIR,98635000,98639999,10,160
RS,ESPUMOSO,RSIR,99400000,99429999,10,0
RS,ESTACAO,RSIR,99930000,99939999,10,0
RS,EUGENIO DE CASTRO,RSIR,98860000,98864999,10,160
RS,FAXINALZINHO,RSIR,99655000,99659999,10,266.67
RS,FLORIANO PEIXOTO,RSIR,99910000,99919999,10,266.67
RS,FREDERICO WESTPHALEN,RSIR,98400000,98409999,10,0
RS,GARRUCHOS,RSIR,97690000,97699999,10,600
RS,GAURAMA,RSIR,99830000,99834999,10,266.67
RS,GENTIL,RSIR,99160000,99164999,10,160
RS,GETULIO VARGAS,RSIR,99900000,99909999,10,0
RS,GIRUA,RSIR,98870000,98894999,10,0
RS,GRAMADO DOS LOUREIROS,RSIR,99605000,99609999,10,160
RS,GUARANI DAS MISSOES,RSIR,97950000,97959999,10,0
RS,HERVAL,RSIR,96310000,96329999,10,400
RS,HORIZONTINA,RSIR,98920000,98924999,10,0
RS,HULHA NEGRA,RSIR,96460000,96469999,10,266.67
RS,HUMAITA,RSIR,98670000,98674999,10,0
RS,IBIACA,RSIR,99940000,99949999,10,0
RS,IBIRAPUITA,RSIR,99320000,99329999,10,160
RS,IBIRUBA,RSIR,98200000,98229999,10,0
RS,IJUI,RSIR,98700000,98732999,10,0
RS,INDEPENDENCIA,RSIR,98915000,98917999,10,0
RS,INHACORA,RSIR,98765000,98769999,10,160
RS,IPIRANGA DO SUL,RSIR,99925000,99929999,10,266.67
RS,IRAI,RSIR,98460000,98464999,10,0
RS,ITACURUBI,RSIR,97685000,97689999,10,400
RS,ITAPUCA,RSIR,95997000,95999999,10,266.67
RS,ITAQUI,RSIR,97650000,97669999,10,0
RS,ITATIBA DO SUL,RSIR,99760000,99769999,10,266.67
RS,JABOTICABA,RSIR,98350000,98359999,10,160
RS,JACUIZINHO,RSIR,99457000,99459999,10,266.67
RS,JACUTINGA,RSIR,99730000,99734999,10,266.67
RS,JAGUARAO,RSIR,96300000,96309999,10,160
RS,JAGUARI,RSIR,97760000,97769999,10,160
RS,JOIA,RSIR,98180000,98199999,10,160
RS,JULIO DE CASTILHOS,RSIR,98130000,98139999,10,0
RS,LAGOA DOS TRES CANTOS,RSIR,99495000,99499999,10,160
RS,LAJEADO DO BUGRE,RSIR,98320000,98322999,10,160
RS,LIBERATO SALZANO,RSIR,99690000,99697999,10,160
RS,MACAMBARA,RSIR,97645000,97649999,10,400
RS,MACHADINHO,RSIR,99880000,99889999,10,160
RS,MAMPITUBA,RSIR,95572000,95574999,10,400
RS,MANOEL VIANA,RSIR,97640000,97644999,10,200
RS,MARAU,RSIR,99150000,99154999,10,0
RS,MARCELINO RAMOS,RSIR,99800000,99809999,10,266.67
RS,MARIANA PIMENTEL,RSIR,92900000,92989999,10,400
RS,MARIANO MORO,RSIR,99790000,99794999,10,266.67
RS,MATO CASTELHANO,RSIR,99180000,99189999,10,160
RS,MATO QUEIMADO,RSIR,97935000,97939999,10,160
RS,MAXIMILIANO DE ALMEIDA,RSIR,99890000,99894999,10,160
RS,MIRAGUAI,RSIR,98540000,98549999,10,0
RS,MORMACO,RSIR,99315000,99319999,10,266.67
RS,MORRO REDONDO,RSIR,96150000,96154999,10,160
RS,NAO-ME-TOQUE,RSIR,99470000,99489999,10,0
RS,NICOLAU VERGUEIRO,RSIR,99175000,99179999,10,266.67
RS,NONOAI,RSIR,99600000,99604999,10,400
RS,NOVA ALVORADA,RSIR,95985000,95989999,10,160
RS,NOVA BOA VISTA,RSIR,99580000,99584999,10,160
RS,NOVA CANDELARIA,RSIR,98919000,98919999,10,0
RS,NOVA ESPERANCA DO SUL,RSIR,97770000,97799999,10,160
RS,NOVA RAMADA,RSIR,98758000,98759999,10,400
RS,NOVO BARREIRO,RSIR,98338000,98339999,10,0
RS,NOVO CABRAIS,RSIR,96545000,96569999,10,333.33
RS,NOVO MACHADO,RSIR,98955000,98957999,10,333.33
RS,NOVO TIRADENTES,RSIR,98370000,98379999,10,160
RS,NOVO XINGU,RSIR,99687000,99689999,10,160
RS,PAIM FILHO,RSIR,99850000,99854999,10,160
RS,PALMEIRA DAS MISSOES,RSIR,98300000,98319999,10,0
RS,PALMITINHO,RSIR,98430000,98434999,10,0
RS,PANAMBI,RSIR,98280000,98289999,10,0
RS,PARAISO DO SUL,RSIR,96530000,96534999,10,0
RS,PASSO FUNDO,RSIR,99000001,99139999,10,0
RS,PAULO BENTO,RSIR,99718000,99719999,10,0
RS,PEDRAS ALTAS,RSIR,96487000,96489999,10,600
RS,PEDRO OSORIO,RSIR,96360000,96394999,10,160
RS,PEJUCARA,RSIR,98270000,98279999,10,160
RS,PELOTAS,RSIR,96000001,96147999,10,0
RS,PINHAL,RSIR,98345000,98349999,10,160
RS,PINHEIRINHO DO VALE,RSIR,98435000,98439999,10,160
RS,PINHEIRO MACHADO,RSIR,96470000,96486999,10,200
RS,PIRAPO,RSIR,97885000,97899999,10,400
RS,PIRATINI,RSIR,96490000,96494999,10,400
RS,PLANALTO,RSIR,98470000,98479999,10,266.67
RS,PONTAO,RSIR,99190000,99199999,10,533.33
RS,PONTE PRETA,RSIR,99735000,99739999,10,266.67
RS,PORTO LUCENA,RSIR,98980000,98984999,10,0
RS,PORTO MAUA,RSIR,98947000,98949999,10,0
RS,PORTO VERA CRUZ,RSIR,98985000,98994999,10,160
RS,PORTO XAVIER,RSIR,98995000,98999999,10,160
RS,QUARAI,RSIR,97560000,97569999,10,160
RS,QUATRO IRMAOS,RSIR,99720000,99724999,10,400
RS,REDENTORA,RSIR,98550000,98559999,10,0
RS,RIO DOS INDIOS,RSIR,99610000,99614999,10,160
RS,RIO GRANDE,RSIR,96200001,96224999,10,0
RS,RODEIO BONITO,RSIR,98360000,98367999,10,0
RS,ROLADOR,RSIR,97843000,97844999,10,400
RS,RONDA ALTA,RSIR,99670000,99674999,10,0
RS,RONDINHA,RSIR,99590000,99599999,10,0
RS,ROQUE GONZALES,RSIR,97970000,97979999,10,0
RS,ROSARIO DO SUL,RSIR,97590000,97609999,10,0
RS,SAGRADA FAMILIA,RSIR,98330000,98334999,10,160
RS,SALDANHA MARINHO,RSIR,98250000,98269999,10,160
RS,SALVADOR DAS MISSOES,RSIR,97940000,97949999,10,0
RS,SANANDUVA,RSIR,99840000,99849999,10,0
RS,SANTA BARBARA DO SUL,RSIR,98240000,98249999,10,0
RS,SANTA CECILIA DO SUL,RSIR,99952000,99954999,10,160
RS,SANTA MARGARIDA DO SUL,RSIR,97335000,97339999,10,266.67
RS,SANTA ROSA,RSIR,98780001,98799999,10,0
RS,SANTA VITORIA DO PALMAR,RSIR,96230000,96254999,10,333.33
RS,SANTANA DO LIVRAMENTO,RSIR,97570001,97589999,10,0
RS,SANTIAGO,RSIR,97700001,97752999,10,0
RS,SANTO ANGELO,RSIR,98800001,98849999,10,0
RS,SANTO ANTONIO DAS MISSOES,RSIR,97870000,97879999,10,160
RS,SANTO ANTONIO DO PLANALTO,RSIR,99525000,99527999,10,160
RS,SANTO AUGUSTO,RSIR,98590000,98594999,10,0
RS,SANTO CRISTO,RSIR,98960000,98969999,10,0
RS,SANTO EXPEDITO DO SUL,RSIR,99895000,99899999,10,400
RS,SAO BORJA,RSIR,97670000,97684999,10,0
RS,SAO FRANCISCO DE ASSIS,RSIR,97610000,97639999,10,160
RS,SAO GABRIEL,RSIR,97300001,97334999,10,0
RS,SAO JOAO DA URTIGA,RSIR,99855000,99859999,10,160
RS,SAO JOSE DAS MISSOES,RSIR,98325000,98329999,10,160
RS,SAO JOSE DO INHACORA,RSIR,98958000,98959999,10,0
RS,SAO JOSE DO OURO,RSIR,99870000,99877999,10,266.67
RS,SAO LOURENCO DO SUL,RSIR,96170000,96177999,10,0
RS,SAO LUIZ GONZAGA,RSIR,97800000,97842999,10,0
RS,SAO MARTINHO,RSIR,98690000,98699999,10,0
RS,SAO MARTINHO DA SERRA,RSIR,97190000,97194999,10,400
RS,SAO MIGUEL DAS MISSOES,RSIR,98865000,98869999,10,160
RS,SAO NICOLAU,RSIR,97880000,97884999,10,160
RS,SAO PAULO DAS MISSOES,RSIR,97980000,97999999,10,0
RS,SAO PEDRO DAS MISSOES,RSIR,98323000,98324999,10,160
RS,SAO PEDRO DO BUTIA,RSIR,97920000,97929999,10,0
RS,SAO VALENTIM,RSIR,99640000,99644999,10,266.67
RS,SAO VALERIO DO SUL,RSIR,98595000,98599999,10,160
RS,SAO VICENTE DO SUL,RSIR,97420000,97449999,10,0
RS,SARANDI,RSIR,99560000,99579999,10,0
RS,SEBERI,RSIR,98380000,98384999,10,0
RS,SEDE NOVA,RSIR,98675000,98679999,10,333.33
RS,SELBACH,RSIR,99450000,99456999,10,0
RS,SENADOR SALGADO FILHO,RSIR,98895000,98897999,10,160
RS,SENTINELA DO SUL,RSIR,96765000,96769999,10,160
RS,SERTAO,RSIR,99170000,99174999,10,266.67
RS,SERTAO SANTANA,RSIR,92850000,92869999,10,333.33
RS,SETE DE SETEMBRO,RSIR,97960000,97969999,10,160
RS,SEVERIANO DE ALMEIDA,RSIR,99810000,99819999,10,266.67
RS,SOLEDADE,RSIR,99300000,99314999,10,0
RS,TAPEJARA,RSIR,99950000,99951999,10,0
RS,TAPERA,RSIR,99490000,99494999,10,0
RS,TAPES,RSIR,96760000,96764999,10,160
RS,TAQUARUCU DO SUL,RSIR,98410000,98414999,10,160
RS,TAVARES,RSIR,96290000,96299999,10,266.67
RS,TENENTE PORTELA,RSIR,98500000,98527999,10,0
RS,TIO HUGO,RSIR,99345000,99349999,10,0
RS,TIRADENTES DO SUL,RSIR,98680000,98689999,10,160
RS,TRES ARROIOS,RSIR,99725000,99729999,10,0
RS,TRES DE MAIO,RSIR,98910000,98914999,10,0
RS,TRES PALMEIRAS,RSIR,99675000,99679999,10,160
RS,TRES PASSOS,RSIR,98600000,98634999,10,0
RS,TRINDADE DO SUL,RSIR,99615000,99639999,10,160
RS,TUCUNDUVA,RSIR,98930000,98939999,10,0
RS,TUPANCI DO SUL,RSIR,99878000,99879999,10,400
RS,TUPANCIRETA,RSIR,98170000,98174999,10,0
RS,TUPARENDI,RSIR,98940000,98946999,10,0
RS,TURUCU,RSIR,96148000,96149999,10,160
RS,UBIRETAMA,RSIR,98898000,98899999,10,160
RS,UNISTALDA,RSIR,97755000,97759999,10,200
RS,URUGUAIANA,RSIR,97500001,97537999,10,0
RS,VIADUTOS,RSIR,99820000,99824999,10,266.67
RS,VICENTE DUTRA,RSIR,98450000,98459999,10,160
RS,VICTOR GRAEFF,RSIR,99350000,99359999,10,0
RS,VILA LANGARO,RSIR,99955000,99959999,10,160
RS,VILA MARIA,RSIR,99155000,99159999,10,0
RS,VILA NOVA DO SUL,RSIR,97385000,97389999,10,160
RS,VISTA ALEGRE,RSIR,98415000,98429999,10,160
RS,VISTA GAUCHA,RSIR,98535000,98539999,10,160
RS,VITORIA DAS MISSOES,RSIR,98850000,98854999,10,160
SE,AMPARO DE SAO FRANCISCO,RSEI,49920000,49929999,10,0
SE,AQUIDABA,RSEI,49790000,49799999,10,0
SE,ARAUA,RSEI,49220000,49229999,10,0
SE,AREIA BRANCA,RSEI,49580000,49599999,10,0
SE,BOQUIM,RSEI,49360000,49389999,10,0
SE,BREJO GRANDE,RSEI,49995000,49999999,10,0
SE,CAMPO DO BRITO,RSEI,49520000,49524999,10,0
SE,CANHOBA,RSEI,49880000,49889999,10,0
SE,CANINDE DE SAO FRANCISCO,RSEI,49820000,49829999,10,0
SE,CAPELA,RSEI,49700000,49739999,10,0
SE,CARIRA,RSEI,49550000,49559999,10,0
SE,CARMOPOLIS,RSEI,49740000,49749999,10,0
SE,CEDRO DE SAO JOAO,RSEI,49930000,49939999,10,0
SE,CRISTINAPOLIS,RSEI,49270000,49279999,10,0
SE,CUMBE,RSEI,49660000,49669999,10,0
SE,DIVINA PASTORA,RSEI,49650000,49659999,10,0
SE,ESTANCIA,RSEI,49200000,49219999,10,0
SE,FEIRA NOVA,RSEI,49670000,49679999,10,0
SE,FREI PAULO,RSEI,49514000,49516999,10,0
SE,GARARU,RSEI,49830000,49859999,10,0
SE,GENERAL MAYNARD,RSEI,49750000,49759999,10,0
SE,GRACCHO CARDOSO,RSEI,49860000,49869999,10,0
SE,ILHA DAS FLORES,RSEI,49990000,49994999,10,0
SE,INDIAROBA,RSEI,49250000,49259999,10,0
SE,ITABAIANA,RSEI,49500001,49511999,10,0
SE,ITABAIANINHA,RSEI,49290000,49299999,10,0
SE,ITABI,RSEI,49870000,49879999,10,0
SE,ITAPORANGA D AJUDA,RSEI,49120000,49129999,10,0
SE,JAPARATUBA,RSEI,49960000,49969999,10,0
SE,JAPOATA,RSEI,49950000,49959999,10,0
SE,LAGARTO,RSEI,49400000,49479999,10,0
SE,LARANJEIRAS,RSEI,49170000,49179999,10,0
SE,MACAMBIRA,RSEI,49565000,49569999,10,0
SE,MALHADA DOS BOIS,RSEI,49940000,49944999,10,0
SE,MALHADOR,RSEI,49570000,49579999,10,0
SE,MARUIM,RSEI,49770000,49779999,10,0
SE,MOITA BONITA,RSEI,49560000,49564999,10,0
SE,MONTE ALEGRE DE SERGIPE,RSEI,49690000,49699999,10,0
SE,MURIBECA,RSEI,49780000,49789999,10,0
SE,NEOPOLIS,RSEI,49980000,49984999,10,0
SE,NOSSA SENHORA APARECIDA,RSEI,49540000,49549999,10,0
SE,NOSSA SENHORA DA GLORIA,RSEI,49680000,49689999,10,0
SE,NOSSA SENHORA DAS DORES,RSEI,49600000,49629999,10,0
SE,NOSSA SENHORA DE LOURDES,RSEI,49890000,49899999,10,0
SE,PACATUBA,RSEI,49970000,49979999,10,0
SE,PEDRA MOLE,RSEI,49512000,49513999,10,0
SE,PEDRINHAS,RSEI,49350000,49359999,10,0
SE,PINHAO,RSEI,49517000,49519999,10,0
SE,PIRAMBU,RSEI,49190000,49199999,10,0
SE,POCO REDONDO,RSEI,49810000,49819999,10,0
SE,POCO VERDE,RSEI,49490000,49499999,10,0
SE,PORTO DA FOLHA,RSEI,49800000,49809999,10,0
SE,PROPRIA,RSEI,49900000,49909999,10,0
SE,RIACHAO DO DANTAS,RSEI,49320000,49349999,10,0
SE,RIACHUELO,RSEI,49130000,49139999,10,0
SE,RIBEIROPOLIS,RSEI,49530000,49534999,10,0
SE,ROSARIO DO CATETE,RSEI,49760000,49769999,10,0
SE,SALGADO,RSEI,49390000,49399999,10,0
SE,SANTA LUZIA DO ITANHY,RSEI,49230000,49249999,10,0
SE,SANTA ROSA DE LIMA,RSEI,49640000,49649999,10,0
SE,SANTANA DO SAO FRANCISCO,RSEI,49985000,49989999,10,0
SE,SANTO AMARO DAS BROTAS,RSEI,49180000,49189999,10,0
SE,SAO CRISTOVAO,RSEI,49100000,49119999,10,0
SE,SAO DOMINGOS,RSEI,49525000,49529999,10,0
SE,SAO FRANCISCO,RSEI,49945000,49949999,10,0
SE,SAO MIGUEL DO ALEIXO,RSEI,49535000,49539999,10,0
SE,SIMAO DIAS,RSEI,49480000,49489999,10,0
SE,SIRIRI,RSEI,49630000,49639999,10,0
SE,TELHA,RSEI,49910000,49919999,10,0
SE,TOBIAS BARRETO,RSEI,49300000,49319999,10,0
SE,TOMAR DO GERU,RSEI,49280000,49289999,10,0
SE,UMBAUBA,RSEI,49260000,49269999,10,0
MG,AGUA COMPRIDA,GRFI,38110000,38119999,11,455
MG,AGUAS VERMELHAS,GRFI,39990000,39994999,11,325
MG,BELA VISTA DE MINAS,GRFI,35938000,35939999,11,0
MG,BELO VALE,GRFI,35473000,35475999,11,156
MG,BOM JESUS DO AMPARO,GRFI,35908000,35909999,11,0
MG,CAMPO FLORIDO,GRFI,38130000,38139999,11,195
MG,CARMESIA,GRFI,35878000,35879999,11,195
MG,CONCEICAO DO MATO DENTRO,GRFI,35858000,35864999,11,130
MG,CRISTIANO OTONI,GRFI,36426000,36427999,11,260
MG,DIONISIO,GRFI,35984000,35985999,11,195
MG,DOM JOAQUIM,GRFI,35865000,35874999,11,195
MG,DORES DE GUANHAES,GRFI,35894000,35899999,11,130
MG,ENTRE RIOS DE MINAS,GRFI,35490000,35491999,11,390
MG,GUANHAES,GRFI,39737000,39744999,11,0
MG,INDIANOPOLIS,GRFI,38490000,38499999,11,195
MG,JABOTICATUBAS,GRFI,35830000,35844999,11,0
MG,JECEABA,GRFI,35497000,35499999,11,325
MG,JUVENILIA,GRFI,39467000,39469999,11,52
MG,MARLIERIA,GRFI,35185000,35187999,11,195
MG,MOEDA,GRFI,35470000,35472999,11,195
MG,MONTE BELO,GRFI,37115000,37119999,11,0
MG,MORRO DO PILAR,GRFI,35875000,35877999,11,195
MG,NOVA UNIAO,GRFI,34990000,34999999,11,0
MG,PARAOPEBA,GRFI,35774000,35776999,11,130
MG,PIRAJUBA,GRFI,38210000,38219999,11,104
MG,PRESIDENTE KUBITSCHEK,GRFI,39135000,39139999,11,65
MG,PRUDENTE DE MORAIS,GRFI,35738000,35739999,11,0
MG,SABINOPOLIS,GRFI,39750000,39754999,11,0
MG,SANTA ROSA DA SERRA,GRFI,38805000,38809999,11,325
MG,SAO BRAS DO SUACUI,GRFI,35495000,35496999,11,260
MG,SENHORA DO PORTO,GRFI,39745000,39749999,11,0
MG,UNIAO DE MINAS,GRFI,38288000,38289999,11,104
MG,VERISSIMO,GRFI,38150000,38159999,11,325
MT,TAPURAH,RMTI,78573000,78574999,11,0
PE,CAMUTANGA,TRPI,55930000,55939999,11,0
PE,ITAMBE,TRPI,55920000,55929999,11,0
PE,PALMARES,TRPI,55540000,55549999,11,0
PE,RIBEIRAO,TRPI,55520000,55524999,11,0
PE,TAMANDARE,TRPI,55578000,55579999,11,0
PE,TIMBAUBA,TRPI,55870000,55879999,11,0
BA,MUCUGE,RBAI,46750000,46759999,12,0
MG,ABRE CAMPO,GRFI,35365000,35366999,12,0
MG,ACAIACA,GRFI,35438000,35438999,12,0
MG,ACUCENA,GRFI,35147000,35147999,12,81
MG,AGUA BOA,GRFI,39790000,39794999,12,0
MG,AGUANIL,GRFI,37273000,37274999,12,0
MG,AGUAS FORMOSAS,GRFI,39880000,39884999,12,108
MG,AIMORES,GRFI,35200000,35219999,12,0
MG,ALMENARA,GRFI,39900000,39911999,12,0
MG,ALPERCATA,GRFI,35138000,35139999,12,0
MG,ALTO CAPARAO,GRFI,36979000,36979999,12,0
MG,ALTO JEQUITIBA,GRFI,36976000,36978999,12,0
MG,ALVARENGA,GRFI,35249000,35249999,12,270
MG,ALVINOPOLIS,GRFI,35950000,35959999,12,0
MG,ALVORADA DE MINAS,GRFI,39140000,39149999,12,203
MG,ANDRELANDIA,GRFI,37300000,37304999,12,297
MG,ANGELANDIA,GRFI,39685000,39687999,12,0
MG,ANTONIO DIAS,GRFI,35177000,35178999,12,0
MG,ARACUAI,GRFI,39600000,39609999,12,0
MG,ARINOS,GRFI,38680000,38688999,12,162
MG,ATALEIA,GRFI,39850000,39854999,12,0
MG,BANDEIRA,GRFI,39917000,39919999,12,0
MG,BARBACENA,GRFI,36200001,36209999,12,0
MG,BARRA LONGA,GRFI,35447000,35449999,12,0
MG,BELO ORIENTE,GRFI,35195000,35197999,12,0
MG,BERILO,GRFI,39640000,39641999,12,108
MG,BERTOPOLIS,GRFI,39875000,39877999,12,0
MG,BOCAINA DE MINAS,GRFI,37340000,37349999,12,203
MG,BOM JARDIM DE MINAS,GRFI,37310000,37329999,12,270
MG,BOM JESUS DO GALHO,GRFI,35340000,35344999,12,0
MG,BONFINOPOLIS DE MINAS,GRFI,38650000,38653999,12,0
MG,BRAUNAS,GRFI,35189000,35189999,12,81
MG,BUGRE,GRFI,35193000,35193999,12,0
MG,CABECEIRA GRANDE,GRFI,38625000,38629999,12,162
MG,CACHOEIRA DA PRATA,GRFI,35765000,35766999,12,405
MG,CACHOEIRA DE PAJEU,GRFI,39980000,39989999,12,0
MG,CACHOEIRA DOURADA,GRFI,38370000,38379999,12,195
MG,CAIANA,GRFI,36832000,36833999,12,203
MG,CAMPANARIO,GRFI,39835000,39836999,12,0
MG,CANTAGALO,GRFI,39703000,39703999,12,0
MG,CAPARAO,GRFI,36834000,36835999,12,0
MG,CAPIM BRANCO,GRFI,35730000,35731999,12,135
MG,CAPITAO ANDRADE,GRFI,35123000,35124999,12,135
MG,CAPITOLIO,GRFI,37930000,37933999,12,243
MG,CAPUTIRA,GRFI,36925000,36929999,12,0
MG,CARAI,GRFI,39810000,39813999,12,0
MG,CARANAIBA,GRFI,36428000,36429999,12,297
MG,CARATINGA,GRFI,35300001,35322999,12,0
MG,CARLOS CHAGAS,GRFI,39864000,39867999,12,0
MG,CASA GRANDE,GRFI,36422000,36423999,12,270
MG,CATAS ALTAS,GRFI,35969000,35969999,12,0
MG,CATAS ALTAS DA NORUEGA,GRFI,36450000,36454999,12,338
MG,CATUJI,GRFI,39816000,39816999,12,0
MG,CEDRO DO ABAETE,GRFI,35624000,35624999,12,405
MG,CHALE,GRFI,36985000,36989999,12,0
MG,CHAPADA GAUCHA,GRFI,38689000,38689999,12,608
MG,CLARO DOS POCOES,GRFI,39380000,39386999,12,0
MG,COLUNA,GRFI,39770000,39774999,12,0
MG,COMERCINHO,GRFI,39628000,39629999,12,0
MG,CONCEICAO DA BARRA DE MINAS,GRFI,36360000,36369999,12,0
MG,CONCEICAO DE IPANEMA,GRFI,36947000,36949999,12,203
MG,CONGONHAS DO NORTE,GRFI,35850000,35857999,12,203
MG,CONSELHEIRO PENA,GRFI,35240000,35245999,12,0
MG,COROACI,GRFI,39710000,39714999,12,0
MG,CORONEL XAVIER CHAVES,GRFI,36330000,36334999,12,406
MG,CORREGO NOVO,GRFI,35345000,35347999,12,0
MG,CRISOLITA,GRFI,39885000,39889999,12,203
MG,CRISTAIS,GRFI,37275000,37277999,12,195
MG,CUPARAQUE,GRFI,35246000,35247999,12,0
MG,CURRAL DE DENTRO,GRFI,39569000,39569999,12,156
MG,DIOGO DE VASCONCELOS,GRFI,35437000,35437999,12,203
MG,DIVINOLANDIA DE MINAS,GRFI,39735000,39736999,12,0
MG,DIVISA ALEGRE,GRFI,39995000,39997999,12,325
MG,DIVISOPOLIS,GRFI,39912000,39914999,12,0
MG,DOM BOSCO,GRFI,38654000,38657999,12,163
MG,DOM CAVATI,GRFI,35148000,35149999,12,0
MG,DOM SILVERIO,GRFI,35440000,35440999,12,298
MG,DORESOPOLIS,GRFI,37926000,37926999,12,390
MG,DURANDE,GRFI,36974000,36975799,12,0
MG,ENGENHEIRO CALDAS,GRFI,35130000,35134999,12,0
MG,ENTRE FOLHAS,GRFI,35324000,35324999,12,0
MG,FELISBURGO,GRFI,39895000,39899999,12,0
MG,FELIXLANDIA,GRFI,39237000,39239999,12,68
MG,FERNANDES TOURINHO,GRFI,35135000,35137999,12,0
MG,FERROS,GRFI,35800000,35809999,12,0
MG,FORMOSO,GRFI,38690000,38699999,12,162
MG,FORTUNA DE MINAS,GRFI,35760000,35762999,12,406
MG,FRANCISCOPOLIS,GRFI,39695000,39699999,12,0
MG,FREI GASPAR,GRFI,39840000,39847999,12,0
MG,FREI LAGONEGRO,GRFI,39708000,39709999,12,0
MG,FRONTEIRA DOS VALES,GRFI,39870000,39872999,12,0
MG,FUNILANDIA,GRFI,35736000,35737999,12,406
MG,GALILEIA,GRFI,35250000,35257999,12,0
MG,GAMELEIRAS,GRFI,39505000,39507999,12,0
MG,GOIABEIRA,GRFI,35248000,35248999,12,203
MG,GONZAGA,GRFI,39720000,39722999,12,0
MG,GUAPE,GRFI,37177000,37180999,12,195
MG,IAPU,GRFI,35190000,35192999,12,0
MG,IBERTIOGA,GRFI,36225000,36226999,12,405
MG,IBITIURA DE MINAS,GRFI,37790000,37794999,12,195
MG,IMBE DE MINAS,GRFI,35323000,35323999,12,0
MG,INHAPIM,GRFI,35330000,35333999,12,0
MG,IPANEMA,GRFI,36950000,36952999,12,0
MG,ITAIPE,GRFI,39815000,39815999,12,0
MG,ITAMBE DO MATO DENTRO,GRFI,35820000,35829999,12,135
MG,ITANHOMI,GRFI,35120000,35122999,12,0
MG,ITAOBIM,GRFI,39625000,39627999,12,0
MG,ITAVERAVA,GRFI,36440000,36449999,12,270
MG,ITINGA,GRFI,39610000,39614999,12,0
MG,ITUETA,GRFI,35220000,35224999,12,0
MG,JACINTO,GRFI,39930000,39934999,12,0
MG,JAGUARACU,GRFI,35188000,35188999,12,81
MG,JAMPRUCA,GRFI,39837000,39839999,12,0
MG,JEQUITIBA,GRFI,35767000,35769999,12,405
MG,JOAIMA,GRFI,39890000,39892999,12,0
MG,JOANESIA,GRFI,35194000,35194999,12,81
MG,JORDANIA,GRFI,39920000,39924999,12,0
MG,JOSE GONCALVES DE MINAS,GRFI,39642000,39643999,12,0
MG,JOSE RAYDAN,GRFI,39775000,39779999,12,0
MG,LADAINHA,GRFI,39825000,39826999,12,0
MG,LAJINHA,GRFI,36980000,36984999,12,270
MG,LAMIM,GRFI,36455000,36459999,12,405
MG,LIBERDADE,GRFI,37350000,37359999,12,0
MG,LUISBURGO,GRFI,36923000,36924999,12,0
MG,MACHACALIS,GRFI,39873000,39873999,12,0
MG,MALACACHETA,GRFI,39690000,39694999,12,0
MG,MANHUMIRIM,GRFI,36970000,36971999,12,0
MG,MARILAC,GRFI,35115000,35115999,12,0
MG,MARTINS SOARES,GRFI,36972000,36973999,12,0
MG,MATA VERDE,GRFI,39915000,39916999,12,0
MG,MATERLANDIA,GRFI,39755000,39764999,12,0
MG,MEDINA,GRFI,39620000,39624999,12,0
MG,MESQUITA,GRFI,35116000,35116999,12,81
MG,MONJOLOS,GRFI,39215000,39218999,12,0
MG,MONTE FORMOSO,GRFI,39893000,39894999,12,0
MG,MORRO DA GARCA,GRFI,39248000,39249999,12,0
MG,MUTUM,GRFI,36955000,36959999,12,260
MG,NACIP RAYDAN,GRFI,39718000,39719999,12,0
MG,NAQUE,GRFI,35117000,35117999,12,0
MG,NATALANDIA,GRFI,38658000,38659999,12,162
MG,NOVA BELEM,GRFI,35298000,35299999,12,270
MG,NOVA ERA,GRFI,35920000,35929999,12,135
MG,NOVA MODICA,GRFI,35113000,35113999,12,0
MG,NOVO CRUZEIRO,GRFI,39820000,39824999,12,0
MG,NOVO ORIENTE DE MINAS,GRFI,39817000,39817999,12,0
MG,NOVORIZONTE,GRFI,39568000,39568999,12,162
MG,OLHOS D AGUA,GRFI,39398000,39399999,12,0
MG,ORATORIOS,GRFI,35439000,35439999,12,270
MG,ORIZANIA,GRFI,36828000,36829999,12,0
MG,OURO VERDE DE MINAS,GRFI,39855000,39859999,12,0
MG,PAI PEDRO,GRFI,39517000,39517999,12,0
MG,PALMOPOLIS,GRFI,39945000,39949999,12,0
MG,PASSA VINTE,GRFI,37330000,37339999,12,405
MG,PASSABEM,GRFI,35810000,35814999,12,0
MG,PAULISTAS,GRFI,39765000,39769999,12,0
MG,PAVAO,GRFI,39814000,39814999,12,0
MG,PECANHA,GRFI,39700000,39702999,12,0
MG,PEDRA AZUL,GRFI,39970000,39979999,12,0
MG,PEDRA BONITA,GRFI,35364000,35364999,12,0
MG,PERIQUITO,GRFI,35118000,35119999,12,0
MG,PESCADOR,GRFI,35114000,35114999,12,0
MG,PIEDADE DE CARATINGA,GRFI,35325000,35325999,12,0
MG,PIMENTA,GRFI,35585000,35587999,12,0
MG,PINGO-D AGUA,GRFI,35348000,35349999,12,0
MG,PINTOPOLIS,GRFI,39317000,39317999,12,540
MG,POCRANE,GRFI,36960000,36969999,12,0
MG,POTE,GRFI,39827000,39829999,12,0
MG,QUELUZITO,GRFI,36424000,36425999,12,203
MG,RAUL SOARES,GRFI,35350000,35358999,12,0
MG,REDUTO,GRFI,36920000,36922999,12,0
MG,RESPLENDOR,GRFI,35230000,35239999,12,0
MG,RIACHINHO,GRFI,38640000,38648999,12,162
MG,RIO DO PRADO,GRFI,39940000,39944999,12,0
MG,RIO ESPERA,GRFI,36460000,36469999,12,406
MG,RIO PIRACICABA,GRFI,35940000,35949999,12,0
MG,RIO VERMELHO,GRFI,39170000,39179999,12,0
MG,RITAPOLIS,GRFI,36335000,36339999,12,406
MG,RUBIM,GRFI,39950000,39959999,12,0
MG,SALINAS,GRFI,39560000,39562999,12,0
MG,SALTO DA DIVISA,GRFI,39925000,39927999,12,338
MG,SANTA BARBARA DO LESTE,GRFI,35328000,35329999,12,0
MG,SANTA CRUZ DE SALINAS,GRFI,39563000,39564999,12,135
MG,SANTA CRUZ DO ESCALVADO,GRFI,35383000,35387999,12,270
MG,SANTA EFIGENIA DE MINAS,GRFI,39725000,39727999,12,0
MG,SANTA FE DE MINAS,GRFI,39295000,39299999,12,473
MG,SANTA HELENA DE MINAS,GRFI,39874000,39874999,12,0
MG,SANTA MARGARIDA,GRFI,36913000,36917999,12,0
MG,SANTA MARIA DO SALTO,GRFI,39928000,39929999,12,0
MG,SANTA MARIA DO SUACUI,GRFI,39780000,39783999,12,0
MG,SANTA RITA DE IBITIPOCA,GRFI,36235000,36239999,12,405
MG,SANTA RITA DE MINAS,GRFI,35326000,35327999,12,0
MG,SANTA RITA DO ITUETO,GRFI,35225000,35229999,12,270
MG,SANTANA DE PIRAPAMA,GRFI,35785000,35788999,12,135
MG,SANTANA DO GARAMBEU,GRFI,36146000,36147999,12,405
MG,SANTANA DO JACARE,GRFI,37278000,37279999,12,286
MG,SANTANA DO MANHUACU,GRFI,36940000,36946999,12,0
MG,SANTANA DO RIACHO,GRFI,35845000,35849999,12,405
MG,SANTANA DOS MONTES,GRFI,36430000,36439999,12,270
MG,SANTO ANTONIO DO AMPARO,GRFI,37262000,37263999,12,156
MG,SANTO ANTONIO DO GRAMA,GRFI,35388000,35389999,12,405
MG,SANTO ANTONIO DO ITAMBE,GRFI,39160000,39164999,12,0
MG,SANTO ANTONIO DO JACINTO,GRFI,39935000,39939999,12,0
MG,SANTO ANTONIO DO RIO ABAIXO,GRFI,35880000,35893999,12,0
MG,SANTO HIPOLITO,GRFI,39210000,39214999,12,0
MG,SAO DOMINGOS DAS DORES,GRFI,35335000,35337999,12,0
MG,SAO DOMINGOS DO PRATA,GRFI,35993000,35999999,12,0
MG,SAO FELIX DE MINAS,GRFI,35275000,35276999,12,270
MG,SAO GERALDO DA PIEDADE,GRFI,39723000,39724999,12,0
MG,SAO GERALDO DO BAIXIO,GRFI,35258000,35259999,12,0
MG,SAO GONCALO DO RIO ABAIXO,GRFI,35935000,35937999,12,0
MG,SAO JOAO DO MANHUACU,GRFI,36918000,36919999,12,0
MG,SAO JOAO DO ORIENTE,GRFI,35146000,35146999,12,0
MG,SAO JOAO DO PACUI,GRFI,39365000,39369999,12,203
MG,SAO JOAO EVANGELISTA,GRFI,39704000,39706999,12,0
MG,SAO JOSE DA SAFIRA,GRFI,39785000,39789999,12,0
MG,SAO JOSE DO DIVINO,GRFI,39848000,39849999,12,0
MG,SAO JOSE DO GOIABAL,GRFI,35986000,35992999,12,0
MG,SAO JOSE DO JACURI,GRFI,39707000,39707999,12,203
MG,SAO JOSE DO MANTIMENTO,GRFI,36990000,36999999,12,0
MG,SAO PEDRO DO SUACUI,GRFI,39784000,39784999,12,0
MG,SAO PEDRO DOS FERROS,GRFI,35360000,35363999,12,0
MG,SAO ROMAO,GRFI,39290000,39294999,12,338
MG,SAO SEBASTIAO DO ANTA,GRFI,35334000,35334999,12,0
MG,SAO SEBASTIAO DO MARANHAO,GRFI,39795000,39799999,12,203
MG,SAO SEBASTIAO DO RIO PRETO,GRFI,35815000,35819999,12,0
MG,SAO VICENTE DE MINAS,GRFI,37370000,37399999,12,203
MG,SARDOA,GRFI,39728000,39729999,12,203
MG,SEM PEIXE,GRFI,35441000,35441999,12,135
MG,SERITINGA,GRFI,37454000,37455999,12,203
MG,SERRA AZUL DE MINAS,GRFI,39165000,39169999,12,203
MG,SERRA DOS AIMORES,GRFI,39868000,39869999,12,0
MG,SERRANOS,GRFI,37452000,37453999,12,203
MG,SETUBINHA,GRFI,39688000,39689999,12,0
MG,SIMONESIA,GRFI,36930000,36939999,12,0
MG,SOBRALIA,GRFI,35144000,35145999,12,0
MG,TAIOBEIRAS,GRFI,39550000,39552999,12,0
MG,TAPARUBA,GRFI,36953000,36954999,12,0
MG,TAQUARACU DE MINAS,GRFI,33980000,33999999,12,203
MG,TARUMIRIM,GRFI,35140000,35143999,12,0
MG,TOCOS DO MOJI,GRFI,37563000,37563999,12,0
MG,TUMIRITINGA,GRFI,35125000,35129999,12,0
MG,UBAPORANGA,GRFI,35338000,35339999,12,0
MG,UMBURATIBA,GRFI,39878000,39879999,12,0
MG,URUANA DE MINAS,GRFI,38630000,38639999,12,162
MG,URUCANIA,GRFI,35380000,35381999,12,270
MG,URUCUIA,GRFI,38649000,38649999,12,473
MG,VARGEM ALEGRE,GRFI,35199000,35199999,12,0
MG,VARGEM BONITA,GRFI,37922000,37924999,12,390
MG,VEREDINHA,GRFI,39663000,39664999,12,0
MG,VERMELHO NOVO,GRFI,35359000,35359999,12,203
MG,VIRGINOPOLIS,GRFI,39730000,39734999,12,0
MG,VIRGOLANDIA,GRFI,39715000,39717999,12,0
PB,AGUA BRANCA,RPBI,58748000,58749999,12,0
PB,AGUIAR,RPBI,58778000,58779999,12,0
PB,ALAGOA GRANDE,RPBI,58388000,58389999,12,0
PB,ALAGOA NOVA,RPBI,58125000,58127999,12,0
PB,ALAGOINHA,RPBI,58390000,58392999,12,0
PB,ALCANTIL,RPBI,58460000,58462999,12,0
PB,ALGODAO DE JANDAIRA,RPBI,58399000,58399999,12,0
PB,AMPARO,RPBI,58548000,58549999,12,0
PB,APARECIDA,RPBI,58823000,58823999,12,0
PB,ARACAGI,RPBI,58270000,58272999,12,0
PB,ARARA,RPBI,58396000,58396999,12,0
PB,ARARUNA,RPBI,58233000,58234999,12,0
PB,AREIA,RPBI,58397000,58397999,12,0
PB,AREIA DE BARAUNAS,RPBI,58732000,58732999,12,0
PB,AREIAL,RPBI,58140000,58144999,12,0
PB,AROEIRAS,RPBI,58489000,58491999,12,0
PB,ASSUNCAO,RPBI,58685000,58689999,12,0
PB,BAIA DA TRAICAO,RPBI,58295000,58296999,12,0
PB,BANANEIRAS,RPBI,58220000,58224999,12,0
PB,BARAUNA,RPBI,58188000,58194999,12,0
PB,BARRA DE SANTA ROSA,RPBI,58170000,58172999,12,0
PB,BARRA DE SANTANA,RPBI,58458000,58459999,12,0
PB,BARRA DE SAO MIGUEL,RPBI,58483000,58484999,12,0
PB,BELEM,RPBI,58255000,58259999,12,0
PB,BELEM DO BREJO DO CRUZ,RPBI,58895000,58899999,12,0
PB,BERNARDINO BATISTA,RPBI,58922000,58924999,12,0
PB,BOA VENTURA,RPBI,58993000,58993999,12,0
PB,BOA VISTA,RPBI,58123000,58124999,12,0
PB,BOM JESUS,RPBI,58930000,58932999,12,0
PB,BOM SUCESSO,RPBI,58887000,58889999,12,0
PB,BONITO DE SANTA FE,RPBI,58960000,58969999,12,0
PB,BOQUEIRAO,RPBI,58450000,58454999,12,0
PB,BORBOREMA,RPBI,58394000,58394999,12,0
PB,BREJO DO CRUZ,RPBI,58890000,58892999,12,0
PB,BREJO DOS SANTOS,RPBI,58880000,58883999,12,0
PB,CAAPORA,RPBI,58326000,58327999,12,0
PB,CABACEIRAS,RPBI,58480000,58482999,12,0
PB,CACHOEIRA DOS INDIOS,RPBI,58935000,58939999,12,0
PB,CACIMBA DE AREIA,RPBI,58730000,58731999,12,0
PB,CACIMBA DE DENTRO,RPBI,58230000,58232999,12,0
PB,CACIMBAS,RPBI,58698000,58699999,12,0
PB,CAICARA,RPBI,58253000,58253999,12,0
PB,CAJAZEIRAS,RPBI,58900000,58907999,12,0
PB,CAJAZEIRINHAS,RPBI,58855000,58856999,12,0
PB,CALDAS BRANDAO,RPBI,58350000,58353999,12,0
PB,CAMALAU,RPBI,58530000,58534999,12,0
PB,CAMPINA GRANDE,RPBI,58400000,58449999,12,0
PB,CAPIM,RPBI,58287000,58288999,12,0
PB,CARAUBAS,RPBI,58595000,58599999,12,0
PB,CARRAPATEIRA,RPBI,58945000,58949999,12,0
PB,CASSERENGUE,RPBI,58238000,58239999,12,0
PB,CATINGUEIRA,RPBI,58715000,58719999,12,0
PB,CATOLE DO ROCHA,RPBI,58884000,58886999,12,0
PB,CATURITE,RPBI,58455000,58457999,12,0
PB,CONCEICAO,RPBI,58970000,58977999,12,0
PB,CONDADO,RPBI,58714000,58714999,12,0
PB,CONGO,RPBI,58535000,58539999,12,0
PB,COREMAS,RPBI,58770000,58774999,12,0
PB,COXIXOLA,RPBI,58588000,58589999,12,0
PB,CUBATI,RPBI,58167000,58169999,12,0
PB,CUITE,RPBI,58175000,58176999,12,0
PB,CUITE DE MAMANGUAPE,RPBI,58289000,58290999,12,0
PB,CUITEGI,RPBI,58208000,58209999,12,0
PB,CURRAL DE CIMA,RPBI,58291000,58291999,12,0
PB,CURRAL VELHO,RPBI,58990000,58992999,12,0
PB,DAMIAO,RPBI,58173000,58174999,12,0
PB,DESTERRO,RPBI,58695000,58697999,12,0
PB,DIAMANTE,RPBI,58994000,58994999,12,0
PB,DONA INES,RPBI,58228000,58229999,12,0
PB,DUAS ESTRADAS,RPBI,58265000,58267999,12,0
PB,EMAS,RPBI,58763000,58764999,12,0
PB,ESPERANCA,RPBI,58135000,58139999,12,0
PB,FAGUNDES,RPBI,58487000,58488999,12,0
PB,FREI MARTINHO,RPBI,58195000,58199999,12,0
PB,GADO BRAVO,RPBI,58492000,58493999,12,0
PB,GUARABIRA,RPBI,58200000,58207999,12,0
PB,GURINHEM,RPBI,58356000,58359999,12,0
PB,GURJAO,RPBI,58670000,58674999,12,0
PB,IBIARA,RPBI,58980000,58984999,12,0
PB,IGARACY,RPBI,58775000,58777999,12,0
PB,IMACULADA,RPBI,58745000,58747999,12,0
PB,INGA,RPBI,58380000,58381999,12,0
PB,ITABAIANA,RPBI,58360000,58369999,12,0
PB,ITAPORANGA,RPBI,58780000,58783999,12,0
PB,ITAPOROROCA,RPBI,58275000,58277999,12,0
PB,ITATUBA,RPBI,58378000,58379999,12,0
PB,JACARAU,RPBI,58278000,58279999,12,0
PB,JERICO,RPBI,58830000,58831999,12,0
PB,JOCA CLAUDINO,RPBI,58928000,58929999,12,0
PB,JUAREZ TAVORA,RPBI,58387000,58387999,12,0
PB,JUAZEIRINHO,RPBI,58660000,58664999,12,0
PB,JUNCO DO SERIDO,RPBI,58640000,58649999,12,0
PB,JURIPIRANGA,RPBI,58330000,58333999,12,0
PB,JURU,RPBI,58750000,58752999,12,0
PB,LAGOA,RPBI,58835000,58839999,12,0
PB,LAGOA DE DENTRO,RPBI,58250000,58252999,12,0
PB,LAGOA SECA,RPBI,58117000,58118999,12,0
PB,LASTRO,RPBI,58820000,58821999,12,0
PB,LIVRAMENTO,RPBI,58690000,58694999,12,0
PB,LOGRADOURO,RPBI,58254000,58254999,12,0
PB,LUCENA,RPBI,58315000,58319999,12,0
PB,MAE D AGUA,RPBI,58740000,58744999,12,0
PB,MALTA,RPBI,58713000,58713999,12,0
PB,MAMANGUAPE,RPBI,58280000,58286999,12,0
PB,MANAIRA,RPBI,58995000,58996999,12,0
PB,MARCACAO,RPBI,58294000,58294999,12,0
PB,MARI,RPBI,58345000,58347999,12,0
PB,MARIZOPOLIS,RPBI,58819000,58819999,12,0
PB,MASSARANDUBA,RPBI,58120000,58122999,12,0
PB,MATARACA,RPBI,58292000,58293999,12,0
PB,MATINHAS,RPBI,58128000,58134999,12,0
PB,MATO GROSSO,RPBI,58832000,58834999,12,0
PB,MATUREIA,RPBI,58737000,58739999,12,0
PB,MOGEIRO,RPBI,58375000,58377999,12,0
PB,MONTADAS,RPBI,58145000,58149999,12,0
PB,MONTE HOREBE,RPBI,58950000,58954999,12,0
PB,MONTEIRO,RPBI,58500000,58509999,12,0
PB,MULUNGU,RPBI,58354000,58355999,12,0
PB,NATUBA,RPBI,58494000,58496999,12,0
PB,NAZAREZINHO,RPBI,58817000,58817999,12,0
PB,NOVA FLORESTA,RPBI,58178000,58179999,12,0
PB,NOVA OLINDA,RPBI,58798000,58799999,12,0
PB,NOVA PALMEIRA,RPBI,58184000,58186999,12,0
PB,OLHO D AGUA,RPBI,58760000,58762999,12,0
PB,OLIVEDOS,RPBI,58160000,58166999,12,0
PB,OURO VELHO,RPBI,58560000,58569999,12,0
PB,PARARI,RPBI,58575000,58579999,12,0
PB,PASSAGEM,RPBI,58734000,58734999,12,0
PB,PATOS,RPBI,58700001,58709999,12,0
PB,PAULISTA,RPBI,58860000,58864999,12,0
PB,PEDRA BRANCA,RPBI,58790000,58794999,12,0
PB,PEDRA LAVRADA,RPBI,58180000,58183999,12,0
PB,PEDRAS DE FOGO,RPBI,58328000,58329999,12,0
PB,PEDRO REGIS,RPBI,58273000,58274999,12,0
PB,PIANCO,RPBI,58765000,58769999,12,0
PB,PICUI,RPBI,58187000,58187999,12,0
PB,PILAR,RPBI,58338000,58338999,12,0
PB,PILOES,RPBI,58393000,58393999,12,0
PB,PILOEZINHOS,RPBI,58210000,58212999,12,0
PB,PIRPIRITUBA,RPBI,58213000,58219999,12,0
PB,PITIMBU,RPBI,58324000,58325999,12,0
PB,POCINHOS,RPBI,58150000,58154999,12,0
PB,POCO DANTAS,RPBI,58933000,58934999,12,0
PB,POCO DE JOSE DE MOURA,RPBI,58908000,58909999,12,0
PB,POMBAL,RPBI,58840000,58852999,12,0
PB,PRATA,RPBI,58550000,58559999,12,0
PB,PRINCESA ISABEL,RPBI,58755000,58757999,12,0
PB,PUXINANA,RPBI,58115000,58116999,12,0
PB,QUEIMADAS,RPBI,58470000,58479999,12,0
PB,QUIXABA,RPBI,58733000,58733999,12,0
PB,REMIGIO,RPBI,58398000,58398999,12,0
PB,RIACHAO,RPBI,58235000,58237999,12,0
PB,RIACHAO DO BACAMARTE,RPBI,58382000,58384999,12,0
PB,RIACHAO DO POCO,RPBI,58348000,58349999,12,0
PB,RIACHO DE SANTO ANTONIO,RPBI,58465000,58469999,12,0
PB,RIACHO DOS CAVALOS,RPBI,58870000,58879999,12,0
PB,RIO TINTO,RPBI,58297000,58299999,12,0
PB,SALGADINHO,RPBI,58650000,58659999,12,0
PB,SALGADO DE SAO FELIX,RPBI,58370000,58373999,12,0
PB,SANTA CECILIA,RPBI,58463000,58464999,12,0
PB,SANTA CRUZ,RPBI,58824000,58829999,12,0
PB,SANTA HELENA,RPBI,58925000,58927999,12,0
PB,SANTA INES,RPBI,58978000,58979999,12,0
PB,SANTA TERESINHA,RPBI,58720000,58722999,12,0
PB,SANTANA DE MANGUEIRA,RPBI,58985000,58989999,12,0
PB,SANTANA DOS GARROTES,RPBI,58795000,58797999,12,0
PB,SANTO ANDRE,RPBI,58675000,58679999,12,0
PB,SAO BENTINHO,RPBI,58857000,58859999,12,0
PB,SAO BENTO,RPBI,58865000,58869999,12,0
PB,SAO DOMINGOS,RPBI,58853000,58854999,12,0
PB,SAO DOMINGOS DO CARIRI,RPBI,58485000,58486999,12,0
PB,SAO FRANCISCO,RPBI,58818000,58818999,12,0
PB,SAO JOAO DO CARIRI,RPBI,58590000,58594999,12,0
PB,SAO JOAO DO RIO DO PEIXE,RPBI,58910000,58914999,12,0
PB,SAO JOAO DO TIGRE,RPBI,58520000,58529999,12,0
PB,SAO JOSE DA LAGOA TAPADA,RPBI,58815000,58816999,12,0
PB,SAO JOSE DE CAIANA,RPBI,58784000,58789999,12,0
PB,SAO JOSE DE ESPINHARAS,RPBI,58723000,58724999,12,0
PB,SAO JOSE DE PIRANHAS,RPBI,58940000,58944999,12,0
PB,SAO JOSE DE PRINCESA,RPBI,58758000,58759999,12,0
PB,SAO JOSE DO BONFIM,RPBI,58725000,58729999,12,0
PB,SAO JOSE DO BREJO DO CRUZ,RPBI,58893000,58894999,12,0
PB,SAO JOSE DO SABUGI,RPBI,58610000,58619999,12,0
PB,SAO JOSE DOS CORDEIROS,RPBI,58570000,58574999,12,0
PB,SAO JOSE DOS RAMOS,RPBI,58339000,58339999,12,0
PB,SAO MAMEDE,RPBI,58625000,58639999,12,0
PB,SAO MIGUEL DE TAIPU,RPBI,58334000,58336999,12,0
PB,SAO SEBASTIAO DE LAGOA DE ROCA,RPBI,58119000,58119999,12,0
PB,SAO SEBASTIAO DO UMBUZEIRO,RPBI,58510000,58514999,12,0
PB,SAO VICENTE DO SERIDO,RPBI,58158000,58159999,12,0
PB,SAPE,RPBI,58340000,58341999,12,0
PB,SERRA BRANCA,RPBI,58580000,58587999,12,0
PB,SERRA DA RAIZ,RPBI,58260000,58264999,12,0
PB,SERRA GRANDE,RPBI,58955000,58959999,12,0
PB,SERRA REDONDA,RPBI,58385000,58386999,12,0
PB,SERRARIA,RPBI,58395000,58395999,12,0
PB,SERTAOZINHO,RPBI,58268000,58269999,12,0
PB,SOBRADO,RPBI,58342000,58344999,12,0
PB,SOLANEA,RPBI,58225000,58227999,12,0
PB,SOLEDADE,RPBI,58155000,58157999,12,0
PB,SOSSEGO,RPBI,58177000,58177999,12,0
PB,SOUSA,RPBI,58800001,58814999,12,0
PB,SUME,RPBI,58540000,58547999,12,0
PB,TACIMA,RPBI,58240000,58249999,12,0
PB,TAPEROA,RPBI,58680000,58684999,12,0
PB,TAVARES,RPBI,58753000,58754999,12,0
PB,TEIXEIRA,RPBI,58735000,58736999,12,0
PB,TENORIO,RPBI,58665000,58669999,12,0
PB,TRIUNFO,RPBI,58920000,58921999,12,0
PB,UIRAUNA,RPBI,58915000,58919999,12,0
PB,UMBUZEIRO,RPBI,58497000,58499999,12,0
PB,VARZEA,RPBI,58620000,58624999,12,0
PB,VIEIROPOLIS,RPBI,58822000,58822999,12,0
PB,VISTA SERRANA,RPBI,58710000,58712999,12,0
PB,ZABELE,RPBI,58515000,58519999,12,0
PB,ALHANDRA,RPBP,58320000,58321999,12,0
PB,BAYEUX,RPBP,58110001,58114999,12,0
PB,CABEDELO,RPBP,58100001,58109999,12,0
PB,CONDE,RPBP,58322000,58323999,12,0
PB,SANTA LUZIA,RPBP,58600000,58609999,12,0
PE,AFOGADOS DA INGAZEIRA,TRPI,56800000,56819999,12,0
PE,AFRANIO,TRPI,56360000,56379999,12,0
PE,AGRESTINA,TRPI,55495000,55499999,12,0
PE,AGUA PRETA,TRPI,55550000,55554999,12,0
PE,AGUAS BELAS,TRPI,55340000,55344999,12,0
PE,ALAGOINHA,TRPI,55260000,55269999,12,0
PE,ALIANCA,TRPI,55890000,55899999,12,0
PE,ALTINHO,TRPI,55490000,55494999,12,0
PE,AMARAJI,TRPI,55515000,55519999,12,0
PE,ANGELIM,TRPI,55430000,55434999,12,0
PE,ARARIPINA,TRPI,56280000,56299999,12,0
PE,ARCOVERDE,TRPI,56500001,56519999,12,0
PE,BARRA DE GUABIRABA,TRPI,55690000,55694999,12,0
PE,BARREIROS,TRPI,55560000,55564999,12,0
PE,BELEM DE MARIA,TRPI,55440000,55449999,12,0
PE,BELO JARDIM,TRPI,55150001,55169999,12,0
PE,BETANIA,TRPI,56670000,56699999,12,0
PE,BEZERROS,TRPI,54980000,54989999,12,0
PE,BEZERROS,TRPI,55660000,55664999,12,0
PE,BODOCO,TRPI,56220000,56229999,12,0
PE,BOM CONSELHO,TRPI,55330000,55339999,12,0
PE,BOM JARDIM,TRPI,55730000,55739999,12,0
PE,BONITO,TRPI,55680000,55689999,12,0
PE,BREJAO,TRPI,55325000,55329999,12,0
PE,BREJINHO,TRPI,56740000,56749999,12,0
PE,BREJO DA MADRE DE DEUS,TRPI,55170000,55179999,12,0
PE,BUENOS AIRES,TRPI,55845000,55849999,12,0
PE,BUIQUE,TRPI,56520000,56539999,12,350
PE,CABROBO,TRPI,56180000,56189999,12,0
PE,CACHOEIRINHA,TRPI,55380000,55384999,12,0
PE,CAETES,TRPI,55360000,55364999,12,0
PE,CALCADO,TRPI,55375000,55379999,12,0
PE,CALUMBI,TRPI,56930000,56949999,12,0
PE,CAMOCIM DE SAO FELIX,TRPI,55665000,55669999,12,0
PE,CANHOTINHO,TRPI,55420000,55429999,12,0
PE,CAPOEIRAS,TRPI,55365000,55369999,12,0
PE,CARNAIBA,TRPI,56820000,56827999,12,0
PE,CARNAUBEIRA DA PENHA,TRPI,56420000,56429999,12,0
PE,CARUARU,TRPI,55000001,55119999,12,0
PE,CASINHAS,TRPI,55755000,55759999,12,0
PE,CATENDE,TRPI,55400000,55404999,12,0
PE,CEDRO,TRPI,56130000,56139999,12,0
PE,CHA GRANDE,TRPI,55636000,55639999,12,0
PE,CONDADO,TRPI,55940000,55949999,12,0
PE,CORRENTES,TRPI,55315000,55319999,12,0
PE,CORTES,TRPI,55525000,55529999,12,0
PE,CUMARU,TRPI,55655000,55659999,12,0
PE,CUPIRA,TRPI,55460000,55469999,12,0
PE,CUSTODIA,TRPI,56640000,56669999,12,0
PE,DORMENTES,TRPI,56355000,56359999,12,0
PE,EXU,TRPI,56230000,56249999,12,0
PE,FERREIROS,TRPI,55880000,55889999,12,0
PE,FLORES,TRPI,56850000,56869999,12,0
PE,FLORESTA,TRPI,56400000,56419999,12,0
PE,FREI MIGUELINHO,TRPI,55780000,55789999,12,0
PE,GAMELEIRA,TRPI,55530000,55534999,12,0
PE,GARANHUNS,TRPI,55290001,55304999,12,0
PE,GRANITO,TRPI,56160000,56162999,12,0
PE,GRAVATA,TRPI,55640001,55649999,12,0
PE,IATI,TRPI,55345000,55349999,12,0
PE,IBIMIRIM,TRPI,56580000,56599999,12,0
PE,IBIRAJUBA,TRPI,55390000,55394999,12,0
PE,IGUARACI,TRPI,56840000,56849999,12,0
PE,INAJA,TRPI,56560000,56564999,12,0
PE,INGAZEIRA,TRPI,56830000,56839999,12,0
PE,IPUBI,TRPI,56260000,56279999,12,0
PE,ITACURUBA,TRPI,56430000,56439999,12,0
PE,ITAPETIM,TRPI,56720000,56739999,12,0
PE,ITAQUITINGA,TRPI,55950000,55999999,12,0
PE,JAQUEIRA,TRPI,55409000,55409999,12,0
PE,JATAUBA,TRPI,55180000,55189999,12,0
PE,JATOBA,TRPI,56470000,56479999,12,0
PE,JOAO ALFREDO,TRPI,55720000,55729999,12,0
PE,JOAQUIM NABUCO,TRPI,55535000,55539999,12,0
PE,JUCATI,TRPI,55398000,55399999,12,0
PE,JUPI,TRPI,55395000,55397999,12,0
PE,JUREMA,TRPI,55480000,55489999,12,0
PE,LAGOA DO ITAENGA,TRPI,55840000,55844999,12,0
PE,LAGOA DO OURO,TRPI,55320000,55324999,12,0
PE,LAGOA DOS GATOS,TRPI,55450000,55459999,12,0
PE,LAGOA GRANDE,TRPI,56395000,56399999,12,0
PE,LAJEDO,TRPI,55385000,55389999,12,0
PE,LIMOEIRO,TRPI,55700000,55714999,12,0
PE,MACAPARANA,TRPI,55865000,55869999,12,0
PE,MACHADOS,TRPI,55740000,55744999,12,0
PE,MANARI,TRPI,56565000,56579999,12,0
PE,MARAIAL,TRPI,55405000,55408999,12,0
PE,MIRANDIBA,TRPI,56980000,56999999,12,0
PE,MOREILANDIA,TRPI,56150000,56159999,12,0
PE,OROBO,TRPI,55745000,55749999,12,0
PE,OROCO,TRPI,56170000,56179999,12,0
PE,OURICURI,TRPI,56200000,56209999,12,0
PE,PALMEIRINA,TRPI,55310000,55314999,12,0
PE,PANELAS,TRPI,55470000,55479999,12,0
PE,PARANATAMA,TRPI,55355000,55359999,12,0
PE,PARNAMIRIM,TRPI,56163000,56169999,12,0
PE,PASSIRA,TRPI,55650000,55654999,12,0
PE,PEDRA,TRPI,55280000,55289999,12,0
PE,PETROLANDIA,TRPI,56460000,56469999,12,0
PE,PETROLINA,TRPI,56300001,56354999,12,0
PE,POCAO,TRPI,55240000,55249999,12,0
PE,POMBOS,TRPI,55630000,55635999,12,0
PE,PRIMAVERA,TRPI,55510000,55514999,12,0
PE,QUIPAPA,TRPI,55415000,55419999,12,0
PE,QUIXABA,TRPI,56828000,56829999,12,0
PE,RIACHO DAS ALMAS,TRPI,55120000,55124999,12,0
PE,RIO FORMOSO,TRPI,55570000,55577999,12,0
PE,SAIRE,TRPI,55695000,55699999,12,0
PE,SALGADINHO,TRPI,55675000,55679999,12,0
PE,SALGUEIRO,TRPI,56000000,56119999,12,0
PE,SALOA,TRPI,55350000,55354999,12,0
PE,SANHARO,TRPI,55250000,55259999,12,0
PE,SANTA CRUZ,TRPI,56215000,56219999,12,0
PE,SANTA CRUZ DA BAIXA VERDE,TRPI,56895000,56899999,12,0
PE,SANTA CRUZ DO CAPIBARIBE,TRPI,55190001,55199999,12,0
PE,SANTA FILOMENA,TRPI,56210000,56214999,12,0
PE,SANTA MARIA DA BOA VISTA,TRPI,56380000,56394999,12,0
PE,SANTA MARIA DO CAMBUCA,TRPI,55765000,55769999,12,0
PE,SANTA TEREZINHA,TRPI,56750000,56759999,12,0
PE,SAO BENEDITO DO SUL,TRPI,55410000,55414999,12,0
PE,SAO BENTO DO UNA,TRPI,55370000,55374999,12,0
PE,SAO CAITANO,TRPI,55130000,55139999,12,0
PE,SAO JOAO,TRPI,55435000,55439999,12,0
PE,SAO JOAQUIM DO MONTE,TRPI,55670000,55674999,12,0
PE,SAO JOSE DA COROA GRANDE,TRPI,55565000,55569999,12,0
PE,SAO JOSE DO BELMONTE,TRPI,56950000,56979999,12,0
PE,SAO JOSE DO EGITO,TRPI,56700000,56719999,12,0
PE,SAO VICENTE FERRER,TRPI,55860000,55864999,12,0
PE,SERRA TALHADA,TRPI,56900001,56929999,12,0
PE,SERRITA,TRPI,56140000,56149999,12,0
PE,SERTANIA,TRPI,56600000,56639999,12,0
PE,SIRINHAEM,TRPI,55580000,55589999,12,0
PE,SOLIDAO,TRPI,56795000,56799999,12,0
PE,SURUBIM,TRPI,55750000,55754999,12,0
PE,TABIRA,TRPI,56780000,56794999,12,0
PE,TACAIMBO,TRPI,55140000,55149999,12,0
PE,TACARATU,TRPI,56480000,56499999,12,0
PE,TAQUARITINGA DO NORTE,TRPI,55790000,55799999,12,0
PE,TEREZINHA,TRPI,55305000,55309999,12,0
PE,TERRA NOVA,TRPI,56190000,56199999,12,0
PE,TORITAMA,TRPI,55125000,55129999,12,0
PE,TRINDADE,TRPI,56250000,56259999,12,0
PE,TRIUNFO,TRPI,56870000,56894999,12,0
PE,TUPANATINGA,TRPI,56540000,56549999,12,0
PE,TUPARETAMA,TRPI,56760000,56779999,12,0
PE,VENTUROSA,TRPI,55270000,55279999,12,0
PE,VERDEJANTE,TRPI,56120000,56129999,12,0
PE,VERTENTE DO LERIO,TRPI,55760000,55764999,12,0
PE,VERTENTES,TRPI,55770000,55779999,12,0
PE,VICENCIA,TRPI,55850000,55859999,12,0
PE,XEXEU,TRPI,55555000,55559999,12,0
PI,BATALHA,RPII,64190000,64199999,12,0
RO,ALTA FLORESTA D OESTE,RROI,76954000,76955999,12,60
RO,ALTO ALEGRE DOS PARECIS,RROI,76952000,76953999,12,0
RO,ALTO PARAISO,RROI,76862000,76862999,12,0
RO,ALVORADA D OESTE,RROI,76930000,76931999,12,0
RO,ARIQUEMES,RROI,76870001,76879999,12,0
RO,BURITIS,RROI,76880000,76886999,12,0
RO,CABIXI,RROI,76994000,76994999,12,0
RO,CACAULANDIA,RROI,76889000,76889999,12,0
RO,CACOAL,RROI,76960001,76969999,12,0
RO,CAMPO NOVO DE RONDONIA,RROI,76887000,76887999,12,0
RO,CANDEIAS DO JAMARI,RROI,76860000,76860999,12,0
RO,CASTANHEIRAS,RROI,76948000,76949999,12,0
RO,CEREJEIRAS,RROI,76997000,76998999,12,0
RO,CHUPINGUAIA,RROI,76990000,76992999,12,0
RO,COLORADO DO OESTE,RROI,76993000,76993999,12,0
RO,CORUMBIARA,RROI,76995000,76996999,12,0
RO,COSTA MARQUES,RROI,76937000,76939999,12,60
RO,CUJUBIM,RROI,76864000,76865999,12,0
RO,ESPIGAO D OESTE,RROI,76974000,76975999,12,0
RO,GOVERNADOR JORGE TEIXEIRA,RROI,76898000,76899999,12,60
RO,GUAJARA-MIRIM,RROI,76850000,76856999,12,0
RO,ITAPUA DO OESTE,RROI,76861000,76861999,12,0
RO,JARU,RROI,76890000,76897999,12,0
RO,JI-PARANA,RROI,76900001,76915999,12,0
RO,MACHADINHO D OESTE,RROI,76868000,76869999,12,0
RO,MINISTRO ANDREAZZA,RROI,76919000,76919999,12,0
RO,MIRANTE DA SERRA,RROI,76926000,76927999,12,0
RO,MONTE NEGRO,RROI,76888000,76888999,12,0
RO,NOVA BRASILANDIA D OESTE,RROI,76958000,76959999,12,0
RO,NOVA MAMORE,RROI,76857000,76859999,12,0
RO,NOVA UNIAO,RROI,76924000,76925999,12,0
RO,NOVO HORIZONTE DO OESTE,RROI,76956000,76957999,12,0
RO,OURO PRETO DO OESTE,RROI,76920000,76922999,12,0
RO,PARECIS,RROI,76979000,76979999,12,0
RO,PIMENTA BUENO,RROI,76970000,76973999,12,0
RO,PIMENTEIRAS DO OESTE,RROI,76999000,76999999,12,0
RO,PRESIDENTE MEDICI,RROI,76916000,76918999,12,0
RO,PRIMAVERA DE RONDONIA,RROI,76976000,76976999,12,0
RO,RIO CRESPO,RROI,76863000,76863999,12,0
RO,ROLIM DE MOURA,RROI,76940000,76947999,12,0
RO,SANTA LUZIA D OESTE,RROI,76950000,76951999,12,0
RO,SAO FELIPE D OESTE,RROI,76977000,76978999,12,0
RO,SAO FRANCISCO DO GUAPORE,RROI,76935000,76936999,12,0
RO,SAO MIGUEL DO GUAPORE,RROI,76932000,76933999,12,0
RO,SERINGUEIRAS,RROI,76934000,76934999,12,0
RO,TEIXEIROPOLIS,RROI,76928000,76928999,12,0
RO,THEOBROMA,RROI,76866000,76866999,12,60
RO,URUPA,RROI,76929000,76929999,12,0
RO,VALE DO ANARI,RROI,76867000,76867999,12,0
RO,VALE DO PARAISO,RROI,76923000,76923999,12,0
RO,VILHENA,RROI,76980001,76989999,12,0
CE,ABAIARA,RCEI,63240000,63249999,13,0
CE,ACARAPE,RCEI,62785000,62789999,13,0
CE,ACARAU,RCEI,62580000,62589999,13,0
CE,ACOPIARA,RCEI,63560000,63569999,13,0
CE,AIUABA,RCEI,63575000,63579999,13,0
CE,ALCANTARAS,RCEI,62120000,62129999,13,0
CE,ALTANEIRA,RCEI,63195000,63199999,13,0
CE,ALTO SANTO,RCEI,62970000,62979999,13,0
CE,AMONTADA,RCEI,62540000,62549999,13,0
CE,ANTONINA DO NORTE,RCEI,63570000,63574999,13,0
CE,APUIARES,RCEI,62630000,62639999,13,0
CE,ARACATI,RCEI,62800000,62809999,13,0
CE,ARACOIABA,RCEI,62750000,62754999,13,0
CE,ARARENDA,RCEI,62210000,62214999,13,0
CE,ARARIPE,RCEI,63170000,63179999,13,0
CE,ARATUBA,RCEI,62762000,62763999,13,0
CE,ARNEIROZ,RCEI,63670000,63679999,13,0
CE,ASSARE,RCEI,63140000,63144999,13,0
CE,AURORA,RCEI,63360000,63379999,13,0
CE,BAIXIO,RCEI,63320000,63339999,13,0
CE,BANABUIU,RCEI,63960000,63969999,13,0
CE,BARBALHA,RCEI,63090000,63099999,13,0
CE,BARBALHA,RCEI,63180000,63184999,13,0
CE,BARREIRA,RCEI,62795000,62799999,13,0
CE,BARRO,RCEI,63380000,63399999,13,0
CE,BARROQUINHA,RCEI,62410000,62419999,13,0
CE,BATURITE,RCEI,62760000,62761999,13,0
CE,BEBERIBE,RCEI,62840000,62849999,13,0
CE,BELA CRUZ,RCEI,62570000,62579999,13,0
CE,BOA VIAGEM,RCEI,63870000,63899999,13,0
CE,BREJO SANTO,RCEI,63260000,63269999,13,0
CE,CAMOCIM,RCEI,62400000,62409999,13,0
CE,CAMPOS SALES,RCEI,63150000,63154999,13,0
CE,CANINDE,RCEI,62700000,62719999,13,0
CE,CAPISTRANO,RCEI,62748000,62749999,13,0
CE,CARIDADE,RCEI,62730000,62735999,13,0
CE,CARIRE,RCEI,62184000,62189999,13,0
CE,CARIRIACU,RCEI,63220000,63229999,13,0
CE,CARIUS,RCEI,63530000,63539999,13,0
CE,CARNAUBAL,RCEI,62375000,62379999,13,0
CE,CASCAVEL,RCEI,62850000,62859999,13,0
CE,CATARINA,RCEI,63595000,63599999,13,0
CE,CATUNDA,RCEI,62297000,62299999,13,0
CE,CEDRO,RCEI,63400000,63429999,13,0
CE,CHAVAL,RCEI,62420000,62429999,13,0
CE,CHORO,RCEI,63950000,63959999,13,0
CE,COREAU,RCEI,62160000,62169999,13,0
CE,CRATEUS,RCEI,63700001,63739999,13,0
CE,CRATO,RCEI,63100001,63139999,13,0
CE,CROATA,RCEI,62390000,62399999,13,0
CE,CRUZ,RCEI,62595000,62597999,13,0
CE,DEPUTADO IRAPUAN PINHEIRO,RCEI,63645000,63649999,13,0
CE,ERERE,RCEI,63470000,63474999,13,0
CE,FARIAS BRITO,RCEI,63185000,63189999,13,0
CE,FORQUILHA,RCEI,62115000,62119999,13,0
CE,FORTIM,RCEI,62815000,62819999,13,0
CE,FRECHEIRINHA,RCEI,62340000,62349999,13,0
CE,GENERAL SAMPAIO,RCEI,62738000,62739999,13,0
CE,GRACA,RCEI,62365000,62369999,13,0
CE,GRANJA,RCEI,62430000,62449999,13,0
CE,GRANJEIRO,RCEI,63230000,63239999,13,0
CE,GROAIRAS,RCEI,62190000,62199999,13,0
CE,GUAIUBA,RCEI,61890000,61899999,13,0
CE,GUARACIABA DO NORTE,RCEI,62380000,62389999,13,0
CE,GUARAMIRANGA,RCEI,62766000,62769999,13,0
CE,HIDROLANDIA,RCEI,62270000,62279999,13,0
CE,IBARETAMA,RCEI,63970000,63999999,13,0
CE,IBIAPINA,RCEI,62360000,62364999,13,0
CE,IBICUITINGA,RCEI,62955000,62959999,13,0
CE,ICAPUI,RCEI,62810000,62814999,13,0
CE,ICO,RCEI,63430000,63459999,13,0
CE,IGUATU,RCEI,63500001,63514999,13,0
CE,INDEPENDENCIA,RCEI,63640000,63644999,13,0
CE,IPAPORANGA,RCEI,62215000,62219999,13,0
CE,IPAUMIRIM,RCEI,63340000,63359999,13,0
CE,IPU,RCEI,62250000,62254999,13,0
CE,IPUEIRAS,RCEI,62230000,62249999,13,0
CE,IRACEMA,RCEI,62980000,62989999,13,0
CE,IRAUCUBA,RCEI,62620000,62629999,13,0
CE,ITAICABA,RCEI,62820000,62822999,13,0
CE,ITAPAJE,RCEI,62600000,62609999,13,0
CE,ITAPIPOCA,RCEI,62500001,62529999,13,0
CE,ITAPIUNA,RCEI,62740000,62747999,13,0
CE,ITAREMA,RCEI,62590000,62594999,13,0
CE,ITATIRA,RCEI,62720000,62729999,13,0
CE,JAGUARETAMA,RCEI,63480000,63489999,13,0
CE,JAGUARIBARA,RCEI,63490000,63499999,13,0
CE,JAGUARIBE,RCEI,63475000,63479999,13,0
CE,JAGUARUANA,RCEI,62823000,62839999,13,0
CE,JARDIM,RCEI,63290000,63299999,13,0
CE,JATI,RCEI,63275000,63279999,13,0
CE,JIJOCA DE JERICOACOARA,RCEI,62598000,62599999,13,0
CE,JUAZEIRO DO NORTE,RCEI,63000001,63089999,13,0
CE,JUCAS,RCEI,63580000,63589999,13,0
CE,LAVRAS DA MANGABEIRA,RCEI,63300000,63309999,13,0
CE,LIMOEIRO DO NORTE,RCEI,62930000,62939999,13,0
CE,MADALENA,RCEI,63860000,63869999,13,0
CE,MARCO,RCEI,62560000,62569999,13,0
CE,MARTINOPOLE,RCEI,62450000,62459999,13,0
CE,MASSAPE,RCEI,62140000,62149999,13,0
CE,MAURITI,RCEI,63210000,63219999,13,0
CE,MERUOCA,RCEI,62130000,62139999,13,0
CE,MILAGRES,RCEI,63250000,63259999,13,0
CE,MILHA,RCEI,63635000,63639999,13,0
CE,MIRAIMA,RCEI,62530000,62539999,13,0
CE,MISSAO VELHA,RCEI,63200000,63209999,13,0
CE,MOMBACA,RCEI,63610000,63619999,13,0
CE,MONSENHOR TABOSA,RCEI,63780000,63799999,13,0
CE,MORADA NOVA,RCEI,62940000,62954999,13,0
CE,MORAUJO,RCEI,62480000,62499999,13,0
CE,MORRINHOS,RCEI,62550000,62559999,13,0
CE,MUCAMBO,RCEI,62170000,62179999,13,0
CE,MULUNGU,RCEI,62764000,62765999,13,0
CE,NOVA OLINDA,RCEI,63165000,63169999,13,0
CE,NOVA RUSSAS,RCEI,62200000,62209999,13,0
CE,NOVO ORIENTE,RCEI,63740000,63749999,13,0
CE,OROS,RCEI,63520000,63529999,13,0
CE,PACOTI,RCEI,62770000,62779999,13,0
CE,PACUJA,RCEI,62180000,62183999,13,0
CE,PALHANO,RCEI,62910000,62919999,13,0
CE,PALMACIA,RCEI,62780000,62784999,13,0
CE,PARACURU,RCEI,62680000,62684999,13,0
CE,PARAIPABA,RCEI,62685000,62689999,13,0
CE,PARAMBU,RCEI,63680000,63699999,13,0
CE,PARAMOTI,RCEI,62736000,62737999,13,0
CE,PEDRA BRANCA,RCEI,63630000,63634999,13,0
CE,PENAFORTE,RCEI,63280000,63289999,13,0
CE,PENTECOSTE,RCEI,62640000,62649999,13,0
CE,PEREIRO,RCEI,63460000,63469999,13,0
CE,PIQUET CARNEIRO,RCEI,63605000,63609999,13,0
CE,PIRES FERREIRA,RCEI,62255000,62259999,13,0
CE,PORANGA,RCEI,62220000,62229999,13,0
CE,PORTEIRAS,RCEI,63270000,63274999,13,0
CE,POTENGI,RCEI,63160000,63164999,13,0
CE,POTIRETAMA,RCEI,62990000,62999999,13,0
CE,QUITERIANOPOLIS,RCEI,63650000,63659999,13,0
CE,QUIXADA,RCEI,63900001,63949999,13,0
CE,QUIXELO,RCEI,63515000,63519999,13,0
CE,QUIXERAMOBIM,RCEI,63800000,63859999,13,0
CE,QUIXERE,RCEI,62920000,62929999,13,0
CE,REDENCAO,RCEI,62790000,62794999,13,0
CE,RERIUTABA,RCEI,62260000,62264999,13,0
CE,RUSSAS,RCEI,62900000,62909999,13,0
CE,SABOEIRO,RCEI,63590000,63594999,13,0
CE,SALITRE,RCEI,63155000,63159999,13,0
CE,SANTA QUITERIA,RCEI,62280000,62296999,13,0
CE,SANTANA DO ACARAU,RCEI,62150000,62159999,13,0
CE,SANTANA DO CARIRI,RCEI,63190000,63194999,13,0
CE,SAO BENEDITO,RCEI,62370000,62374999,13,0
CE,SAO GONCALO DO AMARANTE,RCEI,62670000,62679999,13,0
CE,SAO JOAO DO JAGUARIBE,RCEI,62965000,62969999,13,0
CE,SAO LUIS DO CURU,RCEI,62665000,62669999,13,0
CE,SENADOR POMPEU,RCEI,63600000,63604999,13,0
CE,SENADOR SA,RCEI,62470000,62479999,13,0
CE,SOBRAL,RCEI,62000001,62114999,13,0
CE,SOLONOPOLE,RCEI,63620000,63629999,13,0
CE,TABULEIRO DO NORTE,RCEI,62960000,62964999,13,0
CE,TAMBORIL,RCEI,63750000,63779999,13,0
CE,TARRAFAS,RCEI,63145000,63149999,13,0
CE,TAUA,RCEI,63660000,63669999,13,0
CE,TEJUCUOCA,RCEI,62610000,62619999,13,0
CE,TIANGUA,RCEI,62320001,62339999,13,0
CE,TRAIRI,RCEI,62690000,62699999,13,0
CE,TURURU,RCEI,62655000,62659999,13,0
CE,UBAJARA,RCEI,62350000,62359999,13,0
CE,UMARI,RCEI,63310000,63319999,13,0
CE,UMIRIM,RCEI,62660000,62664999,13,0
CE,URUBURETAMA,RCEI,62650000,62654999,13,0
CE,URUOCA,RCEI,62460000,62469999,13,0
CE,VARJOTA,RCEI,62265000,62269999,13,0
CE,VARZEA ALEGRE,RCEI,63540000,63559999,13,0
CE,VICOSA DO CEARA,RCEI,62300000,62319999,13,0
GO,ABADIA DE GOIAS,RGOI,75320000,75329999,13,0
GO,ABADIANIA,RGOI,72940000,72959999,13,0
GO,ACREUNA,RGOI,75960000,75969999,13,0
GO,ADELANDIA,RGOI,76155000,76159999,13,0
GO,AGUA FRIA DE GOIAS,RGOI,73780000,73789999,13,0
GO,AGUA LIMPA,RGOI,75665000,75666999,13,0
GO,AGUAS LINDAS DE GOIAS,RGOI,72910001,72929999,13,0
GO,ALEXANIA,RGOI,72930000,72939999,13,0
GO,ALOANDIA,RGOI,75615000,75619999,13,0
GO,ALTO HORIZONTE,RGOI,76560000,76569999,13,0
GO,ALTO PARAISO DE GOIAS,RGOI,73770000,73779999,13,0
GO,ALVORADA DO NORTE,RGOI,73950000,73969999,13,0
GO,AMARALINA,RGOI,76493000,76494999,13,0
GO,AMERICANO DO BRASIL,RGOI,76165000,76169999,13,0
GO,AMORINOPOLIS,RGOI,76140000,76144999,13,0
GO,ANAPOLIS,RGOI,75000001,75159999,13,0
GO,ANHANGUERA,RGOI,75770000,75779999,13,0
GO,ANICUNS,RGOI,76170000,76179999,13,0
GO,APARECIDA DO RIO DOCE,RGOI,75827000,75827999,13,0
GO,APORE,RGOI,75825000,75826999,13,0
GO,ARACU,RGOI,75410000,75419999,13,0
GO,ARAGARCAS,RGOI,76240000,76244999,13,0
GO,ARAGOIANIA,RGOI,75330000,75339999,13,0
GO,ARAGUAPAZ,RGOI,76720000,76729999,13,0
GO,ARENOPOLIS,RGOI,76235000,76239999,13,0
GO,ARUANA,RGOI,76710000,76719999,13,0
GO,AURILANDIA,RGOI,76120000,76124999,13,0
GO,AVELINOPOLIS,RGOI,75395000,75395999,13,0
GO,BALIZA,RGOI,76250000,76254999,13,0
GO,BARRO ALTO,RGOI,76390000,76392999,13,0
GO,BELA VISTA DE GOIAS,RGOI,75240000,75244999,13,0
GO,BOM JARDIM DE GOIAS,RGOI,76245000,76249999,13,0
GO,BOM JESUS,RGOI,75570000,75579999,13,0
GO,BONFINOPOLIS,RGOI,75195000,75199999,13,0
GO,BONOPOLIS,RGOI,76570000,76579999,13,0
GO,BRAZABRANTES,RGOI,75440000,75449999,13,0
GO,BRITANIA,RGOI,76280000,76284999,13,0
GO,BURITI ALEGRE,RGOI,75660000,75664999,13,0
GO,BURITI DE GOIAS,RGOI,76152000,76154999,13,0
GO,BURITINOPOLIS,RGOI,73975000,73979999,13,0
GO,CABECEIRAS,RGOI,73870000,73889999,13,0
GO,CACHOEIRA ALTA,RGOI,75870000,75874999,13,0
GO,CACHOEIRA DE GOIAS,RGOI,76125000,76129999,13,0
GO,CACHOEIRA DOURADA,RGOI,75560000,75569999,13,0
GO,CACU,RGOI,75813000,75814999,13,0
GO,CAIAPONIA,RGOI,75850000,75854999,13,0
GO,CALDAS NOVAS,RGOI,75680001,75699999,13,0
GO,CALDAZINHA,RGOI,75245000,75249999,13,0
GO,CAMPESTRE DE GOIAS,RGOI,75396000,75397999,13,0
GO,CAMPINACU,RGOI,76440000,76449999,13,0
GO,CAMPINORTE,RGOI,76410000,76419999,13,0
GO,CAMPO ALEGRE DE GOIAS,RGOI,75795000,75799999,13,0
GO,CAMPO LIMPO DE GOIAS,RGOI,75160000,75164999,13,0
GO,CAMPOS BELOS,RGOI,73840000,73849999,13,0
GO,CAMPOS VERDES,RGOI,76515000,76519999,13,0
GO,CARMO DO RIO VERDE,RGOI,76340000,76342999,13,0
GO,CASTELANDIA,RGOI,75925000,75929999,13,0
GO,CATALAO,RGOI,75700001,75714999,13,0
GO,CATURAI,RGOI,75430000,75439999,13,0
GO,CAVALCANTE,RGOI,73790000,73794999,13,0
GO,CERES,RGOI,76300000,76303999,13,0
GO,CEZARINA,RGOI,76195000,76199999,13,0
GO,CHAPADAO DO CEU,RGOI,75828000,75829999,13,0
GO,CHAPADAO DO CEU,RGOI,75875000,75879999,13,0
GO,CIDADE OCIDENTAL,RGOI,72880001,72899999,13,0
GO,COCALZINHO DE GOIAS,RGOI,72975000,72979999,13,0
GO,COLINAS DO SUL,RGOI,73740000,73749999,13,0
GO,CORREGO DO OURO,RGOI,76145000,76149999,13,0
GO,CORUMBA DE GOIAS,RGOI,72960000,72974999,13,0
GO,CORUMBAIBA,RGOI,75675000,75679999,13,0
GO,CRISTALINA,RGOI,73850000,73859999,13,0
GO,CRISTIANOPOLIS,RGOI,75230000,75239999,13,0
GO,CRIXAS,RGOI,76510000,76514999,13,0
GO,CROMINIA,RGOI,75635000,75639999,13,0
GO,CUMARI,RGOI,75760000,75769999,13,0
GO,DAMIANOPOLIS,RGOI,73980000,73989999,13,0
GO,DAMOLANDIA,RGOI,75420000,75429999,13,0
GO,DAVINOPOLIS,RGOI,75730000,75739999,13,0
GO,DIORAMA,RGOI,76260000,76264999,13,0
GO,DIVINOPOLIS DE GOIAS,RGOI,73865000,73869999,13,0
GO,DOVERLANDIA,RGOI,75855000,75859999,13,0
GO,EDEALINA,RGOI,75945000,75949999,13,0
GO,EDEIA,RGOI,75940000,75944999,13,0
GO,ESTRELA DO NORTE,RGOI,76485000,76489999,13,0
GO,FAINA,RGOI,76740000,76759999,13,0
GO,FAZENDA NOVA,RGOI,76220000,76229999,13,0
GO,FIRMINOPOLIS,RGOI,76105000,76109999,13,0
GO,FLORES DE GOIAS,RGOI,73890000,73899999,13,0
GO,FORMOSA,RGOI,73800001,73819999,13,0
GO,FORMOSO,RGOI,76470000,76479999,13,0
GO,GAMELEIRA DE GOIAS,RGOI,75184000,75184000,13,0
GO,GAMELEIRA DE GOIAS,RGOI,75215001,75219999,13,0
GO,GOIANAPOLIS,RGOI,75170000,75174999,13,0
GO,GOIANDIRA,RGOI,75740000,75749999,13,0
GO,GOIANESIA,RGOI,76380001,76389999,13,0
GO,GOIANIRA,RGOI,75360001,75374999,13,0
GO,GOIAS,RGOI,76600000,76629999,13,0
GO,GOIATUBA,RGOI,75600000,75607999,13,0
GO,GOUVELANDIA,RGOI,75865000,75869999,13,0
GO,GUAPO,RGOI,75350000,75354999,13,0
GO,GUARAITA,RGOI,76690000,76699999,13,0
GO,GUARANI DE GOIAS,RGOI,73910000,73919999,13,0
GO,GUARINOS,RGOI,76374000,76374999,13,0
GO,HEITORAI,RGOI,76670000,76679999,13,0
GO,HIDROLANDIA,RGOI,75340000,75344999,13,0
GO,HIDROLANDIA,RGOI,75345000,75349999,13,0
GO,HIDROLINA,RGOI,76375000,76379999,13,0
GO,IACIARA,RGOI,73920000,73929999,13,0
GO,INACIOLANDIA,RGOI,75550000,75554999,13,0
GO,INDIARA,RGOI,75955000,75959999,13,0
GO,INHUMAS,RGOI,75400001,75409999,13,0
GO,IPAMERI,RGOI,75780000,75789999,13,0
GO,IPIRANGA DE GOIAS,RGOI,76295000,76297999,13,0
GO,IPIRANGA DE GOIAS,RGOI,76304000,76304999,13,0
GO,IPORA,RGOI,76200000,76209999,13,0
GO,ISRAELANDIA,RGOI,76215000,76219999,13,0
GO,ITABERAI,RGOI,76630000,76639999,13,0
GO,ITAGUARI,RGOI,76650000,76659999,13,0
GO,ITAGUARU,RGOI,76660000,76669999,13,0
GO,ITAJA,RGOI,75815000,75818999,13,0
GO,ITAPACI,RGOI,76360000,76364999,13,0
GO,ITAPIRAPUA,RGOI,76290000,76294999,13,0
GO,ITAPURANGA,RGOI,76680000,76689999,13,0
GO,ITARUMA,RGOI,75810000,75812999,13,0
GO,ITAUCU,RGOI,75450000,75454999,13,0
GO,ITUMBIARA,RGOI,75500001,75549999,13,0
GO,IVOLANDIA,RGOI,76130000,76134999,13,0
GO,JANDAIA,RGOI,75950000,75954999,13,0
GO,JARAGUA,RGOI,76320001,76329999,13,0
GO,JARAGUA,RGOI,76330000,76330000,13,0
GO,JATAI,RGOI,75800001,75809999,13,0
GO,JAUPACI,RGOI,76210000,76214999,13,0
GO,JESUPOLIS,RGOI,75495000,75499999,13,0
GO,JOVIANIA,RGOI,75610000,75614999,13,0
GO,JUSSARA,RGOI,76270000,76279999,13,0
GO,LAGOA SANTA,RGOI,75819000,75819999,13,0
GO,LEOPOLDO DE BULHOES,RGOI,75190000,75194999,13,0
GO,LUZIANIA,RGOI,72800001,72859999,13,0
GO,MAIRIPOTABA,RGOI,75630000,75634999,13,0
GO,MAMBAI,RGOI,73970000,73974999,13,0
GO,MARA ROSA,RGOI,76490000,76492999,13,0
GO,MARZAGAO,RGOI,75670000,75674999,13,0
GO,MATRINCHA,RGOI,76730000,76739999,13,0
GO,MAURILANDIA,RGOI,75930000,75934999,13,0
GO,MIMOSO DE GOIAS,RGOI,73730000,73739999,13,0
GO,MINACU,RGOI,76450000,76459999,13,0
GO,MINEIROS,RGOI,75830001,75839999,13,0
GO,MOIPORA,RGOI,76135000,76139999,13,0
GO,MONTE ALEGRE DE GOIAS,RGOI,73830000,73839999,13,0
GO,MONTES CLAROS DE GOIAS,RGOI,76255000,76259999,13,0
GO,MONTIVIDIU,RGOI,75915000,75919999,13,0
GO,MONTIVIDIU DO NORTE,RGOI,76465000,76469999,13,0
GO,MORRINHOS,RGOI,75650000,75659999,13,0
GO,MORRO AGUDO DE GOIAS,RGOI,76355000,76359999,13,0
GO,MOSSAMEDES,RGOI,76150000,76151999,13,0
GO,MOZARLANDIA,RGOI,76700000,76709999,13,0
GO,MUNDO NOVO,RGOI,76530000,76539999,13,0
GO,MUTUNOPOLIS,RGOI,76540000,76549999,13,0
GO,NAZARIO,RGOI,76180000,76189999,13,0
GO,NEROPOLIS,RGOI,75460000,75469999,13,0
GO,NIQUELANDIA,RGOI,76420000,76439999,13,0
GO,NOVA AMERICA,RGOI,76345000,76349999,13,0
GO,NOVA AURORA,RGOI,75750000,75759999,13,0
GO,NOVA CRIXAS,RGOI,76520000,76524999,13,0
GO,NOVA GLORIA,RGOI,76305000,76309999,13,0
GO,NOVA IGUACU DE GOIAS,RGOI,76495000,76499999,13,0
GO,NOVA ROMA,RGOI,73820000,73824999,13,0
GO,NOVA VENEZA,RGOI,75470000,75479999,13,0
GO,NOVO BRASIL,RGOI,76285000,76289999,13,0
GO,NOVO GAMA,RGOI,72860001,72869999,13,0
GO,NOVO PLANALTO,RGOI,76580000,76589999,13,0
GO,ORIZONA,RGOI,75280000,75289999,13,0
GO,OURO VERDE DE GOIAS,RGOI,75165000,75169999,13,0
GO,OUVIDOR,RGOI,75715000,75719999,13,0
GO,PADRE BERNARDO,RGOI,73700000,73729999,13,0
GO,PALESTINA DE GOIAS,RGOI,75845000,75849999,13,0
GO,PALMEIRAS DE GOIAS,RGOI,76190000,76194999,13,0
GO,PALMELO,RGOI,75210000,75214999,13,0
GO,PALMINOPOLIS,RGOI,75990000,75999999,13,0
GO,PANAMA,RGOI,75580000,75599999,13,0
GO,PARANAIGUARA,RGOI,75880000,75889999,13,0
GO,PARAUNA,RGOI,75980000,75984999,13,0
GO,PEROLANDIA,RGOI,75823000,75824999,13,0
GO,PETROLINA DE GOIAS,RGOI,75480000,75489999,13,0
GO,PILAR DE GOIAS,RGOI,76372000,76372999,13,0
GO,PIRACANJUBA,RGOI,75640000,75644999,13,0
GO,PIRANHAS,RGOI,76230000,76234999,13,0
GO,PIRENOPOLIS,RGOI,72980000,72989999,13,0
GO,PIRES DO RIO,RGOI,75200000,75209999,13,0
GO,PLANALTINA,RGOI,73750001,73759999,13,0
GO,PONTALINA,RGOI,75620000,75629999,13,0
GO,PORANGATU,RGOI,76550000,76559999,13,0
GO,PORTEIRAO,RGOI,75608000,75609999,13,0
GO,PORTELANDIA,RGOI,75843000,75844999,13,0
GO,POSSE,RGOI,73900000,73909999,13,0
GO,PROFESSOR JAMIL,RGOI,75645000,75649999,13,0
GO,QUIRINOPOLIS,RGOI,75860000,75864999,13,0
GO,RIALMA,RGOI,76310000,76314999,13,0
GO,RIANAPOLIS,RGOI,76315000,76319999,13,0
GO,RIO QUENTE,RGOI,75667000,75669999,13,0
GO,RIO VERDE,RGOI,75900001,75914999,13,0
GO,RUBIATABA,RGOI,76350000,76354999,13,0
GO,SANCLERLANDIA,RGOI,76160000,76164999,13,0
GO,SANTA BARBARA DE GOIAS,RGOI,75398000,75399999,13,0
GO,SANTA CRUZ DE GOIAS,RGOI,75220000,75229999,13,0
GO,SANTA FE DE GOIAS,RGOI,76265000,76269999,13,0
GO,SANTA HELENA DE GOIAS,RGOI,75920000,75924999,13,0
GO,SANTA ISABEL,RGOI,76320000,76320000,13,0
GO,SANTA ISABEL,RGOI,76330001,76334999,13,0
GO,SANTA RITA DO ARAGUAIA,RGOI,75840000,75842999,13,0
GO,SANTA RITA DO NOVO DESTINO,RGOI,76395000,76399999,13,0
GO,SANTA ROSA DE GOIAS,RGOI,75455000,75459999,13,0
GO,SANTA TEREZA DE GOIAS,RGOI,76480000,76484999,13,0
GO,SANTA TEREZINHA DE GOIAS,RGOI,76500000,76509999,13,0
GO,SANTO ANTONIO DA BARRA,RGOI,75935000,75939999,13,0
GO,SANTO ANTONIO DE GOIAS,RGOI,75375000,75379999,13,0
GO,SANTO ANTONIO DO DESCOBERTO,RGOI,72900001,72909999,13,0
GO,SAO DOMINGOS,RGOI,73860000,73864999,13,0
GO,SAO FRANCISCO DE GOIAS,RGOI,75490000,75494999,13,0
GO,SAO JOAO D ALIANCA,RGOI,73760000,73769999,13,0
GO,SAO JOAO DA PARAUNA,RGOI,75985000,75989999,13,0
GO,SAO LUIS DE MONTES BELOS,RGOI,76050000,76059999,13,0
GO,SAO LUIZ DO NORTE,RGOI,76365000,76369999,13,0
GO,SAO MIGUEL DO ARAGUAIA,RGOI,76590000,76599999,13,0
GO,SAO MIGUEL DO PASSA QUATRO,RGOI,75185000,75189999,13,0
GO,SAO PATRICIO,RGOI,76343000,76344999,13,0
GO,SAO SIMAO,RGOI,75890000,75899999,13,0
GO,SENADOR CANEDO,RGOI,75250001,75264999,13,0
GO,SERRANOPOLIS,RGOI,75820000,75822999,13,0
GO,SILVANIA,RGOI,75180000,75183999,13,0
GO,SIMOLANDIA,RGOI,73930000,73949999,13,0
GO,SITIO D ABADIA,RGOI,73990000,73999999,13,0
GO,TAQUARAL DE GOIAS,RGOI,76640000,76649999,13,0
GO,TERESINA DE GOIAS,RGOI,73795000,73799999,13,0
GO,TEREZOPOLIS DE GOIAS,RGOI,75175000,75179999,13,0
GO,TRES RANCHOS,RGOI,75720000,75729999,13,0
GO,TROMBAS,RGOI,76460000,76464999,13,0
GO,TURVANIA,RGOI,76110000,76119999,13,0
GO,TURVELANDIA,RGOI,75970000,75979999,13,0
GO,UIRAPURU,RGOI,76525000,76529999,13,0
GO,URUACU,RGOI,76400000,76409999,13,0
GO,URUANA,RGOI,76335000,76339999,13,0
GO,URUTAI,RGOI,75790000,75794999,13,0
GO,VALPARAISO DE GOIAS,RGOI,72870001,72879999,13,0
GO,VARJAO,RGOI,75355000,75359999,13,0
GO,VIANOPOLIS,RGOI,75265000,75279999,13,0
GO,VICENTINOPOLIS,RGOI,75555000,75559999,13,0
GO,VILA BOA,RGOI,73825000,73829999,13,0
GO,VILA PROPICIO,RGOI,76393000,76394999,13,0
MA,ACAILANDIA,RMAI,65930000,65934999,13,0
MA,ALCANTARA,RMAI,65250000,65254999,13,0
MA,ARARI,RMAI,65480000,65484999,13,0
MA,BACABAL,RMAI,65700000,65703999,13,0
MA,BALSAS,RMAI,65800000,65804999,13,0
MA,BARRA DO CORDA,RMAI,65950000,65961999,13,0
MA,BARREIRINHAS,RMAI,65590000,65599999,13,0
MA,BEQUIMAO,RMAI,65248000,65249999,13,0
MA,BOM JARDIM,RMAI,65380000,65384999,13,0
MA,BREJO,RMAI,65520000,65524999,13,0
MA,BURITI,RMAI,65515000,65519999,13,450
MA,BURITI BRAVO,RMAI,65685000,65689999,13,0
MA,CAJAPIO,RMAI,65230000,65232999,13,0
MA,CANTANHEDE,RMAI,65465000,65467999,13,0
MA,CARUTAPERA,RMAI,65295000,65298999,13,0
MA,CAXIAS,RMAI,65600001,65609999,13,0
MA,CHAPADINHA,RMAI,65500000,65504999,13,0
MA,CODO,RMAI,65400000,65412999,13,0
MA,COELHO NETO,RMAI,65620000,65624999,13,0
MA,COLINAS,RMAI,65690000,65692999,13,0
MA,COROATA,RMAI,65415000,65417999,13,0
MA,ESTREITO,RMAI,65975000,65977999,13,0
MA,FORTUNA,RMAI,65695000,65699999,13,0
MA,GRAJAU,RMAI,65940000,65942999,13,0
MA,ITAPECURU MIRIM,RMAI,65485000,65489999,13,0
MA,MARACACUME,RMAI,65289000,65289999,13,0
MA,MATINHA,RMAI,65218000,65219999,13,0
MA,MATOES,RMAI,65645000,65649999,13,0
MA,MIRANDA DO NORTE,RMAI,65495000,65499999,13,0
MA,MORROS,RMAI,65160000,65164999,13,0
MA,PACO DO LUMIAR,RMAI,65130000,65137999,13,0
MA,PALMEIRANDIA,RMAI,65238000,65244999,13,0
MA,PARAIBANO,RMAI,65670000,65679999,13,0
MA,PEDREIRAS,RMAI,65725000,65726999,13,0
MA,PIO XII,RMAI,65707000,65707999,13,0
MA,PORTO FRANCO,RMAI,65970000,65972999,13,0
MA,PRESIDENTE DUTRA,RMAI,65760000,65761999,13,0
MA,PRESIDENTE MEDICI,RMAI,65279000,65279999,13,0
MA,PRESIDENTE VARGAS,RMAI,65455000,65459999,13,0
MA,RAPOSA,RMAI,65138000,65139999,13,0
MA,ROSARIO,RMAI,65150000,65152999,13,0
MA,SANTA INES,RMAI,65300001,65309999,13,0
MA,SANTA QUITERIA DO MARANHAO,RMAI,65540000,65544999,13,0
MA,SAO BENEDITO DO RIO PRETO,RMAI,65440000,65449999,13,0
MA,SAO BENTO,RMAI,65235000,65237999,13,0
MA,SAO BERNARDO,RMAI,65550000,65554999,13,0
MA,SAO DOMINGOS DO MARANHAO,RMAI,65790000,65794999,13,0
MA,SAO JOAO DOS PATOS,RMAI,65665000,65667999,13,0
MA,SAO JOSE DE RIBAMAR,RMAI,65110000,65129999,13,0
MA,SAO RAIMUNDO DAS MANGABEIRAS,RMAI,65840000,65849999,13,0
MA,SAO VICENTE FERRER,RMAI,65220000,65222999,13,0
MA,TIMON,RMAI,65630001,65639999,13,0
MA,TUNTUM,RMAI,65763000,65764999,13,0
MA,TUTOIA,RMAI,65580000,65584999,13,0
MA,URBANO SANTOS,RMAI,65530000,65534999,13,0
MA,VARGEM GRANDE,RMAI,65430000,65439999,13,0
MA,VIANA,RMAI,65215000,65217999,13,0
MA,ZE DOCA,RMAI,65365000,65367999,13,0
MA,SAO LUIS,RMAP,65000001,65109999,13,0
MG,ARICANDUVA,GRFI,39678000,39679999,13,0
MG,AUGUSTO DE LIMA,GRFI,39219000,39219999,13,0
MG,BONITO DE MINAS,GRFI,39490000,39491999,13,0
MG,BOTUMIRIM,GRFI,39595000,39597999,13,130
MG,BRASILANDIA DE MINAS,GRFI,38779000,38779999,13,260
MG,BUENOPOLIS,GRFI,39230000,39236999,13,0
MG,BURITIS,GRFI,38660000,38679999,13,325
MG,BURITIZEIRO,GRFI,39280000,39289999,13,0
MG,CAMPO AZUL,GRFI,39338000,39339999,13,390
MG,CAPELINHA,GRFI,39680000,39684999,13,0
MG,CARBONITA,GRFI,39665000,39667999,13,0
MG,CARNEIRINHO,GRFI,38290000,38294999,13,234
MG,CHAPADA DO NORTE,GRFI,39648000,39649999,13,0
MG,CONEGO MARINHO,GRFI,39489000,39489999,13,0
MG,CORACAO DE JESUS,GRFI,39340000,39349999,13,0
MG,CORINTO,GRFI,39200000,39204999,13,0
MG,CORONEL MURTA,GRFI,39635000,39639999,13,0
MG,COUTO DE MAGALHAES DE MINAS,GRFI,39188000,39189999,13,39
MG,CRISTALIA,GRFI,39598000,39599999,13,130
MG,CURVELO,GRFI,35789001,35799999,13,0
MG,DATAS,GRFI,39130000,39134999,13,0
MG,DIAMANTINA,GRFI,39100000,39119999,13,0
MG,FELICIO DOS SANTOS,GRFI,39180000,39184999,13,195
MG,FRANCISCO BADARO,GRFI,39644000,39644999,13,0
MG,FRUTA DE LEITE,GRFI,39558000,39559999,13,0
MG,GOUVEIA,GRFI,39120000,39129999,13,0
MG,GRAO MOGOL,GRFI,39570000,39572999,13,0
MG,GUARACIAMA,GRFI,39397000,39397999,13,0
MG,INIMUTABA,GRFI,39243000,39244999,13,0
MG,ITACAMBIRA,GRFI,39594000,39594999,13,130
MG,ITAMARANDIBA,GRFI,39668000,39669999,13,0
MG,ITAMARANDIBA,GRFI,39670000,39677999,13,0
MG,JENIPAPO DE MINAS,GRFI,39645000,39647999,13,0
MG,JEQUITAI,GRFI,39370000,39372999,13,0
MG,JEQUITINHONHA,GRFI,39960000,39969999,13,0
MG,JOAQUIM FELICIO,GRFI,39240000,39242999,13,0
MG,LAGOA DOS PATOS,GRFI,39360000,39362999,13,0
MG,LASSANCE,GRFI,39250000,39259999,13,0
MG,LEME DO PRADO,GRFI,39655000,39659999,13,0
MG,LIMEIRA DO OESTE,GRFI,38295000,38299999,13,234
MG,MINAS NOVAS,GRFI,39650000,39654999,13,0
MG,MONTEZUMA,GRFI,39547000,39549999,13,0
MG,NINHEIRA,GRFI,39553000,39554999,13,195
MG,PADRE PARAISO,GRFI,39818000,39819999,13,130
MG,PATIS,GRFI,39378000,39379999,13,0
MG,PONTO CHIQUE,GRFI,39328000,39329999,13,390
MG,PONTO DOS VOLANTES,GRFI,39615000,39619999,13,325
MG,PRESIDENTE JUSCELINO,GRFI,39245000,39247999,13,65
MG,RIACHO DOS MACHADOS,GRFI,39529000,39529999,13,0
MG,RIO PARDO DE MINAS,GRFI,39530000,39534999,13,130
MG,RUBELITA,GRFI,39565000,39567999,13,130
MG,SANTO ANTONIO DO RETIRO,GRFI,39538000,39539999,13,0
MG,SAO GONCALO DO RIO PRETO,GRFI,39185000,39187999,13,156
MG,SAO JOAO DA LAGOA,GRFI,39355000,39359999,13,0
MG,SENADOR MODESTINO GONCALVES,GRFI,39190000,39199999,13,234
MG,SERRO,GRFI,39150000,39159999,13,195
MG,TURMALINA,GRFI,39660000,39662999,13,0
MG,VERDELANDIA,GRFI,39458000,39459999,13,0
MG,VIRGEM DA LAPA,GRFI,39630000,39634999,13,0
PI,AGUA BRANCA,RPII,64460000,64464999,13,0
PI,ALTO LONGA,RPII,64360000,64364999,13,0
PI,ALTOS,RPII,64290000,64294999,13,0
PI,BARRA D ALCANTARA,RPII,64528000,64529999,13,0
PI,BARRAS,RPII,64100000,64104999,13,0
PI,BARRO DURO,RPII,64455000,64459999,13,0
PI,BELA VISTA DO PIAUI,RPII,64705000,64709999,13,0
PI,BENEDITINOS,RPII,64380000,64387999,13,0
PI,CAMPO MAIOR,RPII,64280000,64282999,13,0
PI,CANAVIEIRA,RPII,64833000,64834999,13,0
PI,CASTELO DO PIAUI,RPII,64340000,64342999,13,0
PI,COCAL,RPII,64235000,64237999,13,0
PI,COLONIA DO GURGUEIA,RPII,64885000,64889999,13,0
PI,COLONIA DO PIAUI,RPII,64516000,64517999,13,0
PI,DOMINGOS MOURAO,RPII,64250000,64252999,13,0
PI,ELESBAO VELOSO,RPII,64325000,64329999,13,0
PI,ESPERANTINA,RPII,64180000,64189999,13,0
PI,FLORIANO,RPII,64800001,64814999,13,0
PI,FRONTEIRAS,RPII,64690000,64694999,13,0
PI,GUADALUPE,RPII,64840000,64844999,13,0
PI,ILHA GRANDE,RPII,64224000,64224999,13,0
PI,INHUMA,RPII,64535000,64539999,13,0
PI,ISAIAS COELHO,RPII,64570000,64572999,13,0
PI,ITAUEIRA,RPII,64820000,64824999,13,0
PI,JACOBINA DO PIAUI,RPII,64755000,64757999,13,0
PI,JAICOS,RPII,64575000,64577999,13,0
PI,JOSE DE FREITAS,RPII,64110000,64119999,13,0
PI,LUZILANDIA,RPII,64160000,64164999,13,0
PI,MANOEL EMIDIO,RPII,64875000,64879999,13,0
PI,MARCOLANDIA,RPII,64685000,64687999,13,0
PI,MARCOS PARENTE,RPII,64845000,64849999,13,0
PI,MATIAS OLIMPIO,RPII,64150000,64154999,13,0
PI,MIGUEL ALVES,RPII,64130000,64137999,13,0
PI,MILTON BRANDAO,RPII,64253000,64254999,13,0
PI,MONSENHOR GIL,RPII,64450000,64452999,13,0
PI,OEIRAS,RPII,64500000,64509999,13,0
PI,PADRE MARCOS,RPII,64680000,64682999,13,0
PI,PAQUETA,RPII,64618000,64619999,13,0
PI,PARNAIBA,RPII,64200001,64219999,13,0
PI,PAULISTANA,RPII,64750000,64752999,13,450
PI,PAVUSSU,RPII,64838000,64839999,13,0
PI,PEDRO II,RPII,64255000,64257999,13,0
PI,PICOS,RPII,64600001,64609999,13,0
PI,PIO IX,RPII,64660000,64669999,13,0
PI,PIRACURUCA,RPII,64240000,64242999,13,0
PI,PIRIPIRI,RPII,64260000,64264999,13,0
PI,QUEIMADA NOVA,RPII,64758000,64759999,13,0
PI,REGENERACAO,RPII,64490000,64494999,13,0
PI,RIBEIRA DO PIAUI,RPII,64725000,64727999,13,0
PI,SANTA CRUZ DOS MILAGRES,RPII,64315000,64319999,13,0
PI,SAO FELIX DO PIAUI,RPII,64375000,64377999,13,0
PI,SAO JOAO DO PIAUI,RPII,64760000,64762999,13,0
PI,SAO MIGUEL DA BAIXA GRANDE,RPII,64378000,64379999,13,0
PI,SAO MIGUEL DO TAPUIO,RPII,64330000,64332999,13,0
PI,SAO RAIMUNDO NONATO,RPII,64770000,64772999,13,0
PI,SIMOES,RPII,64585000,64589999,13,0
PI,SIMPLICIO MENDES,RPII,64700000,64704999,13,0
PI,UNIAO,RPII,64120000,64125999,13,0
PI,URUCUI,RPII,64860000,64864999,13,0
PI,VALENCA DO PIAUI,RPII,64300000,64307999,13,0
RN,ACARI,RRNI,59370000,59373999,13,0
RN,ACU,RRNI,59650000,59654999,13,0
RN,AFONSO BEZERRA,RRNI,59510000,59512999,13,0
RN,AGUA NOVA,RRNI,59995000,59999999,13,0
RN,ALEXANDRIA,RRNI,59965000,59969999,13,0
RN,ALMINO AFONSO,RRNI,59760000,59769999,13,0
RN,ALTO DO RODRIGUES,RRNI,59507000,59507999,13,0
RN,ANGICOS,RRNI,59515000,59516999,13,0
RN,ANTONIO MARTINS,RRNI,59870000,59879999,13,0
RN,APODI,RRNI,59700000,59729999,13,0
RN,AREIA BRANCA,RRNI,59655000,59659999,13,0
RN,AREZ,RRNI,59170000,59172999,13,0
RN,BAIA FORMOSA,RRNI,59194000,59195999,13,0
RN,BARAUNA,RRNI,59695000,59699999,13,0
RN,BARCELONA,RRNI,59410000,59419999,13,0
RN,BENTO FERNANDES,RRNI,59555000,59559999,13,0
RN,BOA SAUDE,RRNI,59260000,59269999,13,0
RN,BODO,RRNI,59528000,59529999,13,0
RN,BOM JESUS,RRNI,59270000,59274999,13,0
RN,BREJINHO,RRNI,59219000,59219999,13,0
RN,CAICARA DO NORTE,RRNI,59592000,59593999,13,0
RN,CAICARA DO RIO DO VENTO,RRNI,59540000,59543999,13,0
RN,CAICO,RRNI,59300000,59309999,13,0
RN,CAMPO GRANDE,RRNI,59680000,59684999,13,0
RN,CAMPO REDONDO,RRNI,59230000,59234999,13,0
RN,CANGUARETAMA,RRNI,59190000,59191999,13,0
RN,CARAUBAS,RRNI,59780000,59789999,13,0
RN,CARNAUBA DOS DANTAS,RRNI,59374000,59374999,13,0
RN,CARNAUBAIS,RRNI,59665000,59667999,13,0
RN,CEARA-MIRIM,RRNI,59570000,59574999,13,0
RN,CERRO CORA,RRNI,59395000,59399999,13,0
RN,CORONEL EZEQUIEL,RRNI,59220000,59224999,13,0
RN,CORONEL JOAO PESSOA,RRNI,59930000,59939999,13,0
RN,CRUZETA,RRNI,59375000,59377999,13,0
RN,CURRAIS NOVOS,RRNI,59380000,59389999,13,0
RN,DOUTOR SEVERIANO,RRNI,59910000,59919999,13,0
RN,ENCANTO,RRNI,59905000,59907999,13,0
RN,EQUADOR,RRNI,59355000,59359999,13,0
RN,ESPIRITO SANTO,RRNI,59180000,59181999,13,0
RN,FELIPE GUERRA,RRNI,59795000,59799999,13,0
RN,FERNANDO PEDROZA,RRNI,59517000,59517999,13,0
RN,FLORANIA,RRNI,59335000,59337999,13,0
RN,FRANCISCO DANTAS,RRNI,59902000,59904999,13,0
RN,FRUTUOSO GOMES,RRNI,59890000,59899999,13,0
RN,GALINHOS,RRNI,59596000,59597999,13,0
RN,GOIANINHA,RRNI,59173000,59177999,13,0
RN,GOVERNADOR DIX-SEPT ROSADO,RRNI,59790000,59794999,13,0
RN,GROSSOS,RRNI,59675000,59677999,13,0
RN,GUAMARE,RRNI,59598000,59599999,13,0
RN,IELMO MARINHO,RRNI,59490000,59499999,13,0
RN,IPANGUACU,RRNI,59508000,59509999,13,0
RN,IPUEIRA,RRNI,59315000,59317999,13,0
RN,ITAJA,RRNI,59513000,59514999,13,0
RN,ITAU,RRNI,59855000,59855999,13,0
RN,JACANA,RRNI,59225000,59226999,13,0
RN,JANDAIRA,RRNI,59594000,59595999,13,0
RN,JANDUIS,RRNI,59690000,59694999,13,0
RN,JAPI,RRNI,59213000,59213999,13,0
RN,JARDIM DE ANGICOS,RRNI,59544000,59546999,13,0
RN,JARDIM DE PIRANHAS,RRNI,59324000,59326999,13,0
RN,JARDIM DO SERIDO,RRNI,59343000,59346999,13,0
RN,JOAO CAMARA,RRNI,59550000,59554999,13,0
RN,JOAO DIAS,RRNI,59880000,59889999,13,0
RN,JOSE DA PENHA,RRNI,59980000,59986999,13,0
RN,JUCURUTU,RRNI,59330000,59334999,13,0
RN,JUNDIA,RRNI,59188000,59189999,13,0
RN,LAGOA D ANTA,RRNI,59227000,59229999,13,0
RN,LAGOA DE PEDRAS,RRNI,59244000,59244999,13,0
RN,LAGOA DE VELHOS,RRNI,59430000,59439999,13,0
RN,LAGOA NOVA,RRNI,59390000,59394999,13,0
RN,LAGOA SALGADA,RRNI,59247000,59249999,13,0
RN,LAJES,RRNI,59535000,59539999,13,0
RN,LAJES PINTADAS,RRNI,59235000,59239999,13,0
RN,LUCRECIA,RRNI,59805000,59807999,13,0
RN,LUIS GOMES,RRNI,59940000,59944999,13,0
RN,MACAU,RRNI,59500000,59503999,13,0
RN,MAJOR SALES,RRNI,59945000,59949999,13,0
RN,MARCELINO VIEIRA,RRNI,59970000,59979999,13,0
RN,MARTINS,RRNI,59800000,59804999,13,0
RN,MAXARANGUAPE,RRNI,59580000,59581999,13,0
RN,MESSIAS TARGINO,RRNI,59775000,59779999,13,0
RN,MONTANHAS,RRNI,59198000,59199999,13,0
RN,MONTE ALEGRE,RRNI,59182000,59183999,13,0
RN,MONTE DAS GAMELEIRAS,RRNI,59217000,59217999,13,0
RN,NISIA FLORESTA,RRNI,59164000,59167999,13,0
RN,NOVA CRUZ,RRNI,59215000,59216999,13,0
RN,OLHO-D AGUA DO BORGES,RRNI,59730000,59739999,13,0
RN,OURO BRANCO,RRNI,59347000,59349999,13,0
RN,PARANA,RRNI,59950000,59954999,13,0
RN,PARAU,RRNI,59660000,59662999,13,0
RN,PARAZINHO,RRNI,59586000,59587999,13,0
RN,PARELHAS,RRNI,59360000,59369999,13,0
RN,PASSA E FICA,RRNI,59218000,59218999,13,0
RN,PASSAGEM,RRNI,59259000,59259999,13,0
RN,PATU,RRNI,59770000,59774999,13,0
RN,PAU DOS FERROS,RRNI,59900000,59901999,13,0
RN,PEDRA GRANDE,RRNI,59588000,59589999,13,0
RN,PEDRA PRETA,RRNI,59547000,59549999,13,0
RN,PEDRO AVELINO,RRNI,59530000,59534999,13,0
RN,PEDRO VELHO,RRNI,59196000,59197999,13,0
RN,PENDENCIAS,RRNI,59504000,59506999,13,0
RN,PILOES,RRNI,59960000,59964999,13,0
RN,POCO BRANCO,RRNI,59560000,59564999,13,0
RN,PORTALEGRE,RRNI,59810000,59814999,13,0
RN,PORTO DO MANGUE,RRNI,59668000,59669999,13,0
RN,PUREZA,RRNI,59582000,59583999,13,0
RN,RAFAEL FERNANDES,RRNI,59990000,59994999,13,0
RN,RAFAEL GODEIRO,RRNI,59740000,59759999,13,0
RN,RIACHO DA CRUZ,RRNI,59820000,59829999,13,0
RN,RIACHO DE SANTANA,RRNI,59987000,59989999,13,0
RN,RIACHUELO,RRNI,59470000,59479999,13,0
RN,RIO DO FOGO,RRNI,59578000,59579999,13,0
RN,RODOLFO FERNANDES,RRNI,59830000,59839999,13,0
RN,RUY BARBOSA,RRNI,59420000,59429999,13,0
RN,SANTA CRUZ,RRNI,59200000,59209999,13,0
RN,SANTA MARIA,RRNI,59464000,59469999,13,0
RN,SANTANA DO MATOS,RRNI,59520000,59527999,13,0
RN,SANTANA DO SERIDO,RRNI,59350000,59354999,13,0
RN,SANTO ANTONIO,RRNI,59255000,59257999,13,0
RN,SAO BENTO DO NORTE,RRNI,59590000,59591999,13,0
RN,SAO BENTO DO TRAIRI,RRNI,59210000,59212999,13,0
RN,SAO FERNANDO,RRNI,59327000,59329999,13,0
RN,SAO FRANCISCO DO OESTE,RRNI,59908000,59909999,13,0
RN,SAO JOAO DO SABUGI,RRNI,59310000,59314999,13,0
RN,SAO JOSE DE MIPIBU,RRNI,59162000,59163999,13,0
RN,SAO JOSE DO CAMPESTRE,RRNI,59275000,59279999,13,0
RN,SAO JOSE DO SERIDO,RRNI,59378000,59379999,13,0
RN,SAO MIGUEL,RRNI,59920000,59924999,13,0
RN,SAO MIGUEL DO GOSTOSO,RRNI,59585000,59585999,13,0
RN,SAO PEDRO,RRNI,59480000,59489999,13,0
RN,SAO RAFAEL,RRNI,59518000,59519999,13,0
RN,SAO TOME,RRNI,59400000,59409999,13,0
RN,SAO VICENTE,RRNI,59340000,59342999,13,0
RN,SENADOR ELOI DE SOUZA,RRNI,59250000,59254999,13,0
RN,SENADOR GEORGINO AVELINO,RRNI,59168000,59169999,13,0
RN,SERRA CAIADA,RRNI,59245000,59246999,13,0
RN,SERRA DE SAO BENTO,RRNI,59214000,59214999,13,0
RN,SERRA DO MEL,RRNI,59663000,59664999,13,0
RN,SERRA NEGRA DO NORTE,RRNI,59318000,59319999,13,0
RN,SERRINHA,RRNI,59258000,59258999,13,0
RN,SERRINHA DOS PINTOS,RRNI,59808000,59809999,13,0
RN,SEVERIANO MELO,RRNI,59856000,59864999,13,0
RN,SITIO NOVO,RRNI,59440000,59459999,13,0
RN,TABOLEIRO GRANDE,RRNI,59840000,59854999,13,0
RN,TAIPU,RRNI,59565000,59569999,13,0
RN,TANGARA,RRNI,59240000,59243999,13,0
RN,TENENTE ANANIAS,RRNI,59955000,59959999,13,0
RN,TENENTE LAURENTINO CRUZ,RRNI,59338000,59339999,13,0
RN,TIBAU,RRNI,59678000,59679999,13,0
RN,TIBAU DO SUL,RRNI,59178000,59179999,13,0
RN,TIMBAUBA DOS BATISTAS,RRNI,59320000,59323999,13,0
RN,TOUROS,RRNI,59584000,59584999,13,0
RN,TRIUNFO POTIGUAR,RRNI,59685000,59689999,13,0
RN,UMARIZAL,RRNI,59865000,59869999,13,0
RN,UPANEMA,RRNI,59670000,59674999,13,0
RN,VARZEA,RRNI,59185000,59186999,13,0
RN,VENHA-VER,RRNI,59925000,59929999,13,0
RN,VERA CRUZ,RRNI,59184000,59184999,13,0
RN,VICOSA,RRNI,59815000,59819999,13,0
RN,VILA FLOR,RRNI,59192000,59193999,13,0
TO,ABREULANDIA,RTOI,77693000,77694999,13,140
TO,AGUIARNOPOLIS,RTOI,77908000,77909999,13,0
TO,ALIANCA DO TOCANTINS,RTOI,77455000,77457999,13,0
TO,ALMAS,RTOI,77310000,77314999,13,0
TO,ALVORADA,RTOI,77480000,77482999,13,0
TO,ANANAS,RTOI,77890000,77892999,13,0
TO,ANGICO,RTOI,77905000,77907999,13,0
TO,APARECIDA DO RIO NEGRO,RTOI,77620000,77629999,13,140
TO,ARAGOMINAS,RTOI,77845000,77847999,13,0
TO,ARAGUACEMA,RTOI,77690000,77692999,13,140
TO,ARAGUACU,RTOI,77475000,77477999,13,0
TO,ARAGUAINA,RTOI,77800000,77839999,13,0
TO,ARAGUANA,RTOI,77855000,77859999,13,0
TO,ARAGUATINS,RTOI,77950000,77957999,13,0
TO,ARAPOEMA,RTOI,77780000,77782999,13,140
TO,ARRAIAS,RTOI,77330000,77349999,13,0
TO,AUGUSTINOPOLIS,RTOI,77960000,77969999,13,0
TO,AURORA DO TOCANTINS,RTOI,77325000,77327999,13,0
TO,AXIXA DO TOCANTINS,RTOI,77930000,77939999,13,0
TO,BABACULANDIA,RTOI,77870000,77879999,13,140
TO,BANDEIRANTES DO TOCANTINS,RTOI,77783000,77784999,13,140
TO,BARRA DO OURO,RTOI,77765000,77769999,13,140
TO,BARROLANDIA,RTOI,77665000,77669999,13,0
TO,BERNARDO SAYAO,RTOI,77755000,77759999,13,140
TO,BOM JESUS DO TOCANTINS,RTOI,77714000,77715999,13,0
TO,BRASILANDIA DO TOCANTINS,RTOI,77735000,77739999,13,0
TO,BREJINHO DE NAZARE,RTOI,77560000,77564999,13,140
TO,BURITI DO TOCANTINS,RTOI,77995000,77999999,13,140
TO,CACHOEIRINHA,RTOI,77915000,77917999,13,140
TO,CAMPOS LINDOS,RTOI,77777000,77779999,13,140
TO,CARIRI DO TOCANTINS,RTOI,77453000,77454999,13,0
TO,CARMOLANDIA,RTOI,77840000,77844999,13,140
TO,CARRASCO BONITO,RTOI,77985000,77989999,13,140
TO,CASEARA,RTOI,77680000,77684999,13,140
TO,CENTENARIO,RTOI,77723000,77724999,13,140
TO,CHAPADA DA NATIVIDADE,RTOI,77378000,77379999,13,0
TO,CHAPADA DE AREIA,RTOI,77575000,77579999,13,140
TO,COLINAS DO TOCANTINS,RTOI,77760000,77764999,13,0
TO,COLMEIA,RTOI,77725000,77729999,13,0
TO,COMBINADO,RTOI,77350000,77352999,13,0
TO,CONCEICAO DO TOCANTINS,RTOI,77305000,77307999,13,0
TO,COUTO DE MAGALHAES,RTOI,77750000,77752999,13,0
TO,CRISTALANDIA,RTOI,77490000,77492999,13,0
TO,CRIXAS DO TOCANTINS,RTOI,77463000,77464999,13,0
TO,DARCINOPOLIS,RTOI,77910000,77912999,13,140
TO,DIANOPOLIS,RTOI,77300000,77302999,13,0
TO,DIVINOPOLIS DO TOCANTINS,RTOI,77670000,77672999,13,140
TO,DOIS IRMAOS DO TOCANTINS,RTOI,77685000,77689999,13,140
TO,DUERE,RTOI,77485000,77489999,13,0
TO,ESPERANTINA,RTOI,77993000,77994999,13,140
TO,FATIMA,RTOI,77555000,77557999,13,0
TO,FIGUEIROPOLIS,RTOI,77465000,77469999,13,0
TO,FILADELFIA,RTOI,77795000,77797999,13,140
TO,FORMOSO DO ARAGUAIA,RTOI,77470000,77474999,13,0
TO,GOIANORTE,RTOI,77695000,77699999,13,0
TO,GOIATINS,RTOI,77770000,77776999,13,140
TO,GUARAI,RTOI,77700000,77703999,13,0
TO,GURUPI,RTOI,77400000,77449999,13,0
TO,IPUEIRAS,RTOI,77553000,77554999,13,140
TO,ITACAJA,RTOI,77720000,77722999,13,140
TO,ITAGUATINS,RTOI,77920000,77924999,13,0
TO,ITAPIRATINS,RTOI,77718000,77719999,13,140
TO,ITAPORA DO TOCANTINS,RTOI,77740000,77742999,13,0
TO,JAU DO TOCANTINS,RTOI,77450000,77452999,13,0
TO,JUARINA,RTOI,77753000,77754999,13,0
TO,LAGOA DA CONFUSAO,RTOI,77493000,77494999,13,0
TO,LAGOA DO TOCANTINS,RTOI,77613000,77614999,13,140
TO,LAJEADO,RTOI,77645000,77649999,13,140
TO,LAVANDEIRA,RTOI,77328000,77329999,13,140
TO,LIZARDA,RTOI,77630000,77634999,13,140
TO,LUZINOPOLIS,RTOI,77903000,77904999,13,0
TO,MARIANOPOLIS DO TOCANTINS,RTOI,77675000,77679999,13,140
TO,MATEIROS,RTOI,77593000,77599999,13,140
TO,MAURILANDIA DO TOCANTINS,RTOI,77918000,77919999,13,0
TO,MIRACEMA DO TOCANTINS,RTOI,77650000,77654999,13,0
TO,MIRANORTE,RTOI,77660000,77664999,13,0
TO,MONTE DO CARMO,RTOI,77585000,77589999,13,140
TO,MONTE SANTO DO TOCANTINS,RTOI,77673000,77674999,13,0
TO,MURICILANDIA,RTOI,77850000,77854999,13,0
TO,NATIVIDADE,RTOI,77370000,77374999,13,0
TO,NAZARE,RTOI,77895000,77899999,13,0
TO,NOVA OLINDA,RTOI,77790000,77794999,13,0
TO,NOVA ROSALANDIA,RTOI,77495000,77499999,13,0
TO,NOVO ACORDO,RTOI,77610000,77612999,13,140
TO,NOVO ALEGRE,RTOI,77353000,77359999,13,0
TO,NOVO JARDIM,RTOI,77318000,77319999,13,0
TO,OLIVEIRA DE FATIMA,RTOI,77558000,77559999,13,0
TO,PALMEIRANTE,RTOI,77798000,77799999,13,140
TO,PALMEIRAS DO TOCANTINS,RTOI,77913000,77914999,13,0
TO,PALMEIROPOLIS,RTOI,77365000,77367999,13,0
TO,PARAISO DO TOCANTINS,RTOI,77540000,77549999,13,0
TO,PARAISO DO TOCANTINS,RTOI,77600000,77602999,13,0
TO,PARANA,RTOI,77360000,77364999,13,0
TO,PAU D ARCO,RTOI,77785000,77789999,13,140
TO,PEDRO AFONSO,RTOI,77710000,77713999,13,0
TO,PEIXE,RTOI,77460000,77462999,13,0
TO,PEQUIZEIRO,RTOI,77730000,77732999,13,0
TO,PINDORAMA DO TOCANTINS,RTOI,77380000,77389999,13,140
TO,PIRAQUE,RTOI,77888000,77889999,13,0
TO,PIUM,RTOI,77570000,77574999,13,0
TO,PONTE ALTA DO BOM JESUS,RTOI,77315000,77317999,13,0
TO,PONTE ALTA DO TOCANTINS,RTOI,77590000,77592999,13,140
TO,PORTO ALEGRE DO TOCANTINS,RTOI,77395000,77399999,13,0
TO,PORTO NACIONAL,RTOI,77500000,77539999,13,0
TO,PRAIA NORTE,RTOI,77970000,77979999,13,0
TO,PRESIDENTE KENNEDY,RTOI,77745000,77749999,13,0
TO,PUGMIL,RTOI,77603000,77604999,13,0
TO,RECURSOLANDIA,RTOI,77733000,77734999,13,140
TO,RIACHINHO,RTOI,77893000,77894999,13,0
TO,RIO DA CONCEICAO,RTOI,77303000,77304999,13,0
TO,RIO DOS BOIS,RTOI,77655000,77659999,13,0
TO,RIO SONO,RTOI,77635000,77639999,13,0
TO,SAMPAIO,RTOI,77980000,77984999,13,0
TO,SANDOLANDIA,RTOI,77478000,77479999,13,0
TO,SANTA FE DO ARAGUAIA,RTOI,77848000,77849999,13,0
TO,SANTA MARIA DO TOCANTINS,RTOI,77716000,77717999,13,140
TO,SANTA RITA DO TOCANTINS,RTOI,77565000,77569999,13,0
TO,SANTA ROSA DO TOCANTINS,RTOI,77375000,77377999,13,140
TO,SANTA TEREZA DO TOCANTINS,RTOI,77615000,77619999,13,0
TO,SANTA TEREZINHA DO TOCANTINS,RTOI,77885000,77887999,13,0
TO,SAO BENTO DO TOCANTINS,RTOI,77958000,77959999,13,0
TO,SAO FELIX DO TOCANTINS,RTOI,77605000,77609999,13,140
TO,SAO MIGUEL DO TOCANTINS,RTOI,77925000,77929999,13,0
TO,SAO SALVADOR DO TOCANTINS,RTOI,77368000,77369999,13,0
TO,SAO SEBASTIAO DO TOCANTINS,RTOI,77990000,77992999,13,0
TO,SAO VALERIO DA NATIVIDADE,RTOI,77390000,77394999,13,0
TO,SILVANOPOLIS,RTOI,77580000,77584999,13,0
TO,SITIO NOVO DO TOCANTINS,RTOI,77940000,77949999,13,0
TO,SUCUPIRA,RTOI,77458000,77459999,13,0
TO,TABOCAO,RTOI,77708000,77709999,13,0
TO,TAGUATINGA,RTOI,77320000,77324999,13,0
TO,TAIPAS DO TOCANTINS,RTOI,77308000,77309999,13,0
TO,TALISMA,RTOI,77483000,77484999,13,0
TO,TOCANTINIA,RTOI,77640000,77644999,13,0
TO,TOCANTINOPOLIS,RTOI,77900000,77902999,13,0
TO,TUPIRAMA,RTOI,77704000,77707999,13,0
TO,TUPIRATINS,RTOI,77743000,77744999,13,140
TO,WANDERLANDIA,RTOI,77860000,77869999,13,0
TO,XAMBIOA,RTOI,77880000,77884999,13,140
BA,BELMONTE,RBAI,45800000,45806999,14,0
MA,GRACA ARANHA,RMAI,65785000,65789999,14,0
PA,ABAETETUBA,RPAP,68440000,68444999,14,0
PA,ANANINDEUA,RPAP,67000001,67199999,14,0
PA,AUGUSTO CORREA,RPAP,68610000,68616999,14,0
PA,BARCARENA,RPAP,67400000,67409999,14,0
PA,BARCARENA,RPAP,68445000,68449999,14,0
PA,BELEM,RPAP,66000001,66999999,14,0
PA,BENEVIDES,RPAP,68795000,68797999,14,0
PA,BRAGANCA,RPAP,68600000,68609999,14,0
PA,CAPANEMA,RPAP,68700001,68706999,14,0
PA,CASTANHAL,RPAP,68740001,68747999,14,0
PA,COLARES,RPAP,68785000,68785999,14,0
PA,IGARAPE-MIRI,RPAP,68430000,68439999,14,0
PA,MARITUBA,RPAP,67200000,67349999,14,0
PA,MOJU,RPAP,68450000,68454999,14,0
PA,SANTA BARBARA DO PARA,RPAP,68798000,68799999,14,0
PA,SANTA IZABEL DO PARA,RPAP,67350000,67359999,14,0
PA,SANTA IZABEL DO PARA,RPAP,68790000,68794999,14,0
PA,SANTA MARIA DO PARA,RPAP,68738000,68739999,14,0
PA,SAO CAETANO DE ODIVELAS,RPAP,68775000,68779999,14,0
PA,VIGIA,RPAP,68780000,68784999,14,0
PE,PESQUEIRA,TRPI,55200000,55239999,14,0
AC,RIO BRANCO,RACP,69900000,69924999,15,0
AP,AMAPA,RAPP,68950000,68959999,15,0
BA,BONINAL,RBAI,46740000,46749999,15,0
BA,LUIS EDUARDO MAGALHAES,RBAI,47850001,47869999,15,0
BA,PALMEIRAS,RBAI,46930000,46959999,15,0
MA,PERI MIRIM,RMAI,65245000,65247999,15,0
MA,PINHEIRO,RMAI,65200000,65203999,15,0
PI,BOM JESUS,RPII,64900000,64904999,15,0
PI,SEBASTIAO LEAL,RPII,64873000,64874999,15,0
BA,JUAZEIRO,RBAI,48900001,48924999,16,0
MG,BERIZAL,GRFI,39555000,39557999,16,390
MG,FRANCISCO DUMONT,GRFI,39387000,39389999,16,130
MG,FRANCISCO SA,GRFI,39580000,39589999,16,0
MG,GLAUCILANDIA,GRFI,39592000,39593999,16,0
MG,IBIAI,GRFI,39350000,39354999,16,0
MG,IBIRACATU,GRFI,39455000,39457999,16,0
MG,ICARAI DE MINAS,GRFI,39318000,39319999,16,130
MG,PADRE CARVALHO,GRFI,39573000,39574999,16,0
PI,COCAL DOS ALVES,RPII,64238000,64239999,16,0
MA,CENTRO NOVO DO MARANHAO,RMAI,65299000,65299999,17,0
MG,PIRAPORA,GRFI,39270001,39279999,17,0
PA,CONCEICAO DO ARAGUAIA,RPAP,68540000,68542999,17,0
RS,MOSTARDAS,RSIR,96270000,96289999,17,266.67
RS,SAO JOSE DO NORTE,RSIR,96225000,96229999,17,400
AC,SENADOR GUIOMARD,RACI,69925000,69925999,18,0
AC,EPITACIOLANDIA,RACI,69934000,69934999,19,0
AP,MACAPA,RAPP,68900001,68914999,19,0
MG,SERRA DA SAUDADE,GRFI,35617000,35619999,19,390
AC,BRASILEIA,RACI,69932000,69933999,20,0
AC,BUJARI,RACI,69926000,69926999,20,0
AC,CAPIXABA,RACI,69931000,69931999,20,0
AC,PLACIDO DE CASTRO,RACI,69928000,69929999,20,0
AC,SANTA ROSA DO PURUS,RACI,69955000,69959999,20,0
AC,SENA MADUREIRA,RACI,69940000,69944999,20,0
AC,XAPURI,RACI,69930000,69930999,20,0
AM,MANAUS,RAMP,69000001,69099999,20,0
AC,ACRELANDIA,RACI,69945000,69949999,21,0
AC,ASSIS BRASIL,RACI,69935000,69939999,21,0
AC,PORTO ACRE,RACI,69927000,69927999,21,0
AC,TARAUACA,RACI,69970000,69974999,22,0
RR,BOA VISTA,RRRP,69300001,69339999,22,0
AC,CRUZEIRO DO SUL,RACI,69980000,69981999,25,0
AC,FEIJO,RACI,69960000,69969999,25,0
AC,JORDAO,RACI,69975000,69979999,25,0
AC,MANCIO LIMA,RACI,69990000,69999999,25,247
AC,MANOEL URBANO,RACI,69950000,69954999,25,0
AC,MARECHAL THAUMATURGO,RACI,69983000,69984999,25,247
RR,ALTO ALEGRE,RRRI,69350000,69354999,25,0
RR,AMAJARI,RRRI,69343000,69344999,25,0
RR,BONFIM,RRRI,69380000,69389999,25,0
RR,CANTA,RRRI,69390000,69399999,25,0
RR,CARACARAI,RRRI,69360000,69369999,25,0
RR,CAROEBE,RRRI,69378000,69379999,25,0
RR,IRACEMA,RRRI,69348000,69349999,25,0
RR,MUCAJAI,RRRI,69340000,69342999,25,0
RR,NORMANDIA,RRRI,69355000,69357999,25,0
RR,PACARAIMA,RRRI,69345000,69347999,25,0
RR,RORAINOPOLIS,RRRI,69373000,69374999,25,0
RR,SAO JOAO DA BALIZA,RRRI,69375000,69377999,25,0
RR,SAO LUIZ,RRRI,69370000,69372999,25,0
RR,UIRAMUTA,RRRI,69358000,69359999,25,0
AC,PORTO WALTER,RACI,69982000,69982999,27,247
AC,RODRIGUES ALVES,RACI,69985000,69989999,27,247
