origem,uf,cidade_destino,sigla,prazo_dias,tda_rs
GUARULHOS,AC,ACRELANDIA,RACI,22,0
GUARULHOS,AC,ASSIS BRASIL,RACI,22,0
GUARULHOS,AC,BRASILEIA,RACI,21,0
GUARULHOS,AC,BUJARI,RACI,21,0
GUARULHOS,AC,CAPIXABA,RACI,21,0
GUARULHOS,AC,CRUZEIRO DO SUL,RACI,26,0
GUARULHOS,AC,EPITACIOLANDIA,RACI,20,0
GUARULHOS,AC,FEIJO,RACI,26,0
GUARULHOS,AC,JORDAO,RACI,26,0
GUARULHOS,AC,MANCIO LIMA,RACI,26,247
GUARULHOS,AC,MANOEL URBANO,RACI,26,0
GUARULHOS,AC,MARECHAL THAUMATURGO,RACI,26,247
GUARULHOS,AC,PLACIDO DE CASTRO,RACI,21,0
GUARULHOS,AC,PORTO ACRE,RACI,22,0
GUARULHOS,AC,PORTO WALTER,RACI,28,247
GUARULHOS,AC,RIO BRANCO,RACP,16,0
GUARULHOS,AC,RODRIGUES ALVES,RACI,28,247
GUARULHOS,AC,SANTA ROSA DO PURUS,RACI,21,0
GUARULHOS,AC,SENA MADUREIRA,RACI,21,0
GUARULHOS,AC,SENADOR GUIOMARD,RACI,19,0
GUARULHOS,AC,TARAUACA,RACI,23,0
GUARULHOS,AC,XAPURI,RACI,21,0
GUARULHOS,AL,AGUA BRANCA,RALI,9,0
GUARULHOS,AL,ANADIA,RALI,9,0
GUARULHOS,AL,ARAPIRACA,RALI,9,0
GUARULHOS,AL,ATALAIA,RALI,9,0
GUARULHOS,AL,BARRA DE SANTO ANTONIO,RALP,9,0
GUARULHOS,AL,BARRA DE SAO MIGUEL,RALP,9,0
GUARULHOS,AL,BATALHA,RALI,9,0
GUARULHOS,AL,BELEM,RALI,9,0
GUARULHOS,AL,BELO MONTE,RALI,9,0
GUARULHOS,AL,BOCA DA MATA,RALI,9,0
GUARULHOS,AL,BRANQUINHA,RALI,9,0
GUARULHOS,AL,CACIMBINHAS,RALI,9,0
GUARULHOS,AL,CAJUEIRO,RALI,9,0
GUARULHOS,AL,CAMPESTRE,RALI,9,0
GUARULHOS,AL,CAMPO ALEGRE,RALI,9,0
GUARULHOS,AL,CAMPO GRANDE,RALP,9,0
GUARULHOS,AL,CANAPI,RALI,9,0
GUARULHOS,AL,CAPELA,RALI,9,0
GUARULHOS,AL,CARNEIROS,RALI,9,0
GUARULHOS,AL,CHA PRETA,RALI,9,0
GUARULHOS,AL,COITE DO NOIA,RALI,9,0
GUARULHOS,AL,COLONIA LEOPOLDINA,RALI,9,0
GUARULHOS,AL,COQUEIRO SECO,RALP,9,0
GUARULHOS,AL,CORURIPE,RALI,9,0
GUARULHOS,AL,CRAIBAS,RALI,9,0
GUARULHOS,AL,DELMIRO GOUVEIA,RALI,9,0
GUARULHOS,AL,DOIS RIACHOS,RALI,9,0
GUARULHOS,AL,ESTRELA DE ALAGOAS,RALI,9,0
GUARULHOS,AL,FEIRA GRANDE,RALI,9,0
GUARULHOS,AL,FELIZ DESERTO,RALI,9,0
GUARULHOS,AL,FLEXEIRAS,RALI,9,0
GUARULHOS,AL,GIRAU DO PONCIANO,RALI,9,0
GUARULHOS,AL,IBATEGUARA,RALI,9,0
GUARULHOS,AL,IGACI,RALI,9,0
GUARULHOS,AL,IGREJA NOVA,RALI,9,0
GUARULHOS,AL,INHAPI,RALI,9,0
GUARULHOS,AL,JACARE DOS HOMENS,RALI,9,0
GUARULHOS,AL,JACUIPE,RALI,9,0
GUARULHOS,AL,JAPARATINGA,RALI,9,0
GUARULHOS,AL,JARAMATAIA,RALI,9,0
GUARULHOS,AL,JEQUIA DA PRAIA,RALI,9,0
GUARULHOS,AL,JOAQUIM GOMES,RALI,9,0
GUARULHOS,AL,JUNDIA,RALI,9,0
GUARULHOS,AL,JUNQUEIRO,RALI,9,0
GUARULHOS,AL,LAGOA DA CANOA,RALI,9,0
GUARULHOS,AL,LIMOEIRO DE ANADIA,RALI,9,0
GUARULHOS,AL,MACEIO,RALP,9,0
GUARULHOS,AL,MAJOR ISIDORO,RALI,9,0
GUARULHOS,AL,MAR VERMELHO,RALI,9,0
GUARULHOS,AL,MARAGOGI,RALI,9,0
GUARULHOS,AL,MARAVILHA,RALI,9,0
GUARULHOS,AL,MARECHAL DEODORO,RALP,9,0
GUARULHOS,AL,MARIBONDO,RALI,9,0
GUARULHOS,AL,MATA GRANDE,RALI,9,0
GUARULHOS,AL,MATRIZ DE CAMARAGIBE,RALI,9,0
GUARULHOS,AL,MESSIAS,RALP,9,0
GUARULHOS,AL,MINADOR DO NEGRAO,RALI,9,0
GUARULHOS,AL,MONTEIROPOLIS,RALI,9,0
GUARULHOS,AL,MURICI,RALI,9,0
GUARULHOS,AL,NOVO LINO,RALI,9,0
GUARULHOS,AL,OLHO D AGUA DAS FLORES,RALI,9,0
GUARULHOS,AL,OLHO D AGUA DO CASADO,RALI,9,0
GUARULHOS,AL,OLHO D AGUA GRANDE,RALI,9,0
GUARULHOS,AL,OLIVENCA,RALI,9,0
GUARULHOS,AL,OURO BRANCO,RALI,9,0
GUARULHOS,AL,PALESTINA,RALI,9,0
GUARULHOS,AL,PALMEIRA DOS INDIOS,RALI,9,0
GUARULHOS,AL,PAO DE ACUCAR,RALI,9,0
GUARULHOS,AL,PARICONHA,RALI,9,0
GUARULHOS,AL,PARIPUEIRA,RALP,9,0
GUARULHOS,AL,PASSO DE CAMARAGIBE,RALI,9,0
GUARULHOS,AL,PAULO JACINTO,RALI,9,0
GUARULHOS,AL,PENEDO,RALI,9,0
GUARULHOS,AL,PIACABUCU,RALI,9,0
GUARULHOS,AL,PILAR,RALP,9,0
GUARULHOS,AL,PINDOBA,RALI,9,0
GUARULHOS,AL,PIRANHAS,RALI,9,0
GUARULHOS,AL,POCO DAS TRINCHEIRAS,RALI,9,0
GUARULHOS,AL,PORTO CALVO,RALI,9,0
GUARULHOS,AL,PORTO DE PEDRAS,RALI,9,0
GUARULHOS,AL,PORTO REAL DO COLEGIO,RALI,9,0
GUARULHOS,AL,QUEBRANGULO,RALI,9,0
GUARULHOS,AL,RIO LARGO,RALP,9,0
GUARULHOS,AL,ROTEIRO,RALI,9,0
GUARULHOS,AL,SANTA LUZIA DO NORTE,RALP,9,0
GUARULHOS,AL,SANTANA DO IPANEMA,RALI,9,0
GUARULHOS,AL,SANTANA DO MUNDAU,RALI,9,0
GUARULHOS,AL,SAO BRAS,RALI,9,0
GUARULHOS,AL,SAO JOSE DA LAJE,RALI,9,0
GUARULHOS,AL,SAO JOSE DA TAPERA,RALI,9,0
GUARULHOS,AL,SAO LUIS DO QUITUNDE,RALI,9,0
GUARULHOS,AL,SAO MIGUEL DOS CAMPOS,RALI,9,0
GUARULHOS,AL,SAO MIGUEL DOS MILAGRES,RALI,9,0
GUARULHOS,AL,SAO SEBASTIAO,RALI,9,0
GUARULHOS,AL,SATUBA,RALP,9,0
GUARULHOS,AL,SENADOR RUI PALMEIRA,RALI,9,0
GUARULHOS,AL,TANQUE D ARCA,RALI,9,0
GUARULHOS,AL,TAQUARANA,RALI,9,0
GUARULHOS,AL,TEOTONIO VILELA,RALI,9,0
GUARULHOS,AL,TRAIPU,RALI,9,0
GUARULHOS,AL,UNIAO DOS PALMARES,RALI,9,0
GUARULHOS,AL,VICOSA,RALI,9,0
GUARULHOS,AM,MANAUS,RAMP,21,0
GUARULHOS,AP,AMAPA,RAPP,16,0
GUARULHOS,AP,MACAPA,RAPP,20,0
GUARULHOS,BA,ABARE,RBAI,11,0
GUARULHOS,BA,ACAJUTIBA,RBAI,11,0
GUARULHOS,BA,ADUSTINA,RBAI,11,0
GUARULHOS,BA,AGUA FRIA,RBAI,11,0
GUARULHOS,BA,AIQUARA,CENI,11,0
GUARULHOS,BA,ALAGOINHAS,TEXI,11,0
GUARULHOS,BA,ALMADINA,CENI,11,312
GUARULHOS,BA,AMARGOSA,RBAI,11,0
GUARULHOS,BA,AMELIA RODRIGUES,RBAI,11,0
GUARULHOS,BA,AMERICA DOURADA,RBAI,11,0
GUARULHOS,BA,ANAGE,CENI,11,0
GUARULHOS,BA,ANDARAI,RBAI,11,0
GUARULHOS,BA,ANDORINHA,RBAI,11,0
GUARULHOS,BA,ANGUERA,RBAI,11,0
GUARULHOS,BA,ANTAS,RBAI,11,0
GUARULHOS,BA,ANTONIO CARDOSO,RBAI,11,0
GUARULHOS,BA,ANTONIO GONCALVES,RBAI,11,0
GUARULHOS,BA,APORA,RBAI,11,0
GUARULHOS,BA,APUAREMA,RBAI,11,450
GUARULHOS,BA,ARACAS,RBAI,11,0
GUARULHOS,BA,ARACATU,CENI,11,0
GUARULHOS,BA,ARACI,RBAI,11,0
GUARULHOS,BA,ARAMARI,RBAI,11,0
GUARULHOS,BA,ARATACA,CENI,11,0
GUARULHOS,BA,ARATUIPE,RBAI,11,0
GUARULHOS,BA,AURELINO LEAL,CENI,11,0
GUARULHOS,BA,BAIANOPOLIS,RBAI,11,0
GUARULHOS,BA,BAIXA GRANDE,RBAI,11,0
GUARULHOS,BA,BANZAE,RBAI,11,450
GUARULHOS,BA,BARRA,RBAI,11,450
GUARULHOS,BA,BARRA DA ESTIVA,CENI,11,0
GUARULHOS,BA,BARRA DO CHOCA,CENP,11,0
GUARULHOS,BA,BARRA DO MENDES,RBAI,11,0
GUARULHOS,BA,BARRA DO ROCHA,CENI,11,0
GUARULHOS,BA,BARREIRAS,RBAI,11,0
GUARULHOS,BA,BARRO ALTO,RBAI,11,0
GUARULHOS,BA,BARRO PRETO,CENI,11,0
GUARULHOS,BA,BARROCAS,RBAI,11,0
GUARULHOS,BA,BELMONTE,RBAI,15,0
GUARULHOS,BA,BELO CAMPO,CENI,11,0
GUARULHOS,BA,BIRITINGA,RBAI,11,0
GUARULHOS,BA,BOA NOVA,CENI,11,0
GUARULHOS,BA,BOA VISTA DO TUPIM,RBAI,11,0
GUARULHOS,BA,BOM JESUS DA LAPA,CENI,11,100
GUARULHOS,BA,BOM JESUS DA SERRA,CENI,11,0
GUARULHOS,BA,BONINAL,RBAI,16,0
GUARULHOS,BA,BONITO,RBAI,11,0
GUARULHOS,BA,BOQUIRA,CENI,11,0
GUARULHOS,BA,BOTUPORA,CENI,11,0
GUARULHOS,BA,BREJOES,RBAI,11,0
GUARULHOS,BA,BRUMADO,CENI,11,0
GUARULHOS,BA,BUERAREMA,CENI,11,0
GUARULHOS,BA,BURITIRAMA,RBAI,11,450
GUARULHOS,BA,CAATIBA,RBAI,11,450
GUARULHOS,BA,CABACEIRAS DO PARAGUACU,RBAI,11,0
GUARULHOS,BA,CACHOEIRA,RBAI,11,0
GUARULHOS,BA,CACULE,CENI,11,0
GUARULHOS,BA,CAEM,RBAI,11,0
GUARULHOS,BA,CAETITE,CENI,11,0
GUARULHOS,BA,CAFARNAUM,RBAI,11,0
GUARULHOS,BA,CAIRU,RBAI,11,0
GUARULHOS,BA,CALDEIRAO GRANDE,RBAI,11,0
GUARULHOS,BA,CAMACAN,CENI,11,0
GUARULHOS,BA,CAMACARI,RBAP,7,0
GUARULHOS,BA,CAMPO ALEGRE DE LOURDES,RBAI,11,0
GUARULHOS,BA,CAMPO FORMOSO,RBAI,11,0
GUARULHOS,BA,CANARANA,RBAI,11,0
GUARULHOS,BA,CANAVIEIRAS,CENI,11,0
GUARULHOS,BA,CANDEAL,RBAI,11,0
GUARULHOS,BA,CANDEIAS,RBAR,11,0
GUARULHOS,BA,CANDIBA,CENI,11,0
GUARULHOS,BA,CANDIDO SALES,CENI,11,0
GUARULHOS,BA,CANSANCAO,RBAI,11,0
GUARULHOS,BA,CANUDOS,RBAI,11,0
GUARULHOS,BA,CAPELA DO ALTO ALEGRE,RBAI,11,0
GUARULHOS,BA,CAPIM GROSSO,RBAI,11,0
GUARULHOS,BA,CARAIBAS,CENI,11,0
GUARULHOS,BA,CARAVELAS,TEXI,11,0
GUARULHOS,BA,CARDEAL DA SILVA,RBAI,11,0
GUARULHOS,BA,CARINHANHA,CENI,11,0
GUARULHOS,BA,CASA NOVA,RBAI,11,0
GUARULHOS,BA,CASTRO ALVES,RBAI,11,0
GUARULHOS,BA,CATOLANDIA,RBAI,11,450
GUARULHOS,BA,CATU,RBAR,11,0
GUARULHOS,BA,CATURAMA,CENI,11,0
GUARULHOS,BA,CENTRAL,RBAI,11,0
GUARULHOS,BA,CHORROCHO,RBAI,11,0
GUARULHOS,BA,CICERO DANTAS,RBAI,11,0
GUARULHOS,BA,CIPO,RBAI,11,0
GUARULHOS,BA,COARACI,CENI,11,0
GUARULHOS,BA,CONCEICAO DA FEIRA,TEXI,11,0
GUARULHOS,BA,CONCEICAO DO ALMEIDA,RBAI,11,0
GUARULHOS,BA,CONCEICAO DO COITE,RBAI,11,0
GUARULHOS,BA,CONCEICAO DO JACUIPE,TEXI,11,0
GUARULHOS,BA,CONDE,RBAI,11,450
GUARULHOS,BA,CONDEUBA,CENI,11,0
GUARULHOS,BA,CONTENDAS DO SINCORA,RBAI,11,450
GUARULHOS,BA,CORACAO DE MARIA,RBAI,11,0
GUARULHOS,BA,CORDEIROS,CENI,11,0
GUARULHOS,BA,CORIBE,RBAI,11,0
GUARULHOS,BA,CORONEL JOAO SA,RBAI,11,0
GUARULHOS,BA,COTEGIPE,RBAI,11,0
GUARULHOS,BA,CRAVOLANDIA,RBAI,11,0
GUARULHOS,BA,CRISOPOLIS,RBAI,11,0
GUARULHOS,BA,CRISTOPOLIS,RBAI,11,0
GUARULHOS,BA,CRUZ DAS ALMAS,TEXI,11,0
GUARULHOS,BA,CURACA,RBAI,11,0
GUARULHOS,BA,DARIO MEIRA,CENI,11,0
GUARULHOS,BA,DIAS D AVILA,RBAP,7,0
GUARULHOS,BA,DOM BASILIO,CENI,11,0
GUARULHOS,BA,DOM MACEDO COSTA,RBAI,11,0
GUARULHOS,BA,ELISIO MEDRADO,RBAI,11,0
GUARULHOS,BA,ENTRE RIOS,TEXI,11,0
GUARULHOS,BA,ERICO CARDOSO,RBAI,11,450
GUARULHOS,BA,ESPLANADA,RBAI,11,0
GUARULHOS,BA,EUCLIDES DA CUNHA,RBAI,11,0
GUARULHOS,BA,EUNAPOLIS,CENI,11,0
GUARULHOS,BA,FATIMA,RBAI,11,0
GUARULHOS,BA,FEIRA DE SANTANA,RBAR,11,0
GUARULHOS,BA,FILADELFIA,RBAI,11,0
GUARULHOS,BA,FIRMINO ALVES,CENI,11,0
GUARULHOS,BA,FLORESTA AZUL,CENI,11,0
GUARULHOS,BA,FORMOSA DO RIO PRETO,RBAI,11,450
GUARULHOS,BA,GANDU,RBAI,11,0
GUARULHOS,BA,GAVIAO,RBAI,11,0
GUARULHOS,BA,GLORIA,RBAI,11,0
GUARULHOS,BA,GONGOGI,CENI,11,0
GUARULHOS,BA,GOVERNADOR MANGABEIRA,TEXI,11,0
GUARULHOS,BA,GUAJERU,CENI,11,0
GUARULHOS,BA,GUANAMBI,CENI,11,0
GUARULHOS,BA,HELIOPOLIS,RBAI,11,0
GUARULHOS,BA,IACU,RBAI,11,0
GUARULHOS,BA,IBIASSUCE,CENI,11,0
GUARULHOS,BA,IBICARAI,CENI,11,0
GUARULHOS,BA,IBICOARA,RBAI,11,0
GUARULHOS,BA,IBICUI,CENI,11,0
GUARULHOS,BA,IBIPEBA,RBAI,11,0
GUARULHOS,BA,IBIPITANGA,CENI,11,0
GUARULHOS,BA,IBIQUERA,RBAI,11,1100
GUARULHOS,BA,IBIRAPITANGA,RBAI,11,450
GUARULHOS,BA,IBIRATAIA,CENI,11,0
GUARULHOS,BA,IBITIARA,RBAI,11,0
GUARULHOS,BA,IBITITA,CENI,11,0
GUARULHOS,BA,IBOTIRAMA,RBAI,11,0
GUARULHOS,BA,ICHU,RBAI,11,0
GUARULHOS,BA,IGAPORA,CENI,11,0
GUARULHOS,BA,IGRAPIUNA,RBAI,11,0
GUARULHOS,BA,IGUAI,CENI,11,0
GUARULHOS,BA,ILHEUS,CENI,11,0
GUARULHOS,BA,INHAMBUPE,RBAI,11,0
GUARULHOS,BA,IPECAETA,RBAI,11,0
GUARULHOS,BA,IPIAU,CENP,11,0
GUARULHOS,BA,IRAJUBA,RBAI,11,0
GUARULHOS,BA,IRAQUARA,RBAI,11,0
GUARULHOS,BA,IRARA,RBAI,11,0
GUARULHOS,BA,IRECE,RBAI,11,0
GUARULHOS,BA,ITABELA,CENI,11,0
GUARULHOS,BA,ITABERABA,RBAI,11,0
GUARULHOS,BA,ITABUNA,CENI,11,0
GUARULHOS,BA,ITACARE,CENI,11,0
GUARULHOS,BA,ITAETE,RBAI,11,0
GUARULHOS,BA,ITAGI,CENI,11,0
GUARULHOS,BA,ITAGIBA,CENI,11,0
GUARULHOS,BA,ITAGIMIRIM,CENI,11,0
GUARULHOS,BA,ITAGUACU DA BAHIA,RBAI,11,0
GUARULHOS,BA,ITAJU DO COLONIA,CENI,11,0
GUARULHOS,BA,ITAJUIPE,RBAI,11,1100
GUARULHOS,BA,ITAMARI,RBAI,11,1100
GUARULHOS,BA,ITAMBE,CENI,11,0
GUARULHOS,BA,ITANAGRA,RBAI,11,0
GUARULHOS,BA,ITAPARICA,RBAI,11,450
GUARULHOS,BA,ITAPE,CENI,11,0
GUARULHOS,BA,ITAPEBI,CENI,11,0
GUARULHOS,BA,ITAPETINGA,CENI,11,0
GUARULHOS,BA,ITAPICURU,RBAI,11,0
GUARULHOS,BA,ITAPITANGA,CENI,11,0
GUARULHOS,BA,ITAQUARA,RBAI,11,1100
GUARULHOS,BA,ITARANTIM,RBAI,11,563
GUARULHOS,BA,ITATIM,RBAI,11,0
GUARULHOS,BA,ITIRUCU,CENI,11,0
GUARULHOS,BA,ITIUBA,RBAI,11,0
GUARULHOS,BA,ITORORO,CENI,11,0
GUARULHOS,BA,ITUACU,CENI,11,0
GUARULHOS,BA,ITUBERA,RBAI,11,0
GUARULHOS,BA,IUIU,CENI,11,0
GUARULHOS,BA,JACARACI,CENI,11,0
GUARULHOS,BA,JACOBINA,RBAI,11,0
GUARULHOS,BA,JAGUAQUARA,CENP,11,850
GUARULHOS,BA,JAGUARARI,RBAI,11,0
GUARULHOS,BA,JAGUARIPE,RBAI,11,0
GUARULHOS,BA,JANDAIRA,RBAI,11,0
GUARULHOS,BA,JEQUIE,CENP,11,0
GUARULHOS,BA,JEREMOABO,RBAI,11,0
GUARULHOS,BA,JITAUNA,CENI,11,0
GUARULHOS,BA,JOAO DOURADO,RBAI,11,0
GUARULHOS,BA,JUAZEIRO,RBAI,17,0
GUARULHOS,BA,JUCURUCU,RBAI,11,450
GUARULHOS,BA,JUSSARA,RBAI,11,0
GUARULHOS,BA,JUSSARI,CENI,11,0
GUARULHOS,BA,JUSSIAPE,RBAI,11,1100
GUARULHOS,BA,LAFAIETE COUTINHO,CENI,11,0
GUARULHOS,BA,LAGOA REAL,RBAI,11,0
GUARULHOS,BA,LAJE,RBAI,11,0
GUARULHOS,BA,LAJEDINHO,RBAI,11,0
GUARULHOS,BA,LAJEDO DO TABOCAL,CENI,11,0
GUARULHOS,BA,LAMARAO,RBAI,11,0
GUARULHOS,BA,LAPAO,RBAI,11,0
GUARULHOS,BA,LAURO DE FREITAS,RBAP,11,0
GUARULHOS,BA,LENCOIS,RBAI,11,450
GUARULHOS,BA,LICINIO DE ALMEIDA,CENI,11,0
GUARULHOS,BA,LIVRAMENTO DE NOSSA SENHORA,CENI,11,0
GUARULHOS,BA,LUIS EDUARDO MAGALHAES,RBAI,16,0
GUARULHOS,BA,MACAJUBA,RBAI,11,0
GUARULHOS,BA,MACAUBAS,CENI,11,0
GUARULHOS,BA,MACURURE,RBAI,11,450
GUARULHOS,BA,MADRE DE DEUS,RBAR,11,0
GUARULHOS,BA,MAETINGA,CENI,11,0
GUARULHOS,BA,MAIQUINIQUE,RBAI,11,450
GUARULHOS,BA,MAIRI,RBAI,11,0
GUARULHOS,BA,MALHADA,CENI,11,0
GUARULHOS,BA,MALHADA DE PEDRAS,CENI,11,0
GUARULHOS,BA,MANOEL VITORINO,CENP,11,0
GUARULHOS,BA,MANSIDAO,RBAI,11,450
GUARULHOS,BA,MARACAS,CENI,11,0
GUARULHOS,BA,MARAGOGIPE,RBAI,11,0
GUARULHOS,BA,MARCIONILIO SOUZA,RBAI,11,0
GUARULHOS,BA,MASCOTE,CENI,11,0
GUARULHOS,BA,MATA DE SAO JOAO,RBAR,11,0
GUARULHOS,BA,MATINA,CENI,11,0
GUARULHOS,BA,MIGUEL CALMON,RBAI,11,0
GUARULHOS,BA,MILAGRES,RBAI,11,0
GUARULHOS,BA,MIRANGABA,RBAI,11,0
GUARULHOS,BA,MONTE SANTO,RBAI,11,250
GUARULHOS,BA,MORRO DO CHAPEU,RBAI,11,1100
GUARULHOS,BA,MORTUGABA,CENI,11,0
GUARULHOS,BA,MUCUGE,RBAI,13,0
GUARULHOS,BA,MULUNGU DO MORRO,RBAI,11,0
GUARULHOS,BA,MUNDO NOVO,RBAI,11,0
GUARULHOS,BA,MUNIZ FERREIRA,RBAI,11,0
GUARULHOS,BA,MUQUEM DE SAO FRANCISCO,RBAI,11,0
GUARULHOS,BA,MURITIBA,TEXI,11,0
GUARULHOS,BA,MUTUIPE,RBAI,11,0
GUARULHOS,BA,NAZARE,RBAI,11,0
GUARULHOS,BA,NILO PECANHA,RBAI,11,0
GUARULHOS,BA,NORDESTINA,RBAI,11,0
GUARULHOS,BA,NOVA CANAA,CENI,11,0
GUARULHOS,BA,NOVA FATIMA,RBAI,11,0
GUARULHOS,BA,NOVA IBIA,RBAI,11,0
GUARULHOS,BA,NOVA ITARANA,RBAI,11,0
GUARULHOS,BA,NOVA REDENCAO,RBAI,11,0
GUARULHOS,BA,NOVA SOURE,RBAI,11,0
GUARULHOS,BA,NOVO TRIUNFO,RBAI,11,0
GUARULHOS,BA,OLINDINA,RBAI,11,0
GUARULHOS,BA,OURICANGAS,RBAI,11,0
GUARULHOS,BA,OUROLANDIA,RBAI,11,450
GUARULHOS,BA,PALMAS DE MONTE ALTO,CENI,11,0
GUARULHOS,BA,PALMEIRAS,RBAI,16,0
GUARULHOS,BA,PARAMIRIM,CENI,11,0
GUARULHOS,BA,PARIPIRANGA,RBAI,11,0
GUARULHOS,BA,PAU BRASIL,CENI,11,0
GUARULHOS,BA,PAULO AFONSO,RBAI,9,0
GUARULHOS,BA,PE DE SERRA,RBAI,11,0
GUARULHOS,BA,PEDRAO,RBAI,11,0
GUARULHOS,BA,PEDRO ALEXANDRE,RBAI,11,450
GUARULHOS,BA,PILAO ARCADO,RBAI,11,0
GUARULHOS,BA,PINDAI,CENI,11,0
GUARULHOS,BA,PINDOBACU,RBAI,11,0
GUARULHOS,BA,PINTADAS,RBAI,11,0
GUARULHOS,BA,PIRAI DO NORTE,RBAI,11,0
GUARULHOS,BA,PIRIPA,CENI,11,0
GUARULHOS,BA,PIRITIBA,RBAI,11,0
GUARULHOS,BA,PLANALTINO,RBAI,11,1100
GUARULHOS,BA,PLANALTO,CENI,11,0
GUARULHOS,BA,POCOES,CENP,11,0
GUARULHOS,BA,POJUCA,RBAR,11,0
GUARULHOS,BA,PONTO NOVO,RBAI,11,0
GUARULHOS,BA,PORTO SEGURO,RBAI,11,0
GUARULHOS,BA,POTIRAGUA,CENI,11,0
GUARULHOS,BA,PRADO,TEXI,11,0
GUARULHOS,BA,PRESIDENTE JANIO QUADROS,CENI,11,0
GUARULHOS,BA,PRESIDENTE TANCREDO NEVES,RBAI,11,0
GUARULHOS,BA,QUEIMADAS,RBAI,11,0
GUARULHOS,BA,QUIJINGUE,RBAI,11,0
GUARULHOS,BA,QUIXABEIRA,RBAI,11,0
GUARULHOS,BA,RAFAEL JAMBEIRO,RBAI,11,0
GUARULHOS,BA,REMANSO,RBAI,11,0
GUARULHOS,BA,RETIROLANDIA,RBAI,11,0
GUARULHOS,BA,RIACHAO DAS NEVES,RBAI,11,0
GUARULHOS,BA,RIACHAO DO JACUIPE,RBAI,11,0
GUARULHOS,BA,RIACHO DE SANTANA,CENI,11,0
GUARULHOS,BA,RIBEIRA DO AMPARO,RBAI,11,250
GUARULHOS,BA,RIBEIRA DO POMBAL,RBAI,11,0
GUARULHOS,BA,RIO DE CONTAS,CENI,11,0
GUARULHOS,BA,RIO DO ANTONIO,CENI,11,0
GUARULHOS,BA,RIO DO PIRES,CENI,11,0
GUARULHOS,BA,RIO REAL,RBAI,11,0
GUARULHOS,BA,SALINAS DA MARGARIDA,RBAI,11,450
GUARULHOS,BA,SALVADOR,RBAP,7,0
GUARULHOS,BA,SANTA BARBARA,RBAI,11,0
GUARULHOS,BA,SANTA BRIGIDA,RBAI,11,0
GUARULHOS,BA,SANTA CRUZ CABRALIA,RBAI,11,0
GUARULHOS,BA,SANTA CRUZ DA VITORIA,CENI,11,0
GUARULHOS,BA,SANTA INES,RBAI,11,0
GUARULHOS,BA,SANTA LUZIA,CENI,11,0
GUARULHOS,BA,SANTA MARIA DA VITORIA,CENI,11,0
GUARULHOS,BA,SANTA RITA DE CASSIA,RBAI,11,0
GUARULHOS,BA,SANTA TERESINHA,RBAI,11,0
GUARULHOS,BA,SANTALUZ,RBAI,11,0
GUARULHOS,BA,SANTANA,RBAI,11,450
GUARULHOS,BA,SANTANOPOLIS,RBAI,11,0
GUARULHOS,BA,SANTO AMARO,RBAR,11,0
GUARULHOS,BA,SANTO ANTONIO DE JESUS,TEXI,11,0
GUARULHOS,BA,SANTO ESTEVAO,TEXI,11,0
GUARULHOS,BA,SAO DOMINGOS,RBAI,11,0
GUARULHOS,BA,SAO FELIPE,RBAI,11,0
GUARULHOS,BA,SAO FELIX,RBAI,11,0
GUARULHOS,BA,SAO FELIX DO CORIBE,RBAI,11,0
GUARULHOS,BA,SAO FRANCISCO DO CONDE,RBAR,11,0
GUARULHOS,BA,SAO GABRIEL,RBAI,11,0
GUARULHOS,BA,SAO GONCALO DOS CAMPOS,TEXI,11,0
GUARULHOS,BA,SAO JOSE DA VITORIA,CENI,11,0
GUARULHOS,BA,SAO JOSE DO JACUIPE,RBAI,11,0
GUARULHOS,BA,SAO MIGUEL DAS MATAS,RBAI,11,0
GUARULHOS,BA,SAO SEBASTIAO DO PASSE,RBAR,11,0
GUARULHOS,BA,SAPEACU,RBAI,11,0
GUARULHOS,BA,SATIRO DIAS,RBAI,11,0
GUARULHOS,BA,SAUBARA,TEXI,11,0
GUARULHOS,BA,SAUDE,RBAI,11,0
GUARULHOS,BA,SEABRA,RBAI,11,0
GUARULHOS,BA,SEBASTIAO LARANJEIRAS,CENI,11,0
GUARULHOS,BA,SENHOR DO BONFIM,RBAI,11,0
GUARULHOS,BA,SENTO SE,RBAI,11,0
GUARULHOS,BA,SERRA DO RAMALHO,RBAI,11,350
GUARULHOS,BA,SERRA DOURADA,RBAI,11,350
GUARULHOS,BA,SERRA PRETA,RBAI,11,0
GUARULHOS,BA,SERRINHA,RBAI,11,0
GUARULHOS,BA,SERROLANDIA,RBAI,11,0
GUARULHOS,BA,SIMOES FILHO,RBAP,7,0
GUARULHOS,BA,SITIO DO MATO,RBAI,11,450
GUARULHOS,BA,SITIO DO QUINTO,RBAI,11,0
GUARULHOS,BA,SOBRADINHO,RBAI,11,0
GUARULHOS,BA,SOUTO SOARES,RBAI,11,0
GUARULHOS,BA,TANHACU,CENI,11,0
GUARULHOS,BA,TANQUE NOVO,CENI,11,0
GUARULHOS,BA,TANQUINHO,RBAI,11,0
GUARULHOS,BA,TAPEROA,RBAI,11,0
GUARULHOS,BA,TAPIRAMUTA,RBAI,11,0
GUARULHOS,BA,TEIXEIRA DE FREITAS,TEXP,11,0
GUARULHOS,BA,TEODORO SAMPAIO,RBAI,11,0
GUARULHOS,BA,TEOFILANDIA,RBAI,11,0
GUARULHOS,BA,TEOLANDIA,RBAI,11,0
GUARULHOS,BA,TERRA NOVA,RBAI,11,0
GUARULHOS,BA,TREMEDAL,RBAI,11,0
GUARULHOS,BA,TUCANO,RBAI,11,0
GUARULHOS,BA,UAUA,RBAI,11,0
GUARULHOS,BA,UBAIRA,RBAI,11,0
GUARULHOS,BA,UBAITABA,CENI,11,0
GUARULHOS,BA,UBATA,CENI,11,0
GUARULHOS,BA,UIBAI,RBAI,11,0
GUARULHOS,BA,UMBURANAS,RBAI,11,450
GUARULHOS,BA,UNA,CENI,11,0
GUARULHOS,BA,URANDI,RBAI,11,450
GUARULHOS,BA,URUCUCA,CENI,11,0
GUARULHOS,BA,UTINGA,RBAI,11,0
GUARULHOS,BA,VALENCA,TEXI,11,0
GUARULHOS,BA,VALENTE,RBAI,11,0
GUARULHOS,BA,VARZEA DA ROCA,RBAI,11,0
GUARULHOS,BA,VARZEA DO POCO,RBAI,11,0
GUARULHOS,BA,VARZEA NOVA,RBAI,11,0
GUARULHOS,BA,VARZEDO,RBAI,11,0
GUARULHOS,BA,VERA CRUZ,RBAR,11,350
GUARULHOS,BA,VITORIA DA CONQUISTA,CENP,11,0
GUARULHOS,BA,WAGNER,RBAI,11,0
GUARULHOS,BA,WANDERLEY,RBAI,11,0
GUARULHOS,BA,WENCESLAU GUIMARAES,RBAI,11,0
GUARULHOS,BA,XIQUE-XIQUE,RBAI,11,450
GUARULHOS,CE,ABAIARA,RCEI,14,0
GUARULHOS,CE,ACARAPE,RCEI,14,0
GUARULHOS,CE,ACARAU,RCEI,14,0
GUARULHOS,CE,ACOPIARA,RCEI,14,0
GUARULHOS,CE,AIUABA,RCEI,14,0
GUARULHOS,CE,ALCANTARAS,RCEI,14,0
GUARULHOS,CE,ALTANEIRA,RCEI,14,0
GUARULHOS,CE,ALTO SANTO,RCEI,14,0
GUARULHOS,CE,AMONTADA,RCEI,14,0
GUARULHOS,CE,ANTONINA DO NORTE,RCEI,14,0
GUARULHOS,CE,APUIARES,RCEI,14,0
GUARULHOS,CE,AQUIRAZ,RCEP,8,0
GUARULHOS,CE,ARACATI,RCEI,14,0
GUARULHOS,CE,ARACOIABA,RCEI,14,0
GUARULHOS,CE,ARARENDA,RCEI,14,0
GUARULHOS,CE,ARARIPE,RCEI,14,0
GUARULHOS,CE,ARATUBA,RCEI,14,0
GUARULHOS,CE,ARNEIROZ,RCEI,14,0
GUARULHOS,CE,ASSARE,RCEI,14,0
GUARULHOS,CE,AURORA,RCEI,14,0
GUARULHOS,CE,BAIXIO,RCEI,14,0
GUARULHOS,CE,BANABUIU,RCEI,14,0
GUARULHOS,CE,BARBALHA,RCEI,14,0
GUARULHOS,CE,BARREIRA,RCEI,14,0
GUARULHOS,CE,BARRO,RCEI,14,0
GUARULHOS,CE,BARROQUINHA,RCEI,14,0
GUARULHOS,CE,BATURITE,RCEI,14,0
GUARULHOS,CE,BEBERIBE,RCEI,14,0
GUARULHOS,CE,BELA CRUZ,RCEI,14,0
GUARULHOS,CE,BOA VIAGEM,RCEI,14,0
GUARULHOS,CE,BREJO SANTO,RCEI,14,0
GUARULHOS,CE,CAMOCIM,RCEI,14,0
GUARULHOS,CE,CAMPOS SALES,RCEI,14,0
GUARULHOS,CE,CANINDE,RCEI,14,0
GUARULHOS,CE,CAPISTRANO,RCEI,14,0
GUARULHOS,CE,CARIDADE,RCEI,14,0
GUARULHOS,CE,CARIRE,RCEI,14,0
GUARULHOS,CE,CARIRIACU,RCEI,14,0
GUARULHOS,CE,CARIUS,RCEI,14,0
GUARULHOS,CE,CARNAUBAL,RCEI,14,0
GUARULHOS,CE,CASCAVEL,RCEI,14,0
GUARULHOS,CE,CATARINA,RCEI,14,0
GUARULHOS,CE,CATUNDA,RCEI,14,0
GUARULHOS,CE,CAUCAIA,RCEP,8,0
GUARULHOS,CE,CEDRO,RCEI,14,0
GUARULHOS,CE,CHAVAL,RCEI,14,0
GUARULHOS,CE,CHORO,RCEI,14,0
GUARULHOS,CE,CHOROZINHO,RCEP,8,0
GUARULHOS,CE,COREAU,RCEI,14,0
GUARULHOS,CE,CRATEUS,RCEI,14,0
GUARULHOS,CE,CRATO,RCEI,14,0
GUARULHOS,CE,CROATA,RCEI,14,0
GUARULHOS,CE,CRUZ,RCEI,14,0
GUARULHOS,CE,DEPUTADO IRAPUAN PINHEIRO,RCEI,14,0
GUARULHOS,CE,ERERE,RCEI,14,0
GUARULHOS,CE,EUSEBIO,RCEP,8,0
GUARULHOS,CE,FARIAS BRITO,RCEI,14,0
GUARULHOS,CE,FORQUILHA,RCEI,14,0
GUARULHOS,CE,FORTALEZA,RCEP,8,0
GUARULHOS,CE,FORTIM,RCEI,14,0
GUARULHOS,CE,FRECHEIRINHA,RCEI,14,0
GUARULHOS,CE,GENERAL SAMPAIO,RCEI,14,0
GUARULHOS,CE,GRACA,RCEI,14,0
GUARULHOS,CE,GRANJA,RCEI,14,0
GUARULHOS,CE,GRANJEIRO,RCEI,14,0
GUARULHOS,CE,GROAIRAS,RCEI,14,0
GUARULHOS,CE,GUAIUBA,RCEI,14,0
GUARULHOS,CE,GUARACIABA DO NORTE,RCEI,14,0
GUARULHOS,CE,GUARAMIRANGA,RCEI,14,0
GUARULHOS,CE,HIDROLANDIA,RCEI,14,0
GUARULHOS,CE,HORIZONTE,RCEP,8,0
GUARULHOS,CE,IBARETAMA,RCEI,14,0
GUARULHOS,CE,IBIAPINA,RCEI,14,0
GUARULHOS,CE,IBICUITINGA,RCEI,14,0
GUARULHOS,CE,ICAPUI,RCEI,14,0
GUARULHOS,CE,ICO,RCEI,14,0
GUARULHOS,CE,IGUATU,RCEI,14,0
GUARULHOS,CE,INDEPENDENCIA,RCEI,14,0
GUARULHOS,CE,IPAPORANGA,RCEI,14,0
GUARULHOS,CE,IPAUMIRIM,RCEI,14,0
GUARULHOS,CE,IPU,RCEI,14,0
GUARULHOS,CE,IPUEIRAS,RCEI,14,0
GUARULHOS,CE,IRACEMA,RCEI,14,0
GUARULHOS,CE,IRAUCUBA,RCEI,14,0
GUARULHOS,CE,ITAICABA,RCEI,14,0
GUARULHOS,CE,ITAITINGA,RCEP,8,0
GUARULHOS,CE,ITAPAJE,RCEI,14,0
GUARULHOS,CE,ITAPIPOCA,RCEI,14,0
GUARULHOS,CE,ITAPIUNA,RCEI,14,0
GUARULHOS,CE,ITAREMA,RCEI,14,0
GUARULHOS,CE,ITATIRA,RCEI,14,0
GUARULHOS,CE,JAGUARETAMA,RCEI,14,0
GUARULHOS,CE,JAGUARIBARA,RCEI,14,0
GUARULHOS,CE,JAGUARIBE,RCEI,14,0
GUARULHOS,CE,JAGUARUANA,RCEI,14,0
GUARULHOS,CE,JARDIM,RCEI,14,0
GUARULHOS,CE,JATI,RCEI,14,0
GUARULHOS,CE,JIJOCA DE JERICOACOARA,RCEI,14,0
GUARULHOS,CE,JUAZEIRO DO NORTE,RCEI,14,0
GUARULHOS,CE,JUCAS,RCEI,14,0
GUARULHOS,CE,LAVRAS DA MANGABEIRA,RCEI,14,0
GUARULHOS,CE,LIMOEIRO DO NORTE,RCEI,14,0
GUARULHOS,CE,MADALENA,RCEI,14,0
GUARULHOS,CE,MARACANAU,RCEP,8,0
GUARULHOS,CE,MARANGUAPE,RCEP,8,0
GUARULHOS,CE,MARCO,RCEI,14,0
GUARULHOS,CE,MARTINOPOLE,RCEI,14,0
GUARULHOS,CE,MASSAPE,RCEI,14,0
GUARULHOS,CE,MAURITI,RCEI,14,0
GUARULHOS,CE,MERUOCA,RCEI,14,0
GUARULHOS,CE,MILAGRES,RCEI,14,0
GUARULHOS,CE,MILHA,RCEI,14,0
GUARULHOS,CE,MIRAIMA,RCEI,14,0
GUARULHOS,CE,MISSAO VELHA,RCEI,14,0
GUARULHOS,CE,MOMBACA,RCEI,14,0
GUARULHOS,CE,MONSENHOR TABOSA,RCEI,14,0
GUARULHOS,CE,MORADA NOVA,RCEI,14,0
GUARULHOS,CE,MORAUJO,RCEI,14,0
GUARULHOS,CE,MORRINHOS,RCEI,14,0
GUARULHOS,CE,MUCAMBO,RCEI,14,0
GUARULHOS,CE,MULUNGU,RCEI,14,0
GUARULHOS,CE,NOVA OLINDA,RCEI,14,0
GUARULHOS,CE,NOVA RUSSAS,RCEI,14,0
GUARULHOS,CE,NOVO ORIENTE,RCEI,14,0
GUARULHOS,CE,OCARA,RCEP,8,0
GUARULHOS,CE,OROS,RCEI,14,0
GUARULHOS,CE,PACAJUS,RCEP,8,0
GUARULHOS,CE,PACATUBA,RCEP,8,0
GUARULHOS,CE,PACOTI,RCEI,14,0
GUARULHOS,CE,PACUJA,RCEI,14,0
GUARULHOS,CE,PALHANO,RCEI,14,0
GUARULHOS,CE,PALMACIA,RCEI,14,0
GUARULHOS,CE,PARACURU,RCEI,14,0
GUARULHOS,CE,PARAIPABA,RCEI,14,0
GUARULHOS,CE,PARAMBU,RCEI,14,0
GUARULHOS,CE,PARAMOTI,RCEI,14,0
GUARULHOS,CE,PEDRA BRANCA,RCEI,14,0
GUARULHOS,CE,PENAFORTE,RCEI,14,0
GUARULHOS,CE,PENTECOSTE,RCEI,14,0
GUARULHOS,CE,PEREIRO,RCEI,14,0
GUARULHOS,CE,PINDORETAMA,RCEP,8,0
GUARULHOS,CE,PIQUET CARNEIRO,RCEI,14,0
GUARULHOS,CE,PIRES FERREIRA,RCEI,14,0
GUARULHOS,CE,PORANGA,RCEI,14,0
GUARULHOS,CE,PORTEIRAS,RCEI,14,0
GUARULHOS,CE,POTENGI,RCEI,14,0
GUARULHOS,CE,POTIRETAMA,RCEI,14,0
GUARULHOS,CE,QUITERIANOPOLIS,RCEI,14,0
GUARULHOS,CE,QUIXADA,RCEI,14,0
GUARULHOS,CE,QUIXELO,RCEI,14,0
GUARULHOS,CE,QUIXERAMOBIM,RCEI,14,0
GUARULHOS,CE,QUIXERE,RCEI,14,0
GUARULHOS,CE,REDENCAO,RCEI,14,0
GUARULHOS,CE,RERIUTABA,RCEI,14,0
GUARULHOS,CE,RUSSAS,RCEI,14,0
GUARULHOS,CE,SABOEIRO,RCEI,14,0
GUARULHOS,CE,SALITRE,RCEI,14,0
GUARULHOS,CE,SANTA QUITERIA,RCEI,14,0
GUARULHOS,CE,SANTANA DO ACARAU,RCEI,14,0
GUARULHOS,CE,SANTANA DO CARIRI,RCEI,14,0
GUARULHOS,CE,SAO BENEDITO,RCEI,14,0
GUARULHOS,CE,SAO GONCALO DO AMARANTE,RCEI,14,0
GUARULHOS,CE,SAO JOAO DO JAGUARIBE,RCEI,14,0
GUARULHOS,CE,SAO LUIS DO CURU,RCEI,14,0
GUARULHOS,CE,SENADOR POMPEU,RCEI,14,0
GUARULHOS,CE,SENADOR SA,RCEI,14,0
GUARULHOS,CE,SOBRAL,RCEI,14,0
GUARULHOS,CE,SOLONOPOLE,RCEI,14,0
GUARULHOS,CE,TABULEIRO DO NORTE,RCEI,14,0
GUARULHOS,CE,TAMBORIL,RCEI,14,0
GUARULHOS,CE,TARRAFAS,RCEI,14,0
GUARULHOS,CE,TAUA,RCEI,14,0
GUARULHOS,CE,TEJUCUOCA,RCEI,14,0
GUARULHOS,CE,TIANGUA,RCEI,14,0
GUARULHOS,CE,TRAIRI,RCEI,14,0
GUARULHOS,CE,TURURU,RCEI,14,0
GUARULHOS,CE,UBAJARA,RCEI,14,0
GUARULHOS,CE,UMARI,RCEI,14,0
GUARULHOS,CE,UMIRIM,RCEI,14,0
GUARULHOS,CE,URUBURETAMA,RCEI,14,0
GUARULHOS,CE,URUOCA,RCEI,14,0
GUARULHOS,CE,VARJOTA,RCEI,14,0
GUARULHOS,CE,VARZEA ALEGRE,RCEI,14,0
GUARULHOS,CE,VICOSA DO CEARA,RCEI,14,0
GUARULHOS,DF,AGUAS CLARAS (BRASILIA),PANI,5,0
GUARULHOS,DF,BRASILIA,PANI,5,0
GUARULHOS,DF,BRAZLANDIA (BRASILIA),PANI,5,0
GUARULHOS,DF,CEILANDIA (BRASILIA),PANI,5,0
GUARULHOS,DF,CRUZEIRO (BRASILIA),PANI,5,0
GUARULHOS,DF,GAMA (BRASILIA),PANI,5,0
GUARULHOS,DF,GUARA (BRASILIA),PANI,5,0
GUARULHOS,DF,LAGO NORTE (BRASILIA),PANI,5,0
GUARULHOS,DF,LAGO SUL (BRASILIA),PANI,5,0
GUARULHOS,DF,NUCLEO BANDEIRANTE (BRASILIA),PANI,5,0
GUARULHOS,DF,PARANOA (BRASILIA),PANI,5,0
GUARULHOS,DF,PARK WAY (BRASILIA),PANI,5,0
GUARULHOS,DF,PLANALTINA (BRASILIA),PANI,5,0
GUARULHOS,DF,RECANTO DAS EMAS (BRASILIA),PANI,5,0
GUARULHOS,DF,RIACHO FUNDO (BRASILIA),PANI,5,0
GUARULHOS,DF,SAMAMBAIA (BRASILIA),PANI,5,0
GUARULHOS,DF,SANTA MARIA (BRASILIA),PANI,5,0
GUARULHOS,DF,SAO SEBASTIAO (BRASILIA),PANI,5,0
GUARULHOS,DF,SOBRADINHO (BRASILIA),PANI,5,0
GUARULHOS,DF,TAGUATINGA (BRASILIA),PANI,5,0
GUARULHOS,ES,AFONSO CLAUDIO,ATLI,11,0
GUARULHOS,ES,AGUA DOCE DO NORTE,ATLI,11,0
GUARULHOS,ES,AGUIA BRANCA,ATLI,11,0
GUARULHOS,ES,ALEGRE,ATLI,11,0
GUARULHOS,ES,ALFREDO CHAVES,RESI,7,0
GUARULHOS,ES,ALTO RIO NOVO,ATLI,11,0
GUARULHOS,ES,ANCHIETA,RESI,7,0
GUARULHOS,ES,APIACA,ATLI,11,0
GUARULHOS,ES,ARACRUZ,RESI,7,0
GUARULHOS,ES,ATILIO VIVACQUA,ATLI,11,0
GUARULHOS,ES,BAIXO GUANDU,ATLI,11,0
GUARULHOS,ES,BARRA DE SAO FRANCISCO,ATLI,11,0
GUARULHOS,ES,BOA ESPERANCA,ATLI,11,0
GUARULHOS,ES,BOM JESUS DO NORTE,ATLI,11,0
GUARULHOS,ES,BREJETUBA,ATLI,11,0
GUARULHOS,ES,CACHOEIRO DE ITAPEMIRIM,RESI,7,0
GUARULHOS,ES,CARIACICA,RESP,5,0
GUARULHOS,ES,CASTELO,ATLI,11,0
GUARULHOS,ES,COLATINA,RESI,7,0
GUARULHOS,ES,CONCEICAO DA BARRA,ATLI,11,0
GUARULHOS,ES,CONCEICAO DO CASTELO,ATLI,11,0
GUARULHOS,ES,DIVINO DE SAO LOURENCO,ATLI,11,0
GUARULHOS,ES,DOMINGOS MARTINS,RESI,7,0
GUARULHOS,ES,DORES DO RIO PRETO,ATLI,11,0
GUARULHOS,ES,ECOPORANGA,ATLI,11,0
GUARULHOS,ES,FUNDAO,RESI,7,0
GUARULHOS,ES,GOVERNADOR LINDENBERG,ATLI,11,0
GUARULHOS,ES,GUACUI,ATLI,11,0
GUARULHOS,ES,GUARAPARI,RESI,7,0
GUARULHOS,ES,IBATIBA,ATLI,11,0
GUARULHOS,ES,IBIRACU,RESI,7,0
GUARULHOS,ES,IBITIRAMA,ATLI,11,0
GUARULHOS,ES,ICONHA,RESI,7,0
GUARULHOS,ES,IRUPI,ATLI,11,0
GUARULHOS,ES,ITAGUACU,ATLI,11,0
GUARULHOS,ES,ITAPEMIRIM,RESI,7,0
GUARULHOS,ES,ITARANA,ATLI,11,0
GUARULHOS,ES,IUNA,ATLI,11,0
GUARULHOS,ES,JAGUARE,ATLI,11,0
GUARULHOS,ES,JERONIMO MONTEIRO,ATLI,11,0
GUARULHOS,ES,JOAO NEIVA,RESI,7,0
GUARULHOS,ES,LARANJA DA TERRA,ATLI,11,0
GUARULHOS,ES,LINHARES,RESI,7,0
GUARULHOS,ES,MANTENOPOLIS,ATLI,11,0
GUARULHOS,ES,MARATAIZES,RESI,7,0
GUARULHOS,ES,MARECHAL FLORIANO,RESI,7,0
GUARULHOS,ES,MARILANDIA,ATLI,11,0
GUARULHOS,ES,MIMOSO DO SUL,ATLI,11,0
GUARULHOS,ES,MONTANHA,ATLI,11,0
GUARULHOS,ES,MUCURICI,ATLI,11,0
GUARULHOS,ES,MUNIZ FREIRE,ATLI,11,0
GUARULHOS,ES,MUQUI,ATLI,11,0
GUARULHOS,ES,NOVA VENECIA,ATLI,11,0
GUARULHOS,ES,PANCAS,ATLI,11,0
GUARULHOS,ES,PEDRO CANARIO,ATLI,11,0
GUARULHOS,ES,PINHEIROS,ATLI,11,0
GUARULHOS,ES,PIUMA,RESI,7,0
GUARULHOS,ES,PONTO BELO,ATLI,11,0
GUARULHOS,ES,PRESIDENTE KENNEDY,ATLI,11,0
GUARULHOS,ES,RIO BANANAL,ATLI,11,0
GUARULHOS,ES,RIO NOVO DO SUL,ATLI,11,0
GUARULHOS,ES,SANTA LEOPOLDINA,ATLI,11,0
GUARULHOS,ES,SANTA MARIA DE JETIBA,ATLI,11,0
GUARULHOS,ES,SANTA TERESA,ATLI,11,0
GUARULHOS,ES,SAO DOMINGOS DO NORTE,RESI,7,0
GUARULHOS,ES,SAO GABRIEL DA PALHA,ATLI,11,0
GUARULHOS,ES,SAO JOSE DO CALCADO,ATLI,11,0
GUARULHOS,ES,SAO MATEUS,ATLI,11,0
GUARULHOS,ES,SAO ROQUE DO CANAA,ATLI,11,0
GUARULHOS,ES,SERRA,RESP,5,0
GUARULHOS,ES,SOORETAMA,ATLI,11,0
GUARULHOS,ES,VARGEM ALTA,ATLI,11,0
GUARULHOS,ES,VENDA NOVA DO IMIGRANTE,ATLI,11,0
GUARULHOS,ES,VIANA,RESP,5,0
GUARULHOS,ES,VILA PAVAO,ATLI,11,0
GUARULHOS,ES,VILA VALERIO,ATLI,11,0
GUARULHOS,ES,VILA VELHA,RESP,5,0
GUARULHOS,ES,VITORIA,RESP,5,0
GUARULHOS,GO,ABADIA DE GOIAS,RGOI,14,0
GUARULHOS,GO,ABADIANIA,RGOI,14,0
GUARULHOS,GO,ACREUNA,RGOI,14,0
GUARULHOS,GO,ADELANDIA,RGOI,14,0
GUARULHOS,GO,AGUA FRIA DE GOIAS,RGOI,14,0
GUARULHOS,GO,AGUA LIMPA,RGOI,14,0
GUARULHOS,GO,AGUAS LINDAS DE GOIAS,RGOI,14,0
GUARULHOS,GO,ALEXANIA,RGOI,14,0
GUARULHOS,GO,ALOANDIA,RGOI,14,0
GUARULHOS,GO,ALTO HORIZONTE,RGOI,14,0
GUARULHOS,GO,ALTO PARAISO DE GOIAS,RGOI,14,0
GUARULHOS,GO,ALVORADA DO NORTE,RGOI,14,0
GUARULHOS,GO,AMARALINA,RGOI,14,0
GUARULHOS,GO,AMERICANO DO BRASIL,RGOI,14,0
GUARULHOS,GO,AMORINOPOLIS,RGOI,14,0
GUARULHOS,GO,ANAPOLIS,RGOI,14,0
GUARULHOS,GO,ANHANGUERA,RGOI,14,0
GUARULHOS,GO,ANICUNS,RGOI,14,0
GUARULHOS,GO,APARECIDA DE GOIANIA,PANP,8,0
GUARULHOS,GO,APARECIDA DO RIO DOCE,RGOI,14,0
GUARULHOS,GO,APORE,RGOI,14,0
GUARULHOS,GO,ARACU,RGOI,14,0
GUARULHOS,GO,ARAGARCAS,RGOI,14,0
GUARULHOS,GO,ARAGOIANIA,RGOI,14,0
GUARULHOS,GO,ARAGUAPAZ,RGOI,14,0
GUARULHOS,GO,ARENOPOLIS,RGOI,14,0
GUARULHOS,GO,ARUANA,RGOI,14,0
GUARULHOS,GO,AURILANDIA,RGOI,14,0
GUARULHOS,GO,AVELINOPOLIS,RGOI,14,0
GUARULHOS,GO,BALIZA,RGOI,14,0
GUARULHOS,GO,BARRO ALTO,RGOI,14,0
GUARULHOS,GO,BELA VISTA DE GOIAS,RGOI,14,0
GUARULHOS,GO,BOM JARDIM DE GOIAS,RGOI,14,0
GUARULHOS,GO,BOM JESUS,RGOI,14,0
GUARULHOS,GO,BONFINOPOLIS,RGOI,14,0
GUARULHOS,GO,BONOPOLIS,RGOI,14,0
GUARULHOS,GO,BRAZABRANTES,RGOI,14,0
GUARULHOS,GO,BRITANIA,RGOI,14,0
GUARULHOS,GO,BURITI ALEGRE,RGOI,14,0
GUARULHOS,GO,BURITI DE GOIAS,RGOI,14,0
GUARULHOS,GO,BURITINOPOLIS,RGOI,14,0
GUARULHOS,GO,CABECEIRAS,RGOI,14,0
GUARULHOS,GO,CACHOEIRA ALTA,RGOI,14,0
GUARULHOS,GO,CACHOEIRA DE GOIAS,RGOI,14,200
GUARULHOS,GO,CACHOEIRA DOURADA,RGOI,14,0
GUARULHOS,GO,CACU,RGOI,14,0
GUARULHOS,GO,CAIAPONIA,RGOI,14,0
GUARULHOS,GO,CALDAS NOVAS,RGOI,14,0
GUARULHOS,GO,CALDAZINHA,RGOI,14,0
GUARULHOS,GO,CAMPESTRE DE GOIAS,RGOI,14,0
GUARULHOS,GO,CAMPINACU,RGOI,14,70
GUARULHOS,GO,CAMPINORTE,RGOI,14,0
GUARULHOS,GO,CAMPO ALEGRE DE GOIAS,RGOI,14,0
GUARULHOS,GO,CAMPO LIMPO DE GOIAS,RGOI,14,0
GUARULHOS,GO,CAMPOS BELOS,RGOI,14,0
GUARULHOS,GO,CAMPOS VERDES,RGOI,14,0
GUARULHOS,GO,CARMO DO RIO VERDE,RGOI,14,0
GUARULHOS,GO,CASTELANDIA,RGOI,14,0
GUARULHOS,GO,CATALAO,RGOI,14,0
GUARULHOS,GO,CATURAI,RGOI,14,0
GUARULHOS,GO,CAVALCANTE,RGOI,14,0
GUARULHOS,GO,CERES,RGOI,14,0
GUARULHOS,GO,CEZARINA,RGOI,14,0
GUARULHOS,GO,CHAPADAO DO CEU,RGOI,14,0
GUARULHOS,GO,CIDADE OCIDENTAL,RGOI,14,0
GUARULHOS,GO,COCALZINHO DE GOIAS,RGOI,14,0
GUARULHOS,GO,COLINAS DO SUL,RGOI,14,140
GUARULHOS,GO,CORREGO DO OURO,RGOI,14,0
GUARULHOS,GO,CORUMBA DE GOIAS,RGOI,14,70
GUARULHOS,GO,CORUMBAIBA,RGOI,14,0
GUARULHOS,GO,CRISTALINA,RGOI,14,0
GUARULHOS,GO,CRISTIANOPOLIS,RGOI,14,0
GUARULHOS,GO,CRIXAS,RGOI,14,0
GUARULHOS,GO,CROMINIA,RGOI,14,0
GUARULHOS,GO,CUMARI,RGOI,14,0
GUARULHOS,GO,DAMIANOPOLIS,RGOI,14,0
GUARULHOS,GO,DAMOLANDIA,RGOI,14,0
GUARULHOS,GO,DAVINOPOLIS,RGOI,14,0
GUARULHOS,GO,DIORAMA,RGOI,14,15
GUARULHOS,GO,DIVINOPOLIS DE GOIAS,RGOI,14,107
GUARULHOS,GO,DOVERLANDIA,RGOI,14,0
GUARULHOS,GO,EDEALINA,RGOI,14,0
GUARULHOS,GO,EDEIA,RGOI,14,0
GUARULHOS,GO,ESTRELA DO NORTE,RGOI,14,0
GUARULHOS,GO,FAINA,RGOI,14,0
GUARULHOS,GO,FAZENDA NOVA,RGOI,14,0
GUARULHOS,GO,FIRMINOPOLIS,RGOI,14,0
GUARULHOS,GO,FLORES DE GOIAS,RGOI,14,0
GUARULHOS,GO,FORMOSA,RGOI,14,0
GUARULHOS,GO,FORMOSO,RGOI,14,0
GUARULHOS,GO,GAMELEIRA DE GOIAS,RGOI,14,0
GUARULHOS,GO,GOIANAPOLIS,RGOI,14,0
GUARULHOS,GO,GOIANDIRA,RGOI,14,0
GUARULHOS,GO,GOIANESIA,RGOI,14,0
GUARULHOS,GO,GOIANIA,PANR,8,0
GUARULHOS,GO,GOIANIRA,RGOI,14,0
GUARULHOS,GO,GOIAS,RGOI,14,0
GUARULHOS,GO,GOIATUBA,RGOI,14,0
GUARULHOS,GO,GOUVELANDIA,RGOI,14,0
GUARULHOS,GO,GUAPO,RGOI,14,0
GUARULHOS,GO,GUARAITA,RGOI,14,0
GUARULHOS,GO,GUARANI DE GOIAS,RGOI,14,0
GUARULHOS,GO,GUARINOS,RGOI,14,200
GUARULHOS,GO,HEITORAI,RGOI,14,0
GUARULHOS,GO,HIDROLANDIA,RGOI,14,0
GUARULHOS,GO,HIDROLINA,RGOI,14,0
GUARULHOS,GO,IACIARA,RGOI,14,0
GUARULHOS,GO,INACIOLANDIA,RGOI,14,0
GUARULHOS,GO,INDIARA,RGOI,14,0
GUARULHOS,GO,INHUMAS,RGOI,14,0
GUARULHOS,GO,IPAMERI,RGOI,14,0
GUARULHOS,GO,IPIRANGA DE GOIAS,RGOI,14,0
GUARULHOS,GO,IPORA,RGOI,14,0
GUARULHOS,GO,ISRAELANDIA,RGOI,14,0
GUARULHOS,GO,ITABERAI,RGOI,14,0
GUARULHOS,GO,ITAGUARI,RGOI,14,0
GUARULHOS,GO,ITAGUARU,RGOI,14,0
GUARULHOS,GO,ITAJA,RGOI,14,0
GUARULHOS,GO,ITAPACI,RGOI,14,0
GUARULHOS,GO,ITAPIRAPUA,RGOI,14,0
GUARULHOS,GO,ITAPURANGA,RGOI,14,0
GUARULHOS,GO,ITARUMA,RGOI,14,0
GUARULHOS,GO,ITAUCU,RGOI,14,0
GUARULHOS,GO,ITUMBIARA,RGOI,14,0
GUARULHOS,GO,IVOLANDIA,RGOI,14,140
GUARULHOS,GO,JANDAIA,RGOI,14,0
GUARULHOS,GO,JARAGUA,RGOI,14,0
GUARULHOS,GO,JATAI,RGOI,14,0
GUARULHOS,GO,JAUPACI,RGOI,14,0
GUARULHOS,GO,JESUPOLIS,RGOI,14,0
GUARULHOS,GO,JOVIANIA,RGOI,14,0
GUARULHOS,GO,JUSSARA,RGOI,14,0
GUARULHOS,GO,LAGOA SANTA,RGOI,14,0
GUARULHOS,GO,LEOPOLDO DE BULHOES,RGOI,14,0
GUARULHOS,GO,LUZIANIA,RGOI,14,0
GUARULHOS,GO,MAIRIPOTABA,RGOI,14,0
GUARULHOS,GO,MAMBAI,RGOI,14,0
GUARULHOS,GO,MARA ROSA,RGOI,14,0
GUARULHOS,GO,MARZAGAO,RGOI,14,107
GUARULHOS,GO,MATRINCHA,RGOI,14,0
GUARULHOS,GO,MAURILANDIA,RGOI,14,0
GUARULHOS,GO,MIMOSO DE GOIAS,RGOI,14,0
GUARULHOS,GO,MINACU,RGOI,14,0
GUARULHOS,GO,MINEIROS,RGOI,14,0
GUARULHOS,GO,MOIPORA,RGOI,14,0
GUARULHOS,GO,MONTE ALEGRE DE GOIAS,RGOI,14,0
GUARULHOS,GO,MONTES CLAROS DE GOIAS,RGOI,14,0
GUARULHOS,GO,MONTIVIDIU,RGOI,14,0
GUARULHOS,GO,MONTIVIDIU DO NORTE,RGOI,14,0
GUARULHOS,GO,MORRINHOS,RGOI,14,0
GUARULHOS,GO,MORRO AGUDO DE GOIAS,RGOI,14,0
GUARULHOS,GO,MOSSAMEDES,RGOI,14,0
GUARULHOS,GO,MOZARLANDIA,RGOI,14,0
GUARULHOS,GO,MUNDO NOVO,RGOI,14,0
GUARULHOS,GO,MUTUNOPOLIS,RGOI,14,0
GUARULHOS,GO,NAZARIO,RGOI,14,0
GUARULHOS,GO,NEROPOLIS,RGOI,14,0
GUARULHOS,GO,NIQUELANDIA,RGOI,14,0
GUARULHOS,GO,NOVA AMERICA,RGOI,14,0
GUARULHOS,GO,NOVA AURORA,RGOI,14,0
GUARULHOS,GO,NOVA CRIXAS,RGOI,14,0
GUARULHOS,GO,NOVA GLORIA,RGOI,14,0
GUARULHOS,GO,NOVA IGUACU DE GOIAS,RGOI,14,107
GUARULHOS,GO,NOVA ROMA,RGOI,14,107
GUARULHOS,GO,NOVA VENEZA,RGOI,14,0
GUARULHOS,GO,NOVO BRASIL,RGOI,14,0
GUARULHOS,GO,NOVO GAMA,RGOI,14,0
GUARULHOS,GO,NOVO PLANALTO,RGOI,14,0
GUARULHOS,GO,ORIZONA,RGOI,14,0
GUARULHOS,GO,OURO VERDE DE GOIAS,RGOI,14,0
GUARULHOS,GO,OUVIDOR,RGOI,14,0
GUARULHOS,GO,PADRE BERNARDO,RGOI,14,0
GUARULHOS,GO,PALESTINA DE GOIAS,RGOI,14,0
GUARULHOS,GO,PALMEIRAS DE GOIAS,RGOI,14,0
GUARULHOS,GO,PALMELO,RGOI,14,0
GUARULHOS,GO,PALMINOPOLIS,RGOI,14,0
GUARULHOS,GO,PANAMA,RGOI,14,0
GUARULHOS,GO,PARANAIGUARA,RGOI,14,0
GUARULHOS,GO,PARAUNA,RGOI,14,0
GUARULHOS,GO,PEROLANDIA,RGOI,14,0
GUARULHOS,GO,PETROLINA DE GOIAS,RGOI,14,0
GUARULHOS,GO,PILAR DE GOIAS,RGOI,14,0
GUARULHOS,GO,PIRACANJUBA,RGOI,14,0
GUARULHOS,GO,PIRANHAS,RGOI,14,0
GUARULHOS,GO,PIRENOPOLIS,RGOI,14,0
GUARULHOS,GO,PIRES DO RIO,RGOI,14,0
GUARULHOS,GO,PLANALTINA,RGOI,14,0
GUARULHOS,GO,PONTALINA,RGOI,14,0
GUARULHOS,GO,PORANGATU,RGOI,14,0
GUARULHOS,GO,PORTEIRAO,RGOI,14,0
GUARULHOS,GO,PORTELANDIA,RGOI,14,0
GUARULHOS,GO,POSSE,RGOI,14,0
GUARULHOS,GO,PROFESSOR JAMIL,RGOI,14,0
GUARULHOS,GO,QUIRINOPOLIS,RGOI,14,0
GUARULHOS,GO,RIALMA,RGOI,14,0
GUARULHOS,GO,RIANAPOLIS,RGOI,14,0
GUARULHOS,GO,RIO QUENTE,RGOI,14,0
GUARULHOS,GO,RIO VERDE,RGOI,14,0
GUARULHOS,GO,RUBIATABA,RGOI,14,0
GUARULHOS,GO,SANCLERLANDIA,RGOI,14,0
GUARULHOS,GO,SANTA BARBARA DE GOIAS,RGOI,14,0
GUARULHOS,GO,SANTA CRUZ DE GOIAS,RGOI,14,0
GUARULHOS,GO,SANTA FE DE GOIAS,RGOI,14,0
GUARULHOS,GO,SANTA HELENA DE GOIAS,RGOI,14,0
GUARULHOS,GO,SANTA ISABEL,RGOI,14,0
GUARULHOS,GO,SANTA RITA DO ARAGUAIA,RGOI,14,0
GUARULHOS,GO,SANTA RITA DO NOVO DESTINO,RGOI,14,0
GUARULHOS,GO,SANTA ROSA DE GOIAS,RGOI,14,0
GUARULHOS,GO,SANTA TEREZA DE GOIAS,RGOI,14,107
GUARULHOS,GO,SANTA TEREZINHA DE GOIAS,RGOI,14,70
GUARULHOS,GO,SANTO ANTONIO DA BARRA,RGOI,14,0
GUARULHOS,GO,SANTO ANTONIO DE GOIAS,RGOI,14,0
GUARULHOS,GO,SANTO ANTONIO DO DESCOBERTO,RGOI,14,0
GUARULHOS,GO,SAO DOMINGOS,RGOI,14,0
GUARULHOS,GO,SAO FRANCISCO DE GOIAS,RGOI,14,0
GUARULHOS,GO,SAO JOAO D ALIANCA,RGOI,14,0
GUARULHOS,GO,SAO JOAO DA PARAUNA,RGOI,14,0
GUARULHOS,GO,SAO LUIS DE MONTES BELOS,RGOI,14,0
GUARULHOS,GO,SAO LUIZ DO NORTE,RGOI,14,0
GUARULHOS,GO,SAO MIGUEL DO ARAGUAIA,RGOI,14,0
GUARULHOS,GO,SAO MIGUEL DO PASSA QUATRO,RGOI,14,0
GUARULHOS,GO,SAO PATRICIO,RGOI,14,0
GUARULHOS,GO,SAO SIMAO,RGOI,14,0
GUARULHOS,GO,SENADOR CANEDO,RGOI,14,0
GUARULHOS,GO,SERRANOPOLIS,RGOI,14,0
GUARULHOS,GO,SILVANIA,RGOI,14,0
GUARULHOS,GO,SIMOLANDIA,RGOI,14,0
GUARULHOS,GO,SITIO D ABADIA,RGOI,14,0
GUARULHOS,GO,TAQUARAL DE GOIAS,RGOI,14,0
GUARULHOS,GO,TERESINA DE GOIAS,RGOI,14,0
GUARULHOS,GO,TEREZOPOLIS DE GOIAS,RGOI,14,0
GUARULHOS,GO,TRES RANCHOS,RGOI,14,0
GUARULHOS,GO,TRINDADE,PANR,8,0
GUARULHOS,GO,TROMBAS,RGOI,14,0
GUARULHOS,GO,TURVANIA,RGOI,14,0
GUARULHOS,GO,TURVELANDIA,RGOI,14,0
GUARULHOS,GO,UIRAPURU,RGOI,14,0
GUARULHOS,GO,URUACU,RGOI,14,0
GUARULHOS,GO,URUANA,RGOI,14,0
GUARULHOS,GO,URUTAI,RGOI,14,0
GUARULHOS,GO,VALPARAISO DE GOIAS,RGOI,14,0
GUARULHOS,GO,VARJAO,RGOI,14,70
GUARULHOS,GO,VIANOPOLIS,RGOI,14,0
GUARULHOS,GO,VICENTINOPOLIS,RGOI,14,0
GUARULHOS,GO,VILA BOA,RGOI,14,107
GUARULHOS,GO,VILA PROPICIO,RGOI,14,0
GUARULHOS,MA,ACAILANDIA,RMAI,14,0
GUARULHOS,MA,ALCANTARA,RMAI,14,0
GUARULHOS,MA,APICUM-ACU,RMAI,11,0
GUARULHOS,MA,ARARI,RMAI,14,0
GUARULHOS,MA,BACABAL,RMAI,14,0
GUARULHOS,MA,BALSAS,RMAI,14,0
GUARULHOS,MA,BARRA DO CORDA,RMAI,14,0
GUARULHOS,MA,BARREIRINHAS,RMAI,14,0
GUARULHOS,MA,BEQUIMAO,RMAI,14,0
GUARULHOS,MA,BOM JARDIM,RMAI,14,0
GUARULHOS,MA,BOM JESUS DAS SELVAS,RMAI,14,0
GUARULHOS,MA,BREJO,RMAI,14,0
GUARULHOS,MA,BURITI,RMAI,14,450
GUARULHOS,MA,BURITI BRAVO,RMAI,14,0
GUARULHOS,MA,BURITICUPU,RMAI,11,0
GUARULHOS,MA,CAJAPIO,RMAI,14,0
GUARULHOS,MA,CANTANHEDE,RMAI,14,0
GUARULHOS,MA,CARUTAPERA,RMAI,14,0
GUARULHOS,MA,CAXIAS,RMAI,14,0
GUARULHOS,MA,CENTRO NOVO DO MARANHAO,RMAI,18,0
GUARULHOS,MA,CHAPADINHA,RMAI,14,0
GUARULHOS,MA,CODO,RMAI,14,0
GUARULHOS,MA,COELHO NETO,RMAI,14,0
GUARULHOS,MA,COLINAS,RMAI,14,0
GUARULHOS,MA,COROATA,RMAI,14,0
GUARULHOS,MA,ESTREITO,RMAI,14,0
GUARULHOS,MA,FORTUNA,RMAI,14,0
GUARULHOS,MA,GOVERNADOR EDISON LOBAO,RMAI,14,0
GUARULHOS,MA,GRAJAU,RMAI,14,0
GUARULHOS,MA,IMPERATRIZ,RMAI,11,0
GUARULHOS,MA,ITAPECURU MIRIM,RMAI,14,0
GUARULHOS,MA,ITINGA DO MARANHAO,RMAI,14,0
GUARULHOS,MA,MARACACUME,RMAI,14,0
GUARULHOS,MA,MATINHA,RMAI,14,0
GUARULHOS,MA,MATOES,RMAI,14,0
GUARULHOS,MA,MIRANDA DO NORTE,RMAI,14,0
GUARULHOS,MA,MORROS,RMAI,14,0
GUARULHOS,MA,NINA RODRIGUES,RMAI,1,0
GUARULHOS,MA,PACO DO LUMIAR,RMAI,14,0
GUARULHOS,MA,PALMEIRANDIA,RMAI,14,0
GUARULHOS,MA,PARAIBANO,RMAI,14,0
GUARULHOS,MA,PEDREIRAS,RMAI,14,0
GUARULHOS,MA,PERI MIRIM,RMAI,16,0
GUARULHOS,MA,PINHEIRO,RMAI,16,0
GUARULHOS,MA,PIO XII,RMAI,14,0
GUARULHOS,MA,PORTO FRANCO,RMAI,14,0
GUARULHOS,MA,PRESIDENTE DUTRA,RMAI,14,0
GUARULHOS,MA,PRESIDENTE MEDICI,RMAI,14,0
GUARULHOS,MA,PRESIDENTE VARGAS,RMAI,14,0
GUARULHOS,MA,RAPOSA,RMAI,14,0
GUARULHOS,MA,ROSARIO,RMAI,14,0
GUARULHOS,MA,SANTA INES,RMAI,14,0
GUARULHOS,MA,SANTA QUITERIA DO MARANHAO,RMAI,14,0
GUARULHOS,MA,SAO BENEDITO DO RIO PRETO,RMAI,14,0
GUARULHOS,MA,SAO BENTO,RMAI,14,0
GUARULHOS,MA,SAO BERNARDO,RMAI,14,0
GUARULHOS,MA,SAO DOMINGOS DO MARANHAO,RMAI,14,0
GUARULHOS,MA,SAO JOAO DOS PATOS,RMAI,14,0
GUARULHOS,MA,SAO JOSE DE RIBAMAR,RMAI,14,0
GUARULHOS,MA,SAO LUIS,RMAP,14,0
GUARULHOS,MA,SAO RAIMUNDO DAS MANGABEIRAS,RMAI,14,0
GUARULHOS,MA,SAO ROBERTO,RMAI,14,0
GUARULHOS,MA,SAO VICENTE FERRER,RMAI,14,0
GUARULHOS,MA,TIMON,RMAI,14,0
GUARULHOS,MA,TRIZIDELA DO VALE,RMAI,14,0
GUARULHOS,MA,TUNTUM,RMAI,14,0
GUARULHOS,MA,TURIACU,RMAI,19,0
GUARULHOS,MA,TUTOIA,RMAI,14,0
GUARULHOS,MA,URBANO SANTOS,RMAI,14,0
GUARULHOS,MA,VARGEM GRANDE,RMAI,14,0
GUARULHOS,MA,VIANA,RMAI,14,0
GUARULHOS,MA,ZE DOCA,RMAI,14,0
GUARULHOS,MG,ABADIA DOS DOURADOS,GRFI,9,0
GUARULHOS,MG,ABAETE,GRFI,10,0
GUARULHOS,MG,ABRE CAMPO,GRFI,13,0
GUARULHOS,MG,ACAIACA,GRFI,13,0
GUARULHOS,MG,ACUCENA,GRFI,13,78
GUARULHOS,MG,AGUA BOA,GRFI,13,0
GUARULHOS,MG,AGUA COMPRIDA,GRFI,12,455
GUARULHOS,MG,AGUANIL,GRFI,13,0
GUARULHOS,MG,AGUAS FORMOSAS,GRFI,13,104
GUARULHOS,MG,AGUAS VERMELHAS,GRFI,12,325
GUARULHOS,MG,AIMORES,GRFI,13,0
GUARULHOS,MG,AIURUOCA,GRFI,9,195
GUARULHOS,MG,ALAGOA,GRFI,9,286
GUARULHOS,MG,ALBERTINA,GRFI,10,0
GUARULHOS,MG,ALEM PARAIBA,GRFI,8,0
GUARULHOS,MG,ALFENAS,GRFI,9,0
GUARULHOS,MG,ALFREDO VASCONCELOS,GRFI,9,0
GUARULHOS,MG,ALMENARA,GRFI,13,0
GUARULHOS,MG,ALPERCATA,GRFI,13,0
GUARULHOS,MG,ALPINOPOLIS,GRFI,11,0
GUARULHOS,MG,ALTEROSA,GRFI,10,0
GUARULHOS,MG,ALTO CAPARAO,GRFI,13,0
GUARULHOS,MG,ALTO JEQUITIBA,GRFI,13,0
GUARULHOS,MG,ALTO RIO DOCE,GRFI,9,0
GUARULHOS,MG,ALVARENGA,GRFI,13,260
GUARULHOS,MG,ALVINOPOLIS,GRFI,13,0
GUARULHOS,MG,ALVORADA DE MINAS,GRFI,13,195
GUARULHOS,MG,AMPARO DA SERRA,GRFI,9,260
GUARULHOS,MG,ANDRADAS,GRFI,9,195
GUARULHOS,MG,ANDRELANDIA,GRFI,13,286
GUARULHOS,MG,ANGELANDIA,GRFI,13,0
GUARULHOS,MG,ANTONIO CARLOS,GRFI,9,0
GUARULHOS,MG,ANTONIO DIAS,GRFI,13,0
GUARULHOS,MG,ANTONIO PRADO DE MINAS,GRFI,9,195
GUARULHOS,MG,ARACAI,GRFI,9,130
GUARULHOS,MG,ARACITABA,GRFI,9,0
GUARULHOS,MG,ARACUAI,GRFI,13,0
GUARULHOS,MG,ARAGUARI,GRFI,5,0
GUARULHOS,MG,ARANTINA,GRFI,9,195
GUARULHOS,MG,ARAPONGA,GRFI,9,390
GUARULHOS,MG,ARAPORA,GRFI,9,0
GUARULHOS,MG,ARAPUA,GRFI,9,0
GUARULHOS,MG,ARAUJOS,GRFI,9,0
GUARULHOS,MG,ARAXA,GRFI,9,0
GUARULHOS,MG,ARCEBURGO,GRFI,8,195
GUARULHOS,MG,ARCOS,GRFI,9,0
GUARULHOS,MG,AREADO,GRFI,10,0
GUARULHOS,MG,ARGIRITA,GRFI,9,0
GUARULHOS,MG,ARICANDUVA,GRFI,14,0
GUARULHOS,MG,ARINOS,GRFI,13,156
GUARULHOS,MG,ASTOLFO DUTRA,GRFI,9,0
GUARULHOS,MG,ATALEIA,GRFI,13,0
GUARULHOS,MG,AUGUSTO DE LIMA,GRFI,14,325
GUARULHOS,MG,BAEPENDI,GRFI,9,0
GUARULHOS,MG,BALDIM,GRFI,10,65
GUARULHOS,MG,BAMBUI,GRFI,10,0
GUARULHOS,MG,BANDEIRA,GRFI,13,0
GUARULHOS,MG,BANDEIRA DO SUL,GRFI,9,0
GUARULHOS,MG,BARAO DE COCAIS,GRFI,9,0
GUARULHOS,MG,BARAO DE MONTE ALTO,GRFI,9,0
GUARULHOS,MG,BARBACENA,GRFI,13,0
GUARULHOS,MG,BARRA LONGA,GRFI,13,0
GUARULHOS,MG,BARROSO,GRFI,9,0
GUARULHOS,MG,BELA VISTA DE MINAS,GRFI,12,0
GUARULHOS,MG,BELMIRO BRAGA,GRFI,9,195
GUARULHOS,MG,BELO HORIZONTE,RBHP,5,0
GUARULHOS,MG,BELO ORIENTE,GRFI,13,0
GUARULHOS,MG,BELO VALE,GRFI,12,156
GUARULHOS,MG,BERILO,GRFI,13,104
GUARULHOS,MG,BERIZAL,GRFI,17,390
GUARULHOS,MG,BERTOPOLIS,GRFI,13,0
GUARULHOS,MG,BETIM,RBHP,5,0
GUARULHOS,MG,BIAS FORTES,GRFI,9,0
GUARULHOS,MG,BICAS,GRFI,9,0
GUARULHOS,MG,BIQUINHAS,GRFI,10,416
GUARULHOS,MG,BOA ESPERANCA,GRFI,9,0
GUARULHOS,MG,BOCAINA DE MINAS,GRFI,13,195
GUARULHOS,MG,BOCAIUVA,GRFI,11,0
GUARULHOS,MG,BOM DESPACHO,GRFI,9,195
GUARULHOS,MG,BOM JARDIM DE MINAS,GRFI,13,260
GUARULHOS,MG,BOM JESUS DA PENHA,GRFI,10,195
GUARULHOS,MG,BOM JESUS DO AMPARO,GRFI,12,0
GUARULHOS,MG,BOM JESUS DO GALHO,GRFI,13,0
GUARULHOS,MG,BOM REPOUSO,GRFI,9,0
GUARULHOS,MG,BOM SUCESSO,GRFI,11,104
GUARULHOS,MG,BONFIM,GRFI,10,390
GUARULHOS,MG,BONFINOPOLIS DE MINAS,GRFI,13,0
GUARULHOS,MG,BONITO DE MINAS,GRFI,14,130
GUARULHOS,MG,BORDA DA MATA,GRFI,8,0
GUARULHOS,MG,BOTELHOS,GRFI,10,0
GUARULHOS,MG,BOTUMIRIM,GRFI,14,130
GUARULHOS,MG,BRAS PIRES,GRFI,9,390
GUARULHOS,MG,BRASILANDIA DE MINAS,GRFI,14,0
GUARULHOS,MG,BRASILIA DE MINAS,GRFI,11,0
GUARULHOS,MG,BRAUNAS,GRFI,13,78
GUARULHOS,MG,BRAZOPOLIS,GRFI,9,0
GUARULHOS,MG,BRUMADINHO,GRFI,9,0
GUARULHOS,MG,BUENO BRANDAO,GRFI,9,0
GUARULHOS,MG,BUENOPOLIS,GRFI,14,0
GUARULHOS,MG,BUGRE,GRFI,13,0
GUARULHOS,MG,BURITIS,GRFI,14,156
GUARULHOS,MG,BURITIZEIRO,GRFI,14,0
GUARULHOS,MG,CABECEIRA GRANDE,GRFI,13,156
GUARULHOS,MG,CABO VERDE,GRFI,8,0
GUARULHOS,MG,CACHOEIRA DA PRATA,GRFI,13,130
GUARULHOS,MG,CACHOEIRA DE MINAS,GRFI,9,0
GUARULHOS,MG,CACHOEIRA DE PAJEU,GRFI,13,0
GUARULHOS,MG,CACHOEIRA DOURADA,GRFI,13,156
GUARULHOS,MG,CAETANOPOLIS,GRFI,9,130
GUARULHOS,MG,CAETE,GRFI,5,0
GUARULHOS,MG,CAIANA,GRFI,13,195
GUARULHOS,MG,CAJURI,GRFI,9,195
GUARULHOS,MG,CALDAS,GRFI,9,195
GUARULHOS,MG,CAMACHO,GRFI,10,390
GUARULHOS,MG,CAMANDUCAIA,GRFI,9,195
GUARULHOS,MG,CAMBUI,GRFI,9,195
GUARULHOS,MG,CAMBUQUIRA,GRFI,9,0
GUARULHOS,MG,CAMPANARIO,GRFI,13,0
GUARULHOS,MG,CAMPANHA,GRFI,9,0
GUARULHOS,MG,CAMPESTRE,GRFI,9,0
GUARULHOS,MG,CAMPINA VERDE,GRFI,9,0
GUARULHOS,MG,CAMPO AZUL,GRFI,14,390
GUARULHOS,MG,CAMPO BELO,GRFI,9,195
GUARULHOS,MG,CAMPO DO MEIO,GRFI,9,195
GUARULHOS,MG,CAMPO FLORIDO,GRFI,12,195
GUARULHOS,MG,CAMPOS ALTOS,GRFI,9,0
GUARULHOS,MG,CAMPOS GERAIS,GRFI,9,0
GUARULHOS,MG,CANA VERDE,GRFI,8,104
GUARULHOS,MG,CANAA,GRFI,9,390
GUARULHOS,MG,CANAPOLIS,GRFI,9,0
GUARULHOS,MG,CANDEIAS,GRFI,11,104
GUARULHOS,MG,CANTAGALO,GRFI,13,0
GUARULHOS,MG,CAPARAO,GRFI,13,0
GUARULHOS,MG,CAPELA NOVA,GRFI,9,0
GUARULHOS,MG,CAPELINHA,GRFI,14,0
GUARULHOS,MG,CAPETINGA,GRFI,10,0
GUARULHOS,MG,CAPIM BRANCO,GRFI,13,65
GUARULHOS,MG,CAPINOPOLIS,GRFI,9,0
GUARULHOS,MG,CAPITAO ANDRADE,GRFI,13,130
GUARULHOS,MG,CAPITAO ENEAS,GRFI,11,0
GUARULHOS,MG,CAPITOLIO,GRFI,13,234
GUARULHOS,MG,CAPUTIRA,GRFI,13,0
GUARULHOS,MG,CARAI,GRFI,13,0
GUARULHOS,MG,CARANAIBA,GRFI,13,286
GUARULHOS,MG,CARANDAI,GRFI,9,0
GUARULHOS,MG,CARANGOLA,GRFI,9,0
GUARULHOS,MG,CARATINGA,GRFI,13,0
GUARULHOS,MG,CARBONITA,GRFI,14,0
GUARULHOS,MG,CAREACU,GRFI,8,0
GUARULHOS,MG,CARLOS CHAGAS,GRFI,13,0
GUARULHOS,MG,CARMESIA,GRFI,12,0
GUARULHOS,MG,CARMO DA CACHOEIRA,GRFI,9,0
GUARULHOS,MG,CARMO DA MATA,GRFI,10,0
GUARULHOS,MG,CARMO DE MINAS,GRFI,9,0
GUARULHOS,MG,CARMO DO CAJURU,GRFI,9,0
GUARULHOS,MG,CARMO DO PARANAIBA,GRFI,9,0
GUARULHOS,MG,CARMO DO RIO CLARO,GRFI,10,0
GUARULHOS,MG,CARMOPOLIS DE MINAS,GRFI,10,130
GUARULHOS,MG,CARNEIRINHO,GRFI,14,104
GUARULHOS,MG,CARRANCAS,GRFI,8,195
GUARULHOS,MG,CARVALHOPOLIS,GRFI,10,0
GUARULHOS,MG,CARVALHOS,GRFI,9,195
GUARULHOS,MG,CASA GRANDE,GRFI,13,260
GUARULHOS,MG,CASCALHO RICO,GRFI,11,104
GUARULHOS,MG,CASSIA,GRFI,8,0
GUARULHOS,MG,CATAGUASES,GRFI,9,0
GUARULHOS,MG,CATAS ALTAS,GRFI,13,0
GUARULHOS,MG,CATAS ALTAS DA NORUEGA,GRFI,13,325
GUARULHOS,MG,CATUJI,GRFI,13,0
GUARULHOS,MG,CATUTI,GRFI,10,0
GUARULHOS,MG,CAXAMBU,GRFI,9,0
GUARULHOS,MG,CEDRO DO ABAETE,GRFI,13,390
GUARULHOS,MG,CENTRAL DE MINAS,GRFI,10,0
GUARULHOS,MG,CENTRALINA,GRFI,10,0
GUARULHOS,MG,CHACARA,GRFI,9,0
GUARULHOS,MG,CHALE,GRFI,13,0
GUARULHOS,MG,CHAPADA DO NORTE,GRFI,14,0
GUARULHOS,MG,CHAPADA GAUCHA,GRFI,13,585
GUARULHOS,MG,CHIADOR,GRFI,9,390
GUARULHOS,MG,CIPOTANEA,GRFI,9,0
GUARULHOS,MG,CLARAVAL,GRFI,8,455
GUARULHOS,MG,CLARO DOS POCOES,GRFI,13,0
GUARULHOS,MG,CLAUDIO,GRFI,10,0
GUARULHOS,MG,COIMBRA,GRFI,9,195
GUARULHOS,MG,COLUNA,GRFI,13,0
GUARULHOS,MG,COMENDADOR GOMES,GRFI,9,104
GUARULHOS,MG,COMERCINHO,GRFI,13,0
GUARULHOS,MG,CONCEICAO DA APARECIDA,GRFI,8,0
GUARULHOS,MG,CONCEICAO DA BARRA DE MINAS,GRFI,13,390
GUARULHOS,MG,CONCEICAO DAS ALAGOAS,GRFI,9,195
GUARULHOS,MG,CONCEICAO DAS PEDRAS,GRFI,10,195
GUARULHOS,MG,CONCEICAO DE IPANEMA,GRFI,13,195
GUARULHOS,MG,CONCEICAO DO MATO DENTRO,GRFI,12,195
GUARULHOS,MG,CONCEICAO DO PARA,GRFI,9,195
GUARULHOS,MG,CONCEICAO DO RIO VERDE,GRFI,10,0
GUARULHOS,MG,CONCEICAO DOS OUROS,GRFI,7,0
GUARULHOS,MG,CONEGO MARINHO,GRFI,14,0
GUARULHOS,MG,CONFINS,GRFI,5,0
GUARULHOS,MG,CONGONHAL,GRFI,8,0
GUARULHOS,MG,CONGONHAS,GRFI,5,0
GUARULHOS,MG,CONGONHAS DO NORTE,GRFI,13,130
GUARULHOS,MG,CONQUISTA,GRFI,9,0
GUARULHOS,MG,CONSELHEIRO LAFAIETE,GRFI,9,0
GUARULHOS,MG,CONSELHEIRO PENA,GRFI,13,0
GUARULHOS,MG,CONSOLACAO,GRFI,9,195
GUARULHOS,MG,CONTAGEM,RBHP,5,0
GUARULHOS,MG,COQUEIRAL,GRFI,11,0
GUARULHOS,MG,CORACAO DE JESUS,GRFI,14,0
GUARULHOS,MG,CORDISBURGO,GRFI,9,156
GUARULHOS,MG,CORDISLANDIA,GRFI,10,195
GUARULHOS,MG,CORINTO,GRFI,14,0
GUARULHOS,MG,COROACI,GRFI,13,0
GUARULHOS,MG,COROMANDEL,GRFI,9,0
GUARULHOS,MG,CORONEL FABRICIANO,GRFI,10,0
GUARULHOS,MG,CORONEL MURTA,GRFI,14,0
GUARULHOS,MG,CORONEL PACHECO,GRFI,9,0
GUARULHOS,MG,CORONEL XAVIER CHAVES,GRFI,13,390
GUARULHOS,MG,CORREGO DANTA,GRFI,9,0
GUARULHOS,MG,CORREGO DO BOM JESUS,GRFI,10,195
GUARULHOS,MG,CORREGO FUNDO,GRFI,10,0
GUARULHOS,MG,CORREGO NOVO,GRFI,13,0
GUARULHOS,MG,COUTO DE MAGALHAES DE MINAS,GRFI,14,195
GUARULHOS,MG,CRISOLITA,GRFI,13,195
GUARULHOS,MG,CRISTAIS,GRFI,13,195
GUARULHOS,MG,CRISTALIA,GRFI,14,130
GUARULHOS,MG,CRISTIANO OTONI,GRFI,12,260
GUARULHOS,MG,CRISTINA,GRFI,7,0
GUARULHOS,MG,CRUCILANDIA,GRFI,11,390
GUARULHOS,MG,CRUZEIRO DA FORTALEZA,GRFI,9,0
GUARULHOS,MG,CRUZILIA,GRFI,10,0
GUARULHOS,MG,CUPARAQUE,GRFI,13,0
GUARULHOS,MG,CURRAL DE DENTRO,GRFI,13,156
GUARULHOS,MG,CURVELO,GRFI,14,0
GUARULHOS,MG,DATAS,GRFI,14,0
GUARULHOS,MG,DELFIM MOREIRA,GRFI,7,195
GUARULHOS,MG,DELFINOPOLIS,GRFI,8,390
GUARULHOS,MG,DELTA,GRFI,10,0
GUARULHOS,MG,DESCOBERTO,GRFI,9,195
GUARULHOS,MG,DESTERRO DE ENTRE RIOS,GRFI,9,455
GUARULHOS,MG,DESTERRO DO MELO,GRFI,9,0
GUARULHOS,MG,DIAMANTINA,GRFI,14,0
GUARULHOS,MG,DIOGO DE VASCONCELOS,GRFI,13,195
GUARULHOS,MG,DIONISIO,GRFI,12,195
GUARULHOS,MG,DIVINESIA,GRFI,9,0
GUARULHOS,MG,DIVINO,GRFI,9,0
GUARULHOS,MG,DIVINO DAS LARANJEIRAS,GRFI,9,0
GUARULHOS,MG,DIVINOLANDIA DE MINAS,GRFI,13,0
GUARULHOS,MG,DIVINOPOLIS,GRFI,9,0
GUARULHOS,MG,DIVISA ALEGRE,GRFI,13,325
GUARULHOS,MG,DIVISA NOVA,GRFI,7,0
GUARULHOS,MG,DIVISOPOLIS,GRFI,13,0
GUARULHOS,MG,DOM BOSCO,GRFI,13,156
GUARULHOS,MG,DOM CAVATI,GRFI,13,0
GUARULHOS,MG,DOM JOAQUIM,GRFI,12,195
GUARULHOS,MG,DOM SILVERIO,GRFI,13,286
GUARULHOS,MG,DOM VICOSO,GRFI,7,195
GUARULHOS,MG,DONA EUZEBIA,GRFI,9,0
GUARULHOS,MG,DORES DE CAMPOS,GRFI,9,0
GUARULHOS,MG,DORES DE GUANHAES,GRFI,12,0
GUARULHOS,MG,DORES DO INDAIA,GRFI,10,0
GUARULHOS,MG,DORES DO TURVO,GRFI,9,390
GUARULHOS,MG,DORESOPOLIS,GRFI,13,390
GUARULHOS,MG,DOURADOQUARA,GRFI,9,0
GUARULHOS,MG,DURANDE,GRFI,13,0
GUARULHOS,MG,ELOI MENDES,GRFI,7,195
GUARULHOS,MG,ENGENHEIRO CALDAS,GRFI,13,0
GUARULHOS,MG,ENGENHEIRO NAVARRO,GRFI,11,0
GUARULHOS,MG,ENTRE FOLHAS,GRFI,13,0
GUARULHOS,MG,ENTRE RIOS DE MINAS,GRFI,12,390
GUARULHOS,MG,ERVALIA,GRFI,9,0
GUARULHOS,MG,ESMERALDAS,GRFI,9,0
GUARULHOS,MG,ESPERA FELIZ,GRFI,9,0
GUARULHOS,MG,ESPINOSA,GRFI,11,0
GUARULHOS,MG,ESPIRITO SANTO DO DOURADO,GRFI,6,195
GUARULHOS,MG,ESTIVA,GRFI,8,0
GUARULHOS,MG,ESTRELA DALVA,GRFI,9,390
GUARULHOS,MG,ESTRELA DO INDAIA,GRFI,10,91
GUARULHOS,MG,ESTRELA DO SUL,GRFI,11,0
GUARULHOS,MG,EUGENOPOLIS,GRFI,9,195
GUARULHOS,MG,EWBANK DA CAMARA,GRFI,9,0
GUARULHOS,MG,EXTREMA,GRFI,6,19.5
GUARULHOS,MG,FAMA,GRFI,6,195
GUARULHOS,MG,FARIA LEMOS,GRFI,9,0
GUARULHOS,MG,FELICIO DOS SANTOS,GRFI,14,195
GUARULHOS,MG,FELISBURGO,GRFI,13,0
GUARULHOS,MG,FELIXLANDIA,GRFI,13,65
GUARULHOS,MG,FERNANDES TOURINHO,GRFI,13,0
GUARULHOS,MG,FERROS,GRFI,13,0
GUARULHOS,MG,FERVEDOURO,GRFI,9,195
GUARULHOS,MG,FLORESTAL,GRFI,9,65
GUARULHOS,MG,FORMIGA,GRFI,9,0
GUARULHOS,MG,FORMOSO,GRFI,13,156
GUARULHOS,MG,FORTALEZA DE MINAS,GRFI,8,0
GUARULHOS,MG,FORTUNA DE MINAS,GRFI,13,130
GUARULHOS,MG,FRANCISCO BADARO,GRFI,14,0
GUARULHOS,MG,FRANCISCO DUMONT,GRFI,17,130
GUARULHOS,MG,FRANCISCO SA,GRFI,17,0
GUARULHOS,MG,FRANCISCOPOLIS,GRFI,13,0
GUARULHOS,MG,FREI GASPAR,GRFI,13,0
GUARULHOS,MG,FREI INOCENCIO,GRFI,10,0
GUARULHOS,MG,FREI LAGONEGRO,GRFI,13,0
GUARULHOS,MG,FRONTEIRA,GRFI,11,104
GUARULHOS,MG,FRONTEIRA DOS VALES,GRFI,13,0
GUARULHOS,MG,FRUTA DE LEITE,GRFI,14,0
GUARULHOS,MG,FRUTAL,GRFI,9,0
GUARULHOS,MG,FUNILANDIA,GRFI,13,130
GUARULHOS,MG,GALILEIA,GRFI,13,0
GUARULHOS,MG,GAMELEIRAS,GRFI,13,0
GUARULHOS,MG,GLAUCILANDIA,GRFI,17,0
GUARULHOS,MG,GOIABEIRA,GRFI,13,195
GUARULHOS,MG,GOIANA,GRFI,9,0
GUARULHOS,MG,GONCALVES,GRFI,6,195
GUARULHOS,MG,GONZAGA,GRFI,13,0
GUARULHOS,MG,GOUVEIA,GRFI,14,65
GUARULHOS,MG,GOVERNADOR VALADARES,GRFI,10,0
GUARULHOS,MG,GRAO MOGOL,GRFI,14,0
GUARULHOS,MG,GRUPIARA,GRFI,11,104
GUARULHOS,MG,GUANHAES,GRFI,12,0
GUARULHOS,MG,GUAPE,GRFI,13,195
GUARULHOS,MG,GUARACIABA,GRFI,9,260
GUARULHOS,MG,GUARACIAMA,GRFI,14,0
GUARULHOS,MG,GUARANESIA,GRFI,10,0
GUARULHOS,MG,GUARANI,GRFI,9,0
GUARULHOS,MG,GUARARA,GRFI,9,0
GUARULHOS,MG,GUARDA-MOR,GRFI,9,0
GUARULHOS,MG,GUAXUPE,GRFI,10,0
GUARULHOS,MG,GUIDOVAL,GRFI,9,0
GUARULHOS,MG,GUIMARANIA,GRFI,9,0
GUARULHOS,MG,GUIRICEMA,GRFI,9,0
GUARULHOS,MG,GURINHATA,GRFI,10,104
GUARULHOS,MG,HELIODORA,GRFI,6,0
GUARULHOS,MG,IAPU,GRFI,13,0
GUARULHOS,MG,IBERTIOGA,GRFI,13,390
GUARULHOS,MG,IBIA,GRFI,9,0
GUARULHOS,MG,IBIAI,GRFI,17,0
GUARULHOS,MG,IBIRACATU,GRFI,17,0
GUARULHOS,MG,IBIRACI,GRFI,10,195
GUARULHOS,MG,IBIRITE,RBHR,5,0
GUARULHOS,MG,IBITIURA DE MINAS,GRFI,13,195
GUARULHOS,MG,IBITURUNA,GRFI,10,156
GUARULHOS,MG,ICARAI DE MINAS,GRFI,17,260
GUARULHOS,MG,IGARAPE,GRFI,9,0
GUARULHOS,MG,IGARATINGA,GRFI,9,0
GUARULHOS,MG,IGUATAMA,GRFI,10,0
GUARULHOS,MG,IJACI,GRFI,8,195
GUARULHOS,MG,ILICINEA,GRFI,10,195
GUARULHOS,MG,IMBE DE MINAS,GRFI,13,0
GUARULHOS,MG,INCONFIDENTES,GRFI,8,0
GUARULHOS,MG,INDAIABIRA,GRFI,11,130
GUARULHOS,MG,INDIANOPOLIS,GRFI,12,195
GUARULHOS,MG,INGAI,GRFI,8,195
GUARULHOS,MG,INHAPIM,GRFI,13,0
GUARULHOS,MG,INHAUMA,GRFI,9,156
GUARULHOS,MG,INIMUTABA,GRFI,14,0
GUARULHOS,MG,IPABA,GRFI,10,0
GUARULHOS,MG,IPANEMA,GRFI,13,0
GUARULHOS,MG,IPATINGA,GRFI,10,0
GUARULHOS,MG,IPIACU,GRFI,9,104
GUARULHOS,MG,IPUIUNA,GRFI,8,195
GUARULHOS,MG,IRAI DE MINAS,GRFI,9,0
GUARULHOS,MG,ITABIRA,GRFI,11,0
GUARULHOS,MG,ITABIRINHA,GRFI,10,0
GUARULHOS,MG,ITABIRITO,GRFI,9,0
GUARULHOS,MG,ITACAMBIRA,GRFI,14,130
GUARULHOS,MG,ITACARAMBI,GRFI,11,0
GUARULHOS,MG,ITAGUARA,GRFI,10,0
GUARULHOS,MG,ITAIPE,GRFI,13,0
GUARULHOS,MG,ITAJUBA,GRFI,8,0
GUARULHOS,MG,ITAMARANDIBA,GRFI,14,0
GUARULHOS,MG,ITAMARATI DE MINAS,GRFI,9,195
GUARULHOS,MG,ITAMBACURI,GRFI,10,0
GUARULHOS,MG,ITAMBE DO MATO DENTRO,GRFI,13,130
GUARULHOS,MG,ITAMOGI,GRFI,10,0
GUARULHOS,MG,ITAMONTE,GRFI,6,0
GUARULHOS,MG,ITANHANDU,GRFI,6,0
GUARULHOS,MG,ITANHOMI,GRFI,13,0
GUARULHOS,MG,ITAOBIM,GRFI,13,0
GUARULHOS,MG,ITAPAGIPE,GRFI,9,0
GUARULHOS,MG,ITAPECERICA,GRFI,10,0
GUARULHOS,MG,ITAPEVA,GRFI,6,0
GUARULHOS,MG,ITATIAIUCU,GRFI,10,0
GUARULHOS,MG,ITAU DE MINAS,GRFI,10,0
GUARULHOS,MG,ITAUNA,GRFI,9,0
GUARULHOS,MG,ITAVERAVA,GRFI,13,260
GUARULHOS,MG,ITINGA,GRFI,13,0
GUARULHOS,MG,ITUETA,GRFI,13,0
GUARULHOS,MG,ITUIUTABA,GRFI,9,0
GUARULHOS,MG,ITUMIRIM,GRFI,10,195
GUARULHOS,MG,ITURAMA,GRFI,9,0
GUARULHOS,MG,ITUTINGA,GRFI,8,286
GUARULHOS,MG,JABOTICATUBAS,GRFI,12,0
GUARULHOS,MG,JACINTO,GRFI,13,0
GUARULHOS,MG,JACUI,GRFI,10,195
GUARULHOS,MG,JACUTINGA,GRFI,6,0
GUARULHOS,MG,JAGUARACU,GRFI,13,78
GUARULHOS,MG,JAIBA,GRFI,11,0
GUARULHOS,MG,JAMPRUCA,GRFI,13,0
GUARULHOS,MG,JANAUBA,GRFI,11,0
GUARULHOS,MG,JANUARIA,GRFI,11,0
GUARULHOS,MG,JAPARAIBA,GRFI,11,0
GUARULHOS,MG,JAPONVAR,GRFI,11,0
GUARULHOS,MG,JECEABA,GRFI,12,325
GUARULHOS,MG,JENIPAPO DE MINAS,GRFI,14,0
GUARULHOS,MG,JEQUERI,GRFI,9,390
GUARULHOS,MG,JEQUITAI,GRFI,14,0
GUARULHOS,MG,JEQUITIBA,GRFI,13,130
GUARULHOS,MG,JEQUITINHONHA,GRFI,14,0
GUARULHOS,MG,JESUANIA,GRFI,6,286
GUARULHOS,MG,JOAIMA,GRFI,13,0
GUARULHOS,MG,JOANESIA,GRFI,13,78
GUARULHOS,MG,JOAO MONLEVADE,GRFI,5,0
GUARULHOS,MG,JOAO PINHEIRO,GRFI,9,0
GUARULHOS,MG,JOAQUIM FELICIO,GRFI,14,0
GUARULHOS,MG,JORDANIA,GRFI,13,0
GUARULHOS,MG,JOSE GONCALVES DE MINAS,GRFI,13,0
GUARULHOS,MG,JOSE RAYDAN,GRFI,13,0
GUARULHOS,MG,JOSENOPOLIS,GRFI,11,130
GUARULHOS,MG,JUATUBA,GRFI,9,0
GUARULHOS,MG,JUIZ DE FORA,GRFI,9,0
GUARULHOS,MG,JURAMENTO,GRFI,11,0
GUARULHOS,MG,JURUAIA,GRFI,10,0
GUARULHOS,MG,JUVENILIA,GRFI,12,0
GUARULHOS,MG,LADAINHA,GRFI,13,0
GUARULHOS,MG,LAGAMAR,GRFI,9,0
GUARULHOS,MG,LAGOA DA PRATA,GRFI,9,0
GUARULHOS,MG,LAGOA DOS PATOS,GRFI,14,0
GUARULHOS,MG,LAGOA DOURADA,GRFI,9,0
GUARULHOS,MG,LAGOA FORMOSA,GRFI,9,0
GUARULHOS,MG,LAGOA GRANDE,GRFI,9,104
GUARULHOS,MG,LAGOA SANTA,RBHR,5,65
GUARULHOS,MG,LAJINHA,GRFI,13,260
GUARULHOS,MG,LAMBARI,GRFI,6,0
GUARULHOS,MG,LAMIM,GRFI,13,390
GUARULHOS,MG,LARANJAL,GRFI,9,0
GUARULHOS,MG,LASSANCE,GRFI,14,0
GUARULHOS,MG,LAVRAS,GRFI,6,0
GUARULHOS,MG,LEANDRO FERREIRA,GRFI,9,325
GUARULHOS,MG,LEME DO PRADO,GRFI,14,0
GUARULHOS,MG,LEOPOLDINA,GRFI,9,0
GUARULHOS,MG,LIBERDADE,GRFI,13,0
GUARULHOS,MG,LIMA DUARTE,GRFI,9,0
GUARULHOS,MG,LIMEIRA DO OESTE,GRFI,14,195
GUARULHOS,MG,LONTRA,GRFI,11,0
GUARULHOS,MG,LUISBURGO,GRFI,13,0
GUARULHOS,MG,LUISLANDIA,GRFI,11,0
GUARULHOS,MG,LUMINARIAS,GRFI,8,156
GUARULHOS,MG,LUZ,GRFI,10,0
GUARULHOS,MG,MACHACALIS,GRFI,13,0
GUARULHOS,MG,MACHADO,GRFI,6,0
GUARULHOS,MG,MADRE DE DEUS DE MINAS,GRFI,9,286
GUARULHOS,MG,MALACACHETA,GRFI,13,0
GUARULHOS,MG,MAMONAS,GRFI,11,0
GUARULHOS,MG,MANGA,GRFI,11,0
GUARULHOS,MG,MANHUACU,GRFI,9,0
GUARULHOS,MG,MANHUMIRIM,GRFI,13,0
GUARULHOS,MG,MANTENA,GRFI,10,0
GUARULHOS,MG,MAR DE ESPANHA,GRFI,9,0
GUARULHOS,MG,MARAVILHAS,GRFI,10,390
GUARULHOS,MG,MARIA DA FE,GRFI,10,0
GUARULHOS,MG,MARIANA,GRFI,9,0
GUARULHOS,MG,MARILAC,GRFI,13,0
GUARULHOS,MG,MARIO CAMPOS,GRFI,9,0
GUARULHOS,MG,MARIPA DE MINAS,GRFI,9,0
GUARULHOS,MG,MARLIERIA,GRFI,12,78
GUARULHOS,MG,MARMELOPOLIS,GRFI,8,416
GUARULHOS,MG,MARTINHO CAMPOS,GRFI,10,0
GUARULHOS,MG,MARTINS SOARES,GRFI,13,0
GUARULHOS,MG,MATA VERDE,GRFI,13,0
GUARULHOS,MG,MATERLANDIA,GRFI,13,0
GUARULHOS,MG,MATEUS LEME,GRFI,5,0
GUARULHOS,MG,MATHIAS LOBATO,GRFI,9,0
GUARULHOS,MG,MATIAS BARBOSA,GRFI,9,0
GUARULHOS,MG,MATIAS CARDOSO,GRFI,11,0
GUARULHOS,MG,MATIPO,GRFI,9,0
GUARULHOS,MG,MATO VERDE,GRFI,11,0
GUARULHOS,MG,MATOZINHOS,GRFI,5,0
GUARULHOS,MG,MATUTINA,GRFI,9,0
GUARULHOS,MG,MEDEIROS,GRFI,10,0
GUARULHOS,MG,MEDINA,GRFI,13,0
GUARULHOS,MG,MENDES PIMENTEL,GRFI,10,0
GUARULHOS,MG,MERCES,GRFI,9,0
GUARULHOS,MG,MESQUITA,GRFI,13,78
GUARULHOS,MG,MINAS NOVAS,GRFI,14,0
GUARULHOS,MG,MINDURI,GRFI,8,195
GUARULHOS,MG,MIRABELA,GRFI,11,0
GUARULHOS,MG,MIRADOURO,GRFI,9,0
GUARULHOS,MG,MIRAI,GRFI,9,195
GUARULHOS,MG,MIRAVANIA,GRFI,11,390
GUARULHOS,MG,MOEDA,GRFI,12,195
GUARULHOS,MG,MOEMA,GRFI,10,0
GUARULHOS,MG,MONJOLOS,GRFI,13,0
GUARULHOS,MG,MONSENHOR PAULO,GRFI,6,0
GUARULHOS,MG,MONTALVANIA,GRFI,11,585
GUARULHOS,MG,MONTE ALEGRE DE MINAS,GRFI,9,0
GUARULHOS,MG,MONTE AZUL,GRFI,11,0
GUARULHOS,MG,MONTE BELO,GRFI,12,0
GUARULHOS,MG,MONTE CARMELO,GRFI,9,0
GUARULHOS,MG,MONTE FORMOSO,GRFI,13,0
GUARULHOS,MG,MONTE SANTO DE MINAS,GRFI,8,0
GUARULHOS,MG,MONTE SIAO,GRFI,8,0
GUARULHOS,MG,MONTES CLAROS,GRFI,11,0
GUARULHOS,MG,MONTEZUMA,GRFI,14,0
GUARULHOS,MG,MORADA NOVA DE MINAS,GRFI,10,390
GUARULHOS,MG,MORRO DA GARCA,GRFI,13,0
GUARULHOS,MG,MORRO DO PILAR,GRFI,12,0
GUARULHOS,MG,MUNHOZ,GRFI,10,195
GUARULHOS,MG,MURIAE,GRFI,9,0
GUARULHOS,MG,MUTUM,GRFI,13,260
GUARULHOS,MG,MUZAMBINHO,GRFI,10,0
GUARULHOS,MG,NACIP RAYDAN,GRFI,13,0
GUARULHOS,MG,NANUQUE,GRFI,11,0
GUARULHOS,MG,NAQUE,GRFI,13,0
GUARULHOS,MG,NATALANDIA,GRFI,13,156
GUARULHOS,MG,NATERCIA,GRFI,8,0
GUARULHOS,MG,NAZARENO,GRFI,8,286
GUARULHOS,MG,NEPOMUCENO,GRFI,8,0
GUARULHOS,MG,NINHEIRA,GRFI,14,390
GUARULHOS,MG,NOVA BELEM,GRFI,13,260
GUARULHOS,MG,NOVA ERA,GRFI,13,130
GUARULHOS,MG,NOVA LIMA,RBHR,5,0
GUARULHOS,MG,NOVA MODICA,GRFI,13,0
GUARULHOS,MG,NOVA PONTE,GRFI,9,0
GUARULHOS,MG,NOVA PORTEIRINHA,GRFI,11,0
GUARULHOS,MG,NOVA RESENDE,GRFI,10,0
GUARULHOS,MG,NOVA SERRANA,GRFI,9,0
GUARULHOS,MG,NOVA UNIAO,GRFI,12,0
GUARULHOS,MG,NOVO CRUZEIRO,GRFI,13,0
GUARULHOS,MG,NOVO ORIENTE DE MINAS,GRFI,13,0
GUARULHOS,MG,NOVORIZONTE,GRFI,13,156
GUARULHOS,MG,OLARIA,GRFI,9,195
GUARULHOS,MG,OLHOS D AGUA,GRFI,13,0
GUARULHOS,MG,OLIMPIO NORONHA,GRFI,8,195
GUARULHOS,MG,OLIVEIRA,GRFI,9,0
GUARULHOS,MG,OLIVEIRA FORTES,GRFI,9,195
GUARULHOS,MG,ONCA DE PITANGUI,GRFI,9,390
GUARULHOS,MG,ORATORIOS,GRFI,13,260
GUARULHOS,MG,ORIZANIA,GRFI,13,0
GUARULHOS,MG,OURO BRANCO,GRFI,5,0
GUARULHOS,MG,OURO FINO,GRFI,8,0
GUARULHOS,MG,OURO PRETO,GRFI,9,0
GUARULHOS,MG,OURO VERDE DE MINAS,GRFI,13,0
GUARULHOS,MG,PADRE CARVALHO,GRFI,17,0
GUARULHOS,MG,PADRE PARAISO,GRFI,14,130
GUARULHOS,MG,PAI PEDRO,GRFI,13,0
GUARULHOS,MG,PAINEIRAS,GRFI,10,286
GUARULHOS,MG,PAINS,GRFI,10,0
GUARULHOS,MG,PAIVA,GRFI,9,0
GUARULHOS,MG,PALMA,GRFI,9,0
GUARULHOS,MG,PALMOPOLIS,GRFI,13,0
GUARULHOS,MG,PAPAGAIOS,GRFI,10,390
GUARULHOS,MG,PARA DE MINAS,GRFI,9,0
GUARULHOS,MG,PARACATU,GRFI,8,0
GUARULHOS,MG,PARAGUACU,GRFI,8,0
GUARULHOS,MG,PARAISOPOLIS,GRFI,8,0
GUARULHOS,MG,PARAOPEBA,GRFI,12,65
GUARULHOS,MG,PASSA QUATRO,GRFI,8,0
GUARULHOS,MG,PASSA TEMPO,GRFI,11,390
GUARULHOS,MG,PASSA VINTE,GRFI,13,390
GUARULHOS,MG,PASSABEM,GRFI,13,0
GUARULHOS,MG,PASSOS,GRFI,8,0
GUARULHOS,MG,PATIS,GRFI,14,0
GUARULHOS,MG,PATOS DE MINAS,GRFI,9,0
GUARULHOS,MG,PATROCINIO,GRFI,9,0
GUARULHOS,MG,PATROCINIO DO MURIAE,GRFI,9,0
GUARULHOS,MG,PAULA CANDIDO,GRFI,9,390
GUARULHOS,MG,PAULISTAS,GRFI,13,0
GUARULHOS,MG,PAVAO,GRFI,13,0
GUARULHOS,MG,PECANHA,GRFI,13,0
GUARULHOS,MG,PEDRA AZUL,GRFI,13,0
GUARULHOS,MG,PEDRA BONITA,GRFI,13,0
GUARULHOS,MG,PEDRA DO ANTA,GRFI,9,390
GUARULHOS,MG,PEDRA DO INDAIA,GRFI,10,0
GUARULHOS,MG,PEDRA DOURADA,GRFI,9,0
GUARULHOS,MG,PEDRALVA,GRFI,8,0
GUARULHOS,MG,PEDRAS DE MARIA DA CRUZ,GRFI,11,0
GUARULHOS,MG,PEDRINOPOLIS,GRFI,9,0
GUARULHOS,MG,PEDRO LEOPOLDO,GRFI,5,0
GUARULHOS,MG,PEDRO TEIXEIRA,GRFI,9,195
GUARULHOS,MG,PEQUERI,GRFI,9,195
GUARULHOS,MG,PEQUI,GRFI,10,390
GUARULHOS,MG,PERDIGAO,GRFI,9,0
GUARULHOS,MG,PERDIZES,GRFI,9,0
GUARULHOS,MG,PERDOES,GRFI,8,0
GUARULHOS,MG,PERIQUITO,GRFI,13,0
GUARULHOS,MG,PESCADOR,GRFI,13,0
GUARULHOS,MG,PIAU,GRFI,9,0
GUARULHOS,MG,PIEDADE DE CARATINGA,GRFI,13,0
GUARULHOS,MG,PIEDADE DE PONTE NOVA,GRFI,9,195
GUARULHOS,MG,PIEDADE DO RIO GRANDE,GRFI,9,390
GUARULHOS,MG,PIEDADE DOS GERAIS,GRFI,11,390
GUARULHOS,MG,PIMENTA,GRFI,13,0
GUARULHOS,MG,PINGO-D AGUA,GRFI,13,0
GUARULHOS,MG,PINTOPOLIS,GRFI,13,520
GUARULHOS,MG,PIRACEMA,GRFI,10,390
GUARULHOS,MG,PIRAJUBA,GRFI,12,104
GUARULHOS,MG,PIRANGA,GRFI,9,130
GUARULHOS,MG,PIRANGUCU,GRFI,9,0
GUARULHOS,MG,PIRANGUINHO,GRFI,8,0
GUARULHOS,MG,PIRAPETINGA,GRFI,9,195
GUARULHOS,MG,PIRAPORA,GRFI,18,0
GUARULHOS,MG,PIRAUBA,GRFI,9,0
GUARULHOS,MG,PITANGUI,GRFI,9,0
GUARULHOS,MG,PIUMHI,GRFI,9,0
GUARULHOS,MG,PLANURA,GRFI,11,104
GUARULHOS,MG,POCO FUNDO,GRFI,8,195
GUARULHOS,MG,POCOS DE CALDAS,GRFI,8,195
GUARULHOS,MG,POCRANE,GRFI,13,0
GUARULHOS,MG,POMPEU,GRFI,10,0
GUARULHOS,MG,PONTE NOVA,GRFI,9,0
GUARULHOS,MG,PONTO CHIQUE,GRFI,14,390
GUARULHOS,MG,PONTO DOS VOLANTES,GRFI,14,325
GUARULHOS,MG,PORTEIRINHA,GRFI,11,0
GUARULHOS,MG,PORTO FIRME,GRFI,9,195
GUARULHOS,MG,POTE,GRFI,13,0
GUARULHOS,MG,POUSO ALEGRE,GRFI,8,0
GUARULHOS,MG,POUSO ALTO,GRFI,8,0
GUARULHOS,MG,PRADOS,GRFI,9,0
GUARULHOS,MG,PRATA,GRFI,9,0
GUARULHOS,MG,PRATAPOLIS,GRFI,9,195
GUARULHOS,MG,PRATINHA,GRFI,11,104
GUARULHOS,MG,PRESIDENTE BERNARDES,GRFI,9,390
GUARULHOS,MG,PRESIDENTE JUSCELINO,GRFI,14,65
GUARULHOS,MG,PRESIDENTE KUBITSCHEK,GRFI,12,65
GUARULHOS,MG,PRESIDENTE OLEGARIO,GRFI,9,0
GUARULHOS,MG,PRUDENTE DE MORAIS,GRFI,12,0
GUARULHOS,MG,QUARTEL GERAL,GRFI,10,0
GUARULHOS,MG,QUELUZITO,GRFI,13,195
GUARULHOS,MG,RAPOSOS,GRFI,9,65
GUARULHOS,MG,RAUL SOARES,GRFI,13,0
GUARULHOS,MG,RECREIO,GRFI,9,0
GUARULHOS,MG,REDUTO,GRFI,13,0
GUARULHOS,MG,RESENDE COSTA,GRFI,9,0
GUARULHOS,MG,RESPLENDOR,GRFI,13,0
GUARULHOS,MG,RESSAQUINHA,GRFI,9,195
GUARULHOS,MG,RIACHINHO,GRFI,13,156
GUARULHOS,MG,RIACHO DOS MACHADOS,GRFI,14,0
GUARULHOS,MG,RIBEIRAO DAS NEVES,RBHR,5,0
GUARULHOS,MG,RIBEIRAO VERMELHO,GRFI,10,0
GUARULHOS,MG,RIO ACIMA,GRFI,11,0
GUARULHOS,MG,RIO CASCA,GRFI,9,0
GUARULHOS,MG,RIO DO PRADO,GRFI,13,0
GUARULHOS,MG,RIO DOCE,GRFI,9,260
GUARULHOS,MG,RIO ESPERA,GRFI,13,390
GUARULHOS,MG,RIO MANSO,GRFI,9,390
GUARULHOS,MG,RIO NOVO,GRFI,9,195
GUARULHOS,MG,RIO PARANAIBA,GRFI,9,0
GUARULHOS,MG,RIO PARDO DE MINAS,GRFI,14,130
GUARULHOS,MG,RIO PIRACICABA,GRFI,13,0
GUARULHOS,MG,RIO POMBA,GRFI,9,0
GUARULHOS,MG,RIO PRETO,GRFI,9,195
GUARULHOS,MG,RIO VERMELHO,GRFI,13,0
GUARULHOS,MG,RITAPOLIS,GRFI,13,390
GUARULHOS,MG,ROCHEDO DE MINAS,GRFI,9,195
GUARULHOS,MG,RODEIRO,GRFI,9,0
GUARULHOS,MG,ROMARIA,GRFI,9,0
GUARULHOS,MG,ROSARIO DA LIMEIRA,GRFI,9,195
GUARULHOS,MG,RUBELITA,GRFI,14,130
GUARULHOS,MG,RUBIM,GRFI,13,0
GUARULHOS,MG,SABARA,RBHR,5,65
GUARULHOS,MG,SABINOPOLIS,GRFI,12,0
GUARULHOS,MG,SACRAMENTO,GRFI,9,0
GUARULHOS,MG,SALINAS,GRFI,13,0
GUARULHOS,MG,SALTO DA DIVISA,GRFI,13,325
GUARULHOS,MG,SANTA BARBARA,GRFI,5,0
GUARULHOS,MG,SANTA BARBARA DO LESTE,GRFI,13,0
GUARULHOS,MG,SANTA BARBARA DO MONTE VERDE,GRFI,9,195
GUARULHOS,MG,SANTA BARBARA DO TUGURIO,GRFI,9,390
GUARULHOS,MG,SANTA CRUZ DE MINAS,GRFI,9,390
GUARULHOS,MG,SANTA CRUZ DE SALINAS,GRFI,13,130
GUARULHOS,MG,SANTA CRUZ DO ESCALVADO,GRFI,13,260
GUARULHOS,MG,SANTA EFIGENIA DE MINAS,GRFI,13,0
GUARULHOS,MG,SANTA FE DE MINAS,GRFI,13,455
GUARULHOS,MG,SANTA HELENA DE MINAS,GRFI,13,0
GUARULHOS,MG,SANTA JULIANA,GRFI,9,0
GUARULHOS,MG,SANTA LUZIA,RBHR,5,65
GUARULHOS,MG,SANTA MARGARIDA,GRFI,13,0
GUARULHOS,MG,SANTA MARIA DE ITABIRA,GRFI,11,0
GUARULHOS,MG,SANTA MARIA DO SALTO,GRFI,13,0
GUARULHOS,MG,SANTA MARIA DO SUACUI,GRFI,13,0
GUARULHOS,MG,SANTA RITA DE CALDAS,GRFI,8,195
GUARULHOS,MG,SANTA RITA DE IBITIPOCA,GRFI,13,390
GUARULHOS,MG,SANTA RITA DE JACUTINGA,GRFI,9,390
GUARULHOS,MG,SANTA RITA DE MINAS,GRFI,13,0
GUARULHOS,MG,SANTA RITA DO ITUETO,GRFI,13,260
GUARULHOS,MG,SANTA RITA DO SAPUCAI,GRFI,8,195
GUARULHOS,MG,SANTA ROSA DA SERRA,GRFI,12,104
GUARULHOS,MG,SANTA VITORIA,GRFI,11,0
GUARULHOS,MG,SANTANA DA VARGEM,GRFI,8,0
GUARULHOS,MG,SANTANA DE CATAGUASES,GRFI,9,0
GUARULHOS,MG,SANTANA DE PIRAPAMA,GRFI,13,65
GUARULHOS,MG,SANTANA DO DESERTO,GRFI,9,0
GUARULHOS,MG,SANTANA DO GARAMBEU,GRFI,13,390
GUARULHOS,MG,SANTANA DO JACARE,GRFI,13,286
GUARULHOS,MG,SANTANA DO MANHUACU,GRFI,13,0
GUARULHOS,MG,SANTANA DO PARAISO,GRFI,10,0
GUARULHOS,MG,SANTANA DO RIACHO,GRFI,13,156
GUARULHOS,MG,SANTANA DOS MONTES,GRFI,13,260
GUARULHOS,MG,SANTO ANTONIO DO AMPARO,GRFI,13,156
GUARULHOS,MG,SANTO ANTONIO DO AVENTUREIRO,GRFI,9,390
GUARULHOS,MG,SANTO ANTONIO DO GRAMA,GRFI,13,390
GUARULHOS,MG,SANTO ANTONIO DO ITAMBE,GRFI,13,0
GUARULHOS,MG,SANTO ANTONIO DO JACINTO,GRFI,13,0
GUARULHOS,MG,SANTO ANTONIO DO MONTE,GRFI,9,0
GUARULHOS,MG,SANTO ANTONIO DO RETIRO,GRFI,14,0
GUARULHOS,MG,SANTO ANTONIO DO RIO ABAIXO,GRFI,13,0
GUARULHOS,MG,SANTO HIPOLITO,GRFI,13,0
GUARULHOS,MG,SANTOS DUMONT,GRFI,9,0
GUARULHOS,MG,SAO BENTO ABADE,GRFI,8,195
GUARULHOS,MG,SAO BRAS DO SUACUI,GRFI,12,260
GUARULHOS,MG,SAO DOMINGOS DAS DORES,GRFI,13,0
GUARULHOS,MG,SAO DOMINGOS DO PRATA,GRFI,13,0
GUARULHOS,MG,SAO FELIX DE MINAS,GRFI,13,260
GUARULHOS,MG,SAO FRANCISCO,GRFI,11,0
GUARULHOS,MG,SAO FRANCISCO DE PAULA,GRFI,10,0
GUARULHOS,MG,SAO FRANCISCO DE SALES,GRFI,11,104
GUARULHOS,MG,SAO FRANCISCO DO GLORIA,GRFI,9,195
GUARULHOS,MG,SAO GERALDO,GRFI,9,0
GUARULHOS,MG,SAO GERALDO DA PIEDADE,GRFI,13,0
GUARULHOS,MG,SAO GERALDO DO BAIXIO,GRFI,13,0
GUARULHOS,MG,SAO GONCALO DO ABAETE,GRFI,9,0
GUARULHOS,MG,SAO GONCALO DO PARA,GRFI,10,0
GUARULHOS,MG,SAO GONCALO DO RIO ABAIXO,GRFI,13,0
GUARULHOS,MG,SAO GONCALO DO RIO PRETO,GRFI,14,156
GUARULHOS,MG,SAO GONCALO DO SAPUCAI,GRFI,8,0
GUARULHOS,MG,SAO GOTARDO,GRFI,9,0
GUARULHOS,MG,SAO JOAO BATISTA DO GLORIA,GRFI,10,195
GUARULHOS,MG,SAO JOAO DA LAGOA,GRFI,14,0
GUARULHOS,MG,SAO JOAO DA MATA,GRFI,9,0
GUARULHOS,MG,SAO JOAO DA PONTE,GRFI,11,260
GUARULHOS,MG,SAO JOAO DAS MISSOES,GRFI,11,195
GUARULHOS,MG,SAO JOAO DEL REI,GRFI,9,195
GUARULHOS,MG,SAO JOAO DO MANHUACU,GRFI,13,0
GUARULHOS,MG,SAO JOAO DO MANTENINHA,GRFI,10,0
GUARULHOS,MG,SAO JOAO DO ORIENTE,GRFI,13,0
GUARULHOS,MG,SAO JOAO DO PACUI,GRFI,13,390
GUARULHOS,MG,SAO JOAO DO PARAISO,GRFI,11,130
GUARULHOS,MG,SAO JOAO EVANGELISTA,GRFI,13,0
GUARULHOS,MG,SAO JOAO NEPOMUCENO,GRFI,9,0
GUARULHOS,MG,SAO JOAQUIM DE BICAS,GRFI,9,0
GUARULHOS,MG,SAO JOSE DA BARRA,GRFI,9,0
GUARULHOS,MG,SAO JOSE DA LAPA,RBHR,5,0
GUARULHOS,MG,SAO JOSE DA SAFIRA,GRFI,13,0
GUARULHOS,MG,SAO JOSE DA VARGINHA,GRFI,10,195
GUARULHOS,MG,SAO JOSE DO ALEGRE,GRFI,9,195
GUARULHOS,MG,SAO JOSE DO DIVINO,GRFI,13,0
GUARULHOS,MG,SAO JOSE DO GOIABAL,GRFI,13,0
GUARULHOS,MG,SAO JOSE DO JACURI,GRFI,13,195
GUARULHOS,MG,SAO JOSE DO MANTIMENTO,GRFI,13,0
GUARULHOS,MG,SAO LOURENCO,GRFI,8,0
GUARULHOS,MG,SAO MIGUEL DO ANTA,GRFI,9,390
GUARULHOS,MG,SAO PEDRO DA UNIAO,GRFI,9,0
GUARULHOS,MG,SAO PEDRO DO SUACUI,GRFI,13,0
GUARULHOS,MG,SAO PEDRO DOS FERROS,GRFI,13,0
GUARULHOS,MG,SAO ROMAO,GRFI,13,325
GUARULHOS,MG,SAO ROQUE DE MINAS,GRFI,9,455
GUARULHOS,MG,SAO SEBASTIAO DA BELA VISTA,GRFI,8,0
GUARULHOS,MG,SAO SEBASTIAO DA VARGEM ALEGRE,GRFI,9,390
GUARULHOS,MG,SAO SEBASTIAO DO ANTA,GRFI,13,0
GUARULHOS,MG,SAO SEBASTIAO DO MARANHAO,GRFI,13,195
GUARULHOS,MG,SAO SEBASTIAO DO OESTE,GRFI,10,0
GUARULHOS,MG,SAO SEBASTIAO DO PARAISO,GRFI,9,0
GUARULHOS,MG,SAO SEBASTIAO DO RIO PRETO,GRFI,13,0
GUARULHOS,MG,SAO SEBASTIAO DO RIO VERDE,GRFI,8,195
GUARULHOS,MG,SAO THOME DAS LETRAS,GRFI,11,195
GUARULHOS,MG,SAO TIAGO,GRFI,9,416
GUARULHOS,MG,SAO TOMAS DE AQUINO,GRFI,10,0
GUARULHOS,MG,SAO VICENTE DE MINAS,GRFI,13,195
GUARULHOS,MG,SAPUCAI-MIRIM,GRFI,9,0
GUARULHOS,MG,SARDOA,GRFI,13,195
GUARULHOS,MG,SARZEDO,RBHR,5,65
GUARULHOS,MG,SEM PEIXE,GRFI,13,130
GUARULHOS,MG,SENADOR AMARAL,GRFI,8,0
GUARULHOS,MG,SENADOR CORTES,GRFI,9,195
GUARULHOS,MG,SENADOR FIRMINO,GRFI,9,390
GUARULHOS,MG,SENADOR JOSE BENTO,GRFI,8,195
GUARULHOS,MG,SENADOR MODESTINO GONCALVES,GRFI,14,234
GUARULHOS,MG,SENHORA DE OLIVEIRA,GRFI,9,130
GUARULHOS,MG,SENHORA DO PORTO,GRFI,12,0
GUARULHOS,MG,SENHORA DOS REMEDIOS,GRFI,9,0
GUARULHOS,MG,SERICITA,GRFI,9,0
GUARULHOS,MG,SERITINGA,GRFI,13,195
GUARULHOS,MG,SERRA AZUL DE MINAS,GRFI,13,195
GUARULHOS,MG,SERRA DA SAUDADE,GRFI,20,390
GUARULHOS,MG,SERRA DO SALITRE,GRFI,9,0
GUARULHOS,MG,SERRA DOS AIMORES,GRFI,13,0
GUARULHOS,MG,SERRANIA,GRFI,8,0
GUARULHOS,MG,SERRANOPOLIS DE MINAS,GRFI,11,0
GUARULHOS,MG,SERRANOS,GRFI,13,195
GUARULHOS,MG,SERRO,GRFI,14,195
GUARULHOS,MG,SETE LAGOAS,GRFI,5,0
GUARULHOS,MG,SETUBINHA,GRFI,13,0
GUARULHOS,MG,SILVERANIA,GRFI,9,390
GUARULHOS,MG,SILVIANOPOLIS,GRFI,8,0
GUARULHOS,MG,SIMAO PEREIRA,GRFI,9,0
GUARULHOS,MG,SIMONESIA,GRFI,13,0
GUARULHOS,MG,SOBRALIA,GRFI,13,0
GUARULHOS,MG,SOLEDADE DE MINAS,GRFI,9,195
GUARULHOS,MG,TABULEIRO,GRFI,9,0
GUARULHOS,MG,TAIOBEIRAS,GRFI,13,0
GUARULHOS,MG,TAPARUBA,GRFI,13,0
GUARULHOS,MG,TAPIRA,GRFI,9,104
GUARULHOS,MG,TAPIRAI,GRFI,11,390
GUARULHOS,MG,TAQUARACU DE MINAS,GRFI,13,195
GUARULHOS,MG,TARUMIRIM,GRFI,13,0
GUARULHOS,MG,TEIXEIRAS,GRFI,9,195
GUARULHOS,MG,TEOFILO OTONI,GRFI,10,0
GUARULHOS,MG,TIMOTEO,GRFI,10,0
GUARULHOS,MG,TIRADENTES,GRFI,9,0
GUARULHOS,MG,TIROS,GRFI,9,0
GUARULHOS,MG,TOCANTINS,GRFI,9,0
GUARULHOS,MG,TOCOS DO MOJI,GRFI,13,0
GUARULHOS,MG,TOLEDO,GRFI,9,195
GUARULHOS,MG,TOMBOS,GRFI,9,0
GUARULHOS,MG,TRES CORACOES,GRFI,8,0
GUARULHOS,MG,TRES MARIAS,GRFI,9,0
GUARULHOS,MG,TRES PONTAS,GRFI,8,0
GUARULHOS,MG,TUMIRITINGA,GRFI,13,0
GUARULHOS,MG,TUPACIGUARA,GRFI,9,0
GUARULHOS,MG,TURMALINA,GRFI,14,0
GUARULHOS,MG,TURVOLANDIA,GRFI,9,195
GUARULHOS,MG,UBA,GRFI,9,0
GUARULHOS,MG,UBAI,GRFI,11,0
GUARULHOS,MG,UBAPORANGA,GRFI,13,0
GUARULHOS,MG,UBERABA,GRFI,5,0
GUARULHOS,MG,UBERLANDIA,GRFI,5,0
GUARULHOS,MG,UMBURATIBA,GRFI,13,0
GUARULHOS,MG,UNAI,GRFI,9,0
GUARULHOS,MG,UNIAO DE MINAS,GRFI,12,104
GUARULHOS,MG,URUANA DE MINAS,GRFI,13,156
GUARULHOS,MG,URUCANIA,GRFI,13,260
GUARULHOS,MG,URUCUIA,GRFI,13,455
GUARULHOS,MG,VARGEM ALEGRE,GRFI,13,0
GUARULHOS,MG,VARGEM BONITA,GRFI,13,390
GUARULHOS,MG,VARGEM GRANDE DO RIO PARDO,GRFI,11,195
GUARULHOS,MG,VARGINHA,GRFI,8,0
GUARULHOS,MG,VARJAO DE MINAS,GRFI,9,0
GUARULHOS,MG,VARZEA DA PALMA,GRFI,11,0
GUARULHOS,MG,VARZELANDIA,GRFI,11,130
GUARULHOS,MG,VAZANTE,GRFI,9,0
GUARULHOS,MG,VERDELANDIA,GRFI,14,0
GUARULHOS,MG,VEREDINHA,GRFI,13,0
GUARULHOS,MG,VERISSIMO,GRFI,12,0
GUARULHOS,MG,VERMELHO NOVO,GRFI,13,195
GUARULHOS,MG,VESPASIANO,RBHR,5,65
GUARULHOS,MG,VICOSA,GRFI,9,0
GUARULHOS,MG,VIEIRAS,GRFI,9,390
GUARULHOS,MG,VIRGEM DA LAPA,GRFI,14,0
GUARULHOS,MG,VIRGINIA,GRFI,10,195
GUARULHOS,MG,VIRGINOPOLIS,GRFI,13,0
GUARULHOS,MG,VIRGOLANDIA,GRFI,13,0
GUARULHOS,MG,VISCONDE DO RIO BRANCO,GRFI,8,0
GUARULHOS,MG,VOLTA GRANDE,GRFI,8,156
GUARULHOS,MG,WENCESLAU BRAZ,GRFI,8,195
GUARULHOS,MS,AGUA CLARA,RMSR,9,0
GUARULHOS,MS,ALCINOPOLIS,RMSI,9,0
GUARULHOS,MS,AMAMBAI,RMSI,9,0
GUARULHOS,MS,ANASTACIO,RMSI,9,0
GUARULHOS,MS,ANAURILANDIA,RMSI,9,209.1
GUARULHOS,MS,ANGELICA,RMSI,9,0
GUARULHOS,MS,ANTONIO JOAO,RMSI,9,0
GUARULHOS,MS,APARECIDA DO TABOADO,RMSR,9,0
GUARULHOS,MS,AQUIDAUANA,RMSR,9,0
GUARULHOS,MS,ARAL MOREIRA,RMSI,9,0
GUARULHOS,MS,BANDEIRANTES,RMSR,9,0
GUARULHOS,MS,BATAGUASSU,RMSR,9,0
GUARULHOS,MS,BATAYPORA,RMSI,9,0
GUARULHOS,MS,BELA VISTA,RMSR,9,0
GUARULHOS,MS,BODOQUENA,RMSI,9,0
GUARULHOS,MS,BONITO,RMSR,9,0
GUARULHOS,MS,BRASILANDIA,RMSR,9,0
GUARULHOS,MS,CAARAPO,RMSR,9,0
GUARULHOS,MS,CAMAPUA,RMSI,9,0
GUARULHOS,MS,CAMPO GRANDE,RMSP,5,0
GUARULHOS,MS,CARACOL,RMSI,9,0
GUARULHOS,MS,CASSILANDIA,RMSI,9,0
GUARULHOS,MS,CHAPADAO DO SUL,RMSI,9,0
GUARULHOS,MS,CORGUINHO,RMSR,9,209.1
GUARULHOS,MS,CORONEL SAPUCAIA,RMSI,9,0
GUARULHOS,MS,CORUMBA,RMSI,9,0
GUARULHOS,MS,COSTA RICA,RMSI,9,0
GUARULHOS,MS,COXIM,RMSI,9,0
GUARULHOS,MS,DEODAPOLIS,RMSR,9,0
GUARULHOS,MS,DOIS IRMAOS DO BURITI,RMSR,9,0
GUARULHOS,MS,DOURADINA,RMSR,9,0
GUARULHOS,MS,DOURADOS,RMSR,9,0
GUARULHOS,MS,ELDORADO,RMSI,9,0
GUARULHOS,MS,FATIMA DO SUL,RMSR,9,0
GUARULHOS,MS,FIGUEIRAO,RMSI,9,0
GUARULHOS,MS,GLORIA DE DOURADOS,RMSR,9,0
GUARULHOS,MS,GUIA LOPES DA LAGUNA,RMSR,9,0
GUARULHOS,MS,IGUATEMI,RMSI,9,0
GUARULHOS,MS,INOCENCIA,RMSR,9,0
GUARULHOS,MS,ITAPORA,RMSR,9,0
GUARULHOS,MS,ITAQUIRAI,RMSI,9,0
GUARULHOS,MS,IVINHEMA,RMSR,9,0
GUARULHOS,MS,JAPORA,RMSI,9,0
GUARULHOS,MS,JARAGUARI,RMSR,9,0
GUARULHOS,MS,JARDIM,RMSR,9,0
GUARULHOS,MS,JATEI,RMSR,9,0
GUARULHOS,MS,JUTI,RMSI,9,0
GUARULHOS,MS,LADARIO,RMSR,9,0
GUARULHOS,MS,LAGUNA CARAPA,RMSI,9,0
GUARULHOS,MS,MARACAJU,RMSR,9,0
GUARULHOS,MS,MIRANDA,RMSR,9,0
GUARULHOS,MS,MUNDO NOVO,RMSI,9,0
GUARULHOS,MS,NAVIRAI,RMSI,9,0
GUARULHOS,MS,NIOAQUE,RMSR,9,0
GUARULHOS,MS,NOVA ALVORADA DO SUL,RMSR,9,0
GUARULHOS,MS,NOVA ANDRADINA,RMSR,9,0
GUARULHOS,MS,NOVO HORIZONTE DO SUL,RMSI,9,0
GUARULHOS,MS,PARAISO DAS AGUAS,RMSI,9,0
GUARULHOS,MS,PARANAIBA,RMSR,9,0
GUARULHOS,MS,PARANHOS,RMSI,9,0
GUARULHOS,MS,PEDRO GOMES,RMSI,9,0
GUARULHOS,MS,PONTA PORA,RMSI,9,0
GUARULHOS,MS,PORTO MURTINHO,RMSI,9,209.1
GUARULHOS,MS,RIBAS DO RIO PARDO,RMSR,9,0
GUARULHOS,MS,RIO BRILHANTE,RMSR,9,0
GUARULHOS,MS,RIO NEGRO,RMSR,9,209.1
GUARULHOS,MS,RIO VERDE DE MATO GROSSO,RMSI,9,0
GUARULHOS,MS,ROCHEDO,RMSR,9,209.1
GUARULHOS,MS,SANTA RITA DO PARDO,RMSR,9,0
GUARULHOS,MS,SAO GABRIEL DO OESTE,RMSR,9,0
GUARULHOS,MS,SELVIRIA,RMSR,9,0
GUARULHOS,MS,SETE QUEDAS,RMSI,9,0
GUARULHOS,MS,SIDROLANDIA,RMSR,9,0
GUARULHOS,MS,SONORA,RMSI,9,0
GUARULHOS,MS,TACURU,RMSI,9,0
GUARULHOS,MS,TAQUARUSSU,RMSI,9,0
GUARULHOS,MS,TERENOS,RMSR,9,0
GUARULHOS,MS,TRES LAGOAS,RMSR,9,0
GUARULHOS,MS,VICENTINA,RMSR,9,0
GUARULHOS,MT,ACORIZAL,RMTI,9,209.1
GUARULHOS,MT,AGUA BOA,RMTI,9,0
GUARULHOS,MT,ALTA FLORESTA,RMTI,9,0
GUARULHOS,MT,ALTO ARAGUAIA,RMTI,9,0
GUARULHOS,MT,ALTO BOA VISTA,RMTI,9,209.1
GUARULHOS,MT,ALTO GARCAS,RMTI,9,0
GUARULHOS,MT,ALTO PARAGUAI,RMTI,9,0
GUARULHOS,MT,ALTO TAQUARI,RMTI,9,0
GUARULHOS,MT,APIACAS,RMTI,9,0
GUARULHOS,MT,ARAGUAIANA,RMTI,9,0
GUARULHOS,MT,ARAGUAINHA,RMTI,9,0
GUARULHOS,MT,ARAPUTANGA,RMTI,9,0
GUARULHOS,MT,ARENAPOLIS,RMTI,9,0
GUARULHOS,MT,ARIPUANA,RMTI,9,0
GUARULHOS,MT,BARAO DE MELGACO,RMTI,9,209.1
GUARULHOS,MT,BARRA DO BUGRES,RMTI,9,0
GUARULHOS,MT,BARRA DO GARCAS,RMTR,9,0
GUARULHOS,MT,BOM JESUS DO ARAGUAIA,RMTI,9,209.1
GUARULHOS,MT,BRASNORTE,RMTI,9,0
GUARULHOS,MT,CACERES,RMTI,9,0
GUARULHOS,MT,CAMPINAPOLIS,RMTI,9,0
GUARULHOS,MT,CAMPO NOVO DO PARECIS,RMTI,9,0
GUARULHOS,MT,CAMPO VERDE,RMTI,9,0
GUARULHOS,MT,CAMPOS DE JULIO,RMTI,9,0
GUARULHOS,MT,CANABRAVA DO NORTE,RMTI,9,209.1
GUARULHOS,MT,CANARANA,RMTI,9,0
GUARULHOS,MT,CARLINDA,RMTI,9,0
GUARULHOS,MT,CASTANHEIRA,RMTI,9,0
GUARULHOS,MT,CHAPADA DOS GUIMARAES,RMTI,9,0
GUARULHOS,MT,CLAUDIA,RMTI,9,0
GUARULHOS,MT,COCALINHO,RMTI,9,209.1
GUARULHOS,MT,COLIDER,RMTI,9,0
GUARULHOS,MT,COLNIZA,RMTI,9,0
GUARULHOS,MT,COMODORO,RMTI,9,0
GUARULHOS,MT,CONFRESA,RMTI,9,209.1
GUARULHOS,MT,CONQUISTA D OESTE,RMTI,9,0
GUARULHOS,MT,COTRIGUACU,RMTI,9,0
GUARULHOS,MT,CUIABA,PANR,6,0
GUARULHOS,MT,CURVELANDIA,RMTI,9,0
GUARULHOS,MT,DENISE,RMTI,9,0
GUARULHOS,MT,DIAMANTINO,RMTI,9,0
GUARULHOS,MT,DOM AQUINO,RMTI,9,0
GUARULHOS,MT,FELIZ NATAL,RMTI,9,0
GUARULHOS,MT,FIGUEIROPOLIS D OESTE,RMTI,9,0
GUARULHOS,MT,GAUCHA DO NORTE,RMTI,9,0
GUARULHOS,MT,GENERAL CARNEIRO,RMTI,9,0
GUARULHOS,MT,GLORIA D OESTE,RMTI,9,0
GUARULHOS,MT,GUARANTA DO NORTE,RMTI,9,0
GUARULHOS,MT,GUIRATINGA,RMTI,9,0
GUARULHOS,MT,INDIAVAI,RMTI,9,0
GUARULHOS,MT,IPIRANGA DO NORTE,RMTI,9,0
GUARULHOS,MT,ITANHANGA,RMTI,9,0
GUARULHOS,MT,ITAUBA,RMTI,9,0
GUARULHOS,MT,ITIQUIRA,RMTI,9,0
GUARULHOS,MT,JACIARA,RMTR,9,0
GUARULHOS,MT,JANGADA,RMTI,9,0
GUARULHOS,MT,JAURU,RMTI,9,0
GUARULHOS,MT,JUARA,RMTI,9,0
GUARULHOS,MT,JUINA,RMTI,9,0
GUARULHOS,MT,JURUENA,RMTI,9,0
GUARULHOS,MT,JUSCIMEIRA,RMTR,9,0
GUARULHOS,MT,LAMBARI D OESTE,RMTI,9,0
GUARULHOS,MT,LUCAS DO RIO VERDE,RMTR,9,0
GUARULHOS,MT,LUCIARA,RMTI,9,209.1
GUARULHOS,MT,MARCELANDIA,RMTI,9,0
GUARULHOS,MT,MATUPA,RMTI,9,0
GUARULHOS,MT,MIRASSOL D OESTE,RMTI,9,0
GUARULHOS,MT,NOBRES,RMTI,9,0
GUARULHOS,MT,NORTELANDIA,RMTI,9,0
GUARULHOS,MT,NOSSA SENHORA DO LIVRAMENTO,RMTI,9,0
GUARULHOS,MT,NOVA BANDEIRANTES,RMTI,9,0
GUARULHOS,MT,NOVA BRASILANDIA,RMTI,9,209.1
GUARULHOS,MT,NOVA CANAA DO NORTE,RMTI,9,0
GUARULHOS,MT,NOVA GUARITA,RMTI,9,0
GUARULHOS,MT,NOVA LACERDA,RMTI,9,0
GUARULHOS,MT,NOVA MARILANDIA,RMTI,9,0
GUARULHOS,MT,NOVA MARINGA,RMTI,9,0
GUARULHOS,MT,NOVA MONTE VERDE,RMTI,9,0
GUARULHOS,MT,NOVA MUTUM,RMTR,9,0
GUARULHOS,MT,NOVA NAZARE,RMTI,9,0
GUARULHOS,MT,NOVA OLIMPIA,RMTI,9,0
GUARULHOS,MT,NOVA SANTA HELENA,RMTI,9,0
GUARULHOS,MT,NOVA UBIRATA,RMTI,9,0
GUARULHOS,MT,NOVA XAVANTINA,RMTI,9,0
GUARULHOS,MT,NOVO HORIZONTE DO NORTE,RMTI,9,0
GUARULHOS,MT,NOVO MUNDO,RMTI,9,0
GUARULHOS,MT,NOVO SANTO ANTONIO,RMTI,9,209.1
GUARULHOS,MT,NOVO SAO JOAQUIM,RMTI,9,0
GUARULHOS,MT,PARANAITA,RMTI,9,0
GUARULHOS,MT,PARANATINGA,RMTI,9,0
GUARULHOS,MT,PEDRA PRETA,RMTR,9,0
GUARULHOS,MT,PEIXOTO DE AZEVEDO,RMTI,9,0
GUARULHOS,MT,PLANALTO DA SERRA,RMTI,9,209.1
GUARULHOS,MT,POCONE,RMTI,9,0
GUARULHOS,MT,PONTAL DO ARAGUAIA,RMTI,9,0
GUARULHOS,MT,PONTE BRANCA,RMTI,9,0
GUARULHOS,MT,PONTES E LACERDA,RMTI,9,0
GUARULHOS,MT,PORTO ALEGRE DO NORTE,RMTI,9,209.1
GUARULHOS,MT,PORTO DOS GAUCHOS,RMTI,9,0
GUARULHOS,MT,PORTO ESPERIDIAO,RMTI,9,0
GUARULHOS,MT,PORTO ESTRELA,RMTI,9,0
GUARULHOS,MT,PRIMAVERA DO LESTE,RMTR,9,0
GUARULHOS,MT,QUERENCIA,RMTI,11,0
GUARULHOS,MT,RONDOLANDIA,RMTI,9,350.55
GUARULHOS,MT,RONDONOPOLIS,RMTR,9,0
GUARULHOS,MT,ROSARIO OESTE,RMTI,9,0
GUARULHOS,MT,SANTA CRUZ DO XINGU,RMTI,9,209.1
GUARULHOS,MT,SANTA TEREZINHA,RMTI,9,209.1
GUARULHOS,MT,SAO FELIX DO ARAGUAIA,RMTI,9,209.1
GUARULHOS,MT,SAO JOSE DO XINGU,RMTI,9,209.1
GUARULHOS,MT,SAO JOSE DOS QUATRO MARCOS,RMTI,1,0
GUARULHOS,MT,SAO PEDRO DA CIPA,RMTI,9,0
GUARULHOS,MT,SERRA NOVA DOURADA,RMTI,9,209.1
GUARULHOS,MT,SINOP,RMTR,9,0
GUARULHOS,MT,SORRISO,RMTR,9,0
GUARULHOS,MT,TANGARA DA SERRA,RMTI,9,0
GUARULHOS,MT,TAPURAH,RMTI,12,0
GUARULHOS,MT,TERRA NOVA DO NORTE,RMTI,9,0
GUARULHOS,MT,TORIXOREU,RMTR,9,0
GUARULHOS,MT,VARZEA GRANDE,PANR,9,0
GUARULHOS,MT,VILA RICA,RMTI,9,209.1
GUARULHOS,PA,ABAETETUBA,RPAP,15,0
GUARULHOS,PA,ANANINDEUA,RPAP,15,0
GUARULHOS,PA,AUGUSTO CORREA,RPAP,15,0
GUARULHOS,PA,BARCARENA,RPAP,15,0
GUARULHOS,PA,BELEM,RPAP,15,0
GUARULHOS,PA,BENEVIDES,RPAP,15,0
GUARULHOS,PA,BRAGANCA,RPAP,15,0
GUARULHOS,PA,CAPANEMA,RPAP,15,0
GUARULHOS,PA,CASTANHAL,RPAP,15,0
GUARULHOS,PA,COLARES,RPAP,15,0
GUARULHOS,PA,CONCEICAO DO ARAGUAIA,RPAP,18,0
GUARULHOS,PA,IGARAPE-MIRI,RPAP,15,0
GUARULHOS,PA,MARITUBA,RPAP,15,0
GUARULHOS,PA,MOJU,RPAP,15,0
GUARULHOS,PA,SANTA BARBARA DO PARA,RPAP,15,0
GUARULHOS,PA,SANTA IZABEL DO PARA,RPAP,15,0
GUARULHOS,PA,SANTA MARIA DO PARA,RPAP,15,0
GUARULHOS,PA,SAO CAETANO DE ODIVELAS,RPAP,15,0
GUARULHOS,PA,VIGIA,RPAP,15,0
GUARULHOS,PB,AGUA BRANCA,RPBI,13,0
GUARULHOS,PB,AGUIAR,RPBI,13,0
GUARULHOS,PB,ALAGOA GRANDE,RPBI,13,0
GUARULHOS,PB,ALAGOA NOVA,RPBI,13,0
GUARULHOS,PB,ALAGOINHA,RPBI,13,0
GUARULHOS,PB,ALCANTIL,RPBI,13,0
GUARULHOS,PB,ALGODAO DE JANDAIRA,RPBI,13,0
GUARULHOS,PB,ALHANDRA,RPBP,13,0
GUARULHOS,PB,AMPARO,RPBI,13,0
GUARULHOS,PB,APARECIDA,RPBI,13,0
GUARULHOS,PB,ARACAGI,RPBI,13,0
GUARULHOS,PB,ARARA,RPBI,13,0
GUARULHOS,PB,ARARUNA,RPBI,13,0
GUARULHOS,PB,AREIA,RPBI,13,0
GUARULHOS,PB,AREIA DE BARAUNAS,RPBI,13,0
GUARULHOS,PB,AREIAL,RPBI,13,0
GUARULHOS,PB,AROEIRAS,RPBI,13,0
GUARULHOS,PB,ASSUNCAO,RPBI,13,0
GUARULHOS,PB,BAIA DA TRAICAO,RPBI,13,0
GUARULHOS,PB,BANANEIRAS,RPBI,13,0
GUARULHOS,PB,BARAUNA,RPBI,13,0
GUARULHOS,PB,BARRA DE SANTA ROSA,RPBI,13,0
GUARULHOS,PB,BARRA DE SANTANA,RPBI,13,0
GUARULHOS,PB,BARRA DE SAO MIGUEL,RPBI,13,0
GUARULHOS,PB,BAYEUX,RPBP,13,0
GUARULHOS,PB,BELEM,RPBI,13,0
GUARULHOS,PB,BELEM DO BREJO DO CRUZ,RPBI,13,0
GUARULHOS,PB,BERNARDINO BATISTA,RPBI,13,0
GUARULHOS,PB,BOA VENTURA,RPBI,13,0
GUARULHOS,PB,BOA VISTA,RPBI,13,0
GUARULHOS,PB,BOM JESUS,RPBI,13,0
GUARULHOS,PB,BOM SUCESSO,RPBI,13,0
GUARULHOS,PB,BONITO DE SANTA FE,RPBI,13,0
GUARULHOS,PB,BOQUEIRAO,RPBI,13,0
GUARULHOS,PB,BORBOREMA,RPBI,13,0
GUARULHOS,PB,BREJO DO CRUZ,RPBI,13,0
GUARULHOS,PB,BREJO DOS SANTOS,RPBI,13,0
GUARULHOS,PB,CAAPORA,RPBI,13,0
GUARULHOS,PB,CABACEIRAS,RPBI,13,0
GUARULHOS,PB,CABEDELO,RPBP,13,0
GUARULHOS,PB,CACHOEIRA DOS INDIOS,RPBI,13,0
GUARULHOS,PB,CACIMBA DE AREIA,RPBI,13,0
GUARULHOS,PB,CACIMBA DE DENTRO,RPBI,13,0
GUARULHOS,PB,CACIMBAS,RPBI,13,0
GUARULHOS,PB,CAICARA,RPBI,13,0
GUARULHOS,PB,CAJAZEIRAS,RPBI,13,0
GUARULHOS,PB,CAJAZEIRINHAS,RPBI,13,0
GUARULHOS,PB,CALDAS BRANDAO,RPBI,13,0
GUARULHOS,PB,CAMALAU,RPBI,13,0
GUARULHOS,PB,CAMPINA GRANDE,RPBI,13,0
GUARULHOS,PB,CAPIM,RPBI,13,0
GUARULHOS,PB,CARAUBAS,RPBI,13,0
GUARULHOS,PB,CARRAPATEIRA,RPBI,13,0
GUARULHOS,PB,CASSERENGUE,RPBI,13,0
GUARULHOS,PB,CATINGUEIRA,RPBI,13,0
GUARULHOS,PB,CATOLE DO ROCHA,RPBI,13,0
GUARULHOS,PB,CATURITE,RPBI,13,0
GUARULHOS,PB,CONCEICAO,RPBI,13,0
GUARULHOS,PB,CONDADO,RPBI,13,0
GUARULHOS,PB,CONDE,RPBP,13,0
GUARULHOS,PB,CONGO,RPBI,13,0
GUARULHOS,PB,COREMAS,RPBI,13,0
GUARULHOS,PB,COXIXOLA,RPBI,13,0
GUARULHOS,PB,CRUZ DO ESPIRITO SANTO,RPBP,10,0
GUARULHOS,PB,CUBATI,RPBI,13,0
GUARULHOS,PB,CUITE,RPBI,13,0
GUARULHOS,PB,CUITE DE MAMANGUAPE,RPBI,13,0
GUARULHOS,PB,CUITEGI,RPBI,13,0
GUARULHOS,PB,CURRAL DE CIMA,RPBI,13,0
GUARULHOS,PB,CURRAL VELHO,RPBI,13,0
GUARULHOS,PB,DAMIAO,RPBI,13,0
GUARULHOS,PB,DESTERRO,RPBI,13,0
GUARULHOS,PB,DIAMANTE,RPBI,13,0
GUARULHOS,PB,DONA INES,RPBI,13,0
GUARULHOS,PB,DUAS ESTRADAS,RPBI,13,0
GUARULHOS,PB,EMAS,RPBI,13,0
GUARULHOS,PB,ESPERANCA,RPBI,13,0
GUARULHOS,PB,FAGUNDES,RPBI,13,0
GUARULHOS,PB,FREI MARTINHO,RPBI,13,0
GUARULHOS,PB,GADO BRAVO,RPBI,13,0
GUARULHOS,PB,GUARABIRA,RPBI,13,0
GUARULHOS,PB,GURINHEM,RPBI,13,0
GUARULHOS,PB,GURJAO,RPBI,13,0
GUARULHOS,PB,IBIARA,RPBI,13,0
GUARULHOS,PB,IGARACY,RPBI,13,0
GUARULHOS,PB,IMACULADA,RPBI,13,0
GUARULHOS,PB,INGA,RPBI,13,0
GUARULHOS,PB,ITABAIANA,RPBI,13,0
GUARULHOS,PB,ITAPORANGA,RPBI,13,0
GUARULHOS,PB,ITAPOROROCA,RPBI,13,0
GUARULHOS,PB,ITATUBA,RPBI,13,0
GUARULHOS,PB,JACARAU,RPBI,13,0
GUARULHOS,PB,JERICO,RPBI,13,0
GUARULHOS,PB,JOAO PESSOA,RPBP,10,0
GUARULHOS,PB,JOCA CLAUDINO,RPBI,13,0
GUARULHOS,PB,JUAREZ TAVORA,RPBI,13,0
GUARULHOS,PB,JUAZEIRINHO,RPBI,13,0
GUARULHOS,PB,JUNCO DO SERIDO,RPBI,13,0
GUARULHOS,PB,JURIPIRANGA,RPBI,13,0
GUARULHOS,PB,JURU,RPBI,13,0
GUARULHOS,PB,LAGOA,RPBI,13,0
GUARULHOS,PB,LAGOA DE DENTRO,RPBI,13,0
GUARULHOS,PB,LAGOA SECA,RPBI,13,0
GUARULHOS,PB,LASTRO,RPBI,13,0
GUARULHOS,PB,LIVRAMENTO,RPBI,13,0
GUARULHOS,PB,LOGRADOURO,RPBI,13,0
GUARULHOS,PB,LUCENA,RPBI,13,0
GUARULHOS,PB,MAE D AGUA,RPBI,13,0
GUARULHOS,PB,MALTA,RPBI,13,0
GUARULHOS,PB,MAMANGUAPE,RPBI,13,0
GUARULHOS,PB,MANAIRA,RPBI,13,0
GUARULHOS,PB,MARCACAO,RPBI,13,0
GUARULHOS,PB,MARI,RPBI,13,0
GUARULHOS,PB,MARIZOPOLIS,RPBI,13,0
GUARULHOS,PB,MASSARANDUBA,RPBI,13,0
GUARULHOS,PB,MATARACA,RPBI,13,0
GUARULHOS,PB,MATINHAS,RPBI,13,0
GUARULHOS,PB,MATO GROSSO,RPBI,13,0
GUARULHOS,PB,MATUREIA,RPBI,13,0
GUARULHOS,PB,MOGEIRO,RPBI,13,0
GUARULHOS,PB,MONTADAS,RPBI,13,0
GUARULHOS,PB,MONTE HOREBE,RPBI,13,0
GUARULHOS,PB,MONTEIRO,RPBI,13,0
GUARULHOS,PB,MULUNGU,RPBI,13,0
GUARULHOS,PB,NATUBA,RPBI,13,0
GUARULHOS,PB,NAZAREZINHO,RPBI,13,0
GUARULHOS,PB,NOVA FLORESTA,RPBI,13,0
GUARULHOS,PB,NOVA OLINDA,RPBI,13,0
GUARULHOS,PB,NOVA PALMEIRA,RPBI,13,0
GUARULHOS,PB,OLHO D AGUA,RPBI,13,0
GUARULHOS,PB,OLIVEDOS,RPBI,13,0
GUARULHOS,PB,OURO VELHO,RPBI,13,0
GUARULHOS,PB,PARARI,RPBI,13,0
GUARULHOS,PB,PASSAGEM,RPBI,13,0
GUARULHOS,PB,PATOS,RPBI,13,0
GUARULHOS,PB,PAULISTA,RPBI,13,0
GUARULHOS,PB,PEDRA BRANCA,RPBI,13,0
GUARULHOS,PB,PEDRA LAVRADA,RPBI,13,0
GUARULHOS,PB,PEDRAS DE FOGO,RPBI,13,0
GUARULHOS,PB,PEDRO REGIS,RPBI,13,0
GUARULHOS,PB,PIANCO,RPBI,13,0
GUARULHOS,PB,PICUI,RPBI,13,0
GUARULHOS,PB,PILAR,RPBI,13,0
GUARULHOS,PB,PILOES,RPBI,13,0
GUARULHOS,PB,PILOEZINHOS,RPBI,13,0
GUARULHOS,PB,PIRPIRITUBA,RPBI,13,0
GUARULHOS,PB,PITIMBU,RPBI,13,0
GUARULHOS,PB,POCINHOS,RPBI,13,0
GUARULHOS,PB,POCO DANTAS,RPBI,13,0
GUARULHOS,PB,POCO DE JOSE DE MOURA,RPBI,13,0
GUARULHOS,PB,POMBAL,RPBI,13,0
GUARULHOS,PB,PRATA,RPBI,13,0
GUARULHOS,PB,PRINCESA ISABEL,RPBI,13,0
GUARULHOS,PB,PUXINANA,RPBI,13,0
GUARULHOS,PB,QUEIMADAS,RPBI,13,0
GUARULHOS,PB,QUIXABA,RPBI,13,0
GUARULHOS,PB,REMIGIO,RPBI,13,0
GUARULHOS,PB,RIACHAO,RPBI,13,0
GUARULHOS,PB,RIACHAO DO BACAMARTE,RPBI,13,0
GUARULHOS,PB,RIACHAO DO POCO,RPBI,13,0
GUARULHOS,PB,RIACHO DE SANTO ANTONIO,RPBI,13,0
GUARULHOS,PB,RIACHO DOS CAVALOS,RPBI,13,0
GUARULHOS,PB,RIO TINTO,RPBI,13,0
GUARULHOS,PB,SALGADINHO,RPBI,13,0
GUARULHOS,PB,SALGADO DE SAO FELIX,RPBI,13,0
GUARULHOS,PB,SANTA CECILIA,RPBI,13,0
GUARULHOS,PB,SANTA CRUZ,RPBI,13,0
GUARULHOS,PB,SANTA HELENA,RPBI,13,0
GUARULHOS,PB,SANTA INES,RPBI,13,0
GUARULHOS,PB,SANTA LUZIA,RPBP,13,0
GUARULHOS,PB,SANTA RITA,RPBP,10,0
GUARULHOS,PB,SANTA TERESINHA,RPBI,13,0
GUARULHOS,PB,SANTANA DE MANGUEIRA,RPBI,13,0
GUARULHOS,PB,SANTANA DOS GARROTES,RPBI,13,0
GUARULHOS,PB,SANTO ANDRE,RPBI,13,0
GUARULHOS,PB,SAO BENTINHO,RPBI,13,0
GUARULHOS,PB,SAO BENTO,RPBI,13,0
GUARULHOS,PB,SAO DOMINGOS,RPBI,13,0
GUARULHOS,PB,SAO DOMINGOS DO CARIRI,RPBI,13,0
GUARULHOS,PB,SAO FRANCISCO,RPBI,13,0
GUARULHOS,PB,SAO JOAO DO CARIRI,RPBI,13,0
GUARULHOS,PB,SAO JOAO DO RIO DO PEIXE,RPBI,13,0
GUARULHOS,PB,SAO JOAO DO TIGRE,RPBI,13,0
GUARULHOS,PB,SAO JOSE DA LAGOA TAPADA,RPBI,13,0
GUARULHOS,PB,SAO JOSE DE CAIANA,RPBI,13,0
GUARULHOS,PB,SAO JOSE DE ESPINHARAS,RPBI,13,0
GUARULHOS,PB,SAO JOSE DE PIRANHAS,RPBI,13,0
GUARULHOS,PB,SAO JOSE DE PRINCESA,RPBI,13,0
GUARULHOS,PB,SAO JOSE DO BONFIM,RPBI,13,0
GUARULHOS,PB,SAO JOSE DO BREJO DO CRUZ,RPBI,13,0
GUARULHOS,PB,SAO JOSE DO SABUGI,RPBI,13,0
GUARULHOS,PB,SAO JOSE DOS CORDEIROS,RPBI,13,0
GUARULHOS,PB,SAO JOSE DOS RAMOS,RPBI,13,0
GUARULHOS,PB,SAO MAMEDE,RPBI,13,0
GUARULHOS,PB,SAO MIGUEL DE TAIPU,RPBI,13,0
GUARULHOS,PB,SAO SEBASTIAO DE LAGOA DE ROCA,RPBI,13,0
GUARULHOS,PB,SAO SEBASTIAO DO UMBUZEIRO,RPBI,13,0
GUARULHOS,PB,SAO VICENTE DO SERIDO,RPBI,13,0
GUARULHOS,PB,SAPE,RPBI,13,0
GUARULHOS,PB,SERRA BRANCA,RPBI,13,0
GUARULHOS,PB,SERRA DA RAIZ,RPBI,13,0
GUARULHOS,PB,SERRA GRANDE,RPBI,13,0
GUARULHOS,PB,SERRA REDONDA,RPBI,13,0
GUARULHOS,PB,SERRARIA,RPBI,13,0
GUARULHOS,PB,SERTAOZINHO,RPBI,13,0
GUARULHOS,PB,SOBRADO,RPBI,13,0
GUARULHOS,PB,SOLANEA,RPBI,13,0
GUARULHOS,PB,SOLEDADE,RPBI,13,0
GUARULHOS,PB,SOSSEGO,RPBI,13,0
GUARULHOS,PB,SOUSA,RPBI,13,0
GUARULHOS,PB,SUME,RPBI,13,0
GUARULHOS,PB,TACIMA,RPBI,13,0
GUARULHOS,PB,TAPEROA,RPBI,13,0
GUARULHOS,PB,TAVARES,RPBI,13,0
GUARULHOS,PB,TEIXEIRA,RPBI,13,0
GUARULHOS,PB,TENORIO,RPBI,13,0
GUARULHOS,PB,TRIUNFO,RPBI,13,0
GUARULHOS,PB,UIRAUNA,RPBI,13,0
GUARULHOS,PB,UMBUZEIRO,RPBI,13,0
GUARULHOS,PB,VARZEA,RPBI,13,0
GUARULHOS,PB,VIEIROPOLIS,RPBI,13,0
GUARULHOS,PB,VISTA SERRANA,RPBI,13,0
GUARULHOS,PB,ZABELE,RPBI,13,0
GUARULHOS,PE,ABREU E LIMA,RPEP,9,0
GUARULHOS,PE,AFOGADOS DA INGAZEIRA,TRPI,13,0
GUARULHOS,PE,AFRANIO,TRPI,13,0
GUARULHOS,PE,AGRESTINA,TRPI,13,0
GUARULHOS,PE,AGUA PRETA,TRPI,13,0
GUARULHOS,PE,AGUAS BELAS,TRPI,13,0
GUARULHOS,PE,ALAGOINHA,TRPI,13,0
GUARULHOS,PE,ALIANCA,TRPI,13,0
GUARULHOS,PE,ALTINHO,TRPI,13,0
GUARULHOS,PE,AMARAJI,TRPI,13,0
GUARULHOS,PE,ANGELIM,TRPI,13,0
GUARULHOS,PE,ARACOIABA,TRPI,13,0
GUARULHOS,PE,ARARIPINA,TRPI,13,0
GUARULHOS,PE,ARCOVERDE,TRPI,13,0
GUARULHOS,PE,BARRA DE GUABIRABA,TRPI,13,0
GUARULHOS,PE,BARREIROS,TRPI,13,0
GUARULHOS,PE,BELEM DE MARIA,TRPI,13,0
GUARULHOS,PE,BELO JARDIM,TRPI,13,0
GUARULHOS,PE,BETANIA,TRPI,13,0
GUARULHOS,PE,BEZERROS,TRPI,13,0
GUARULHOS,PE,BODOCO,TRPI,13,0
GUARULHOS,PE,BOM CONSELHO,TRPI,13,0
GUARULHOS,PE,BOM JARDIM,TRPI,13,0
GUARULHOS,PE,BONITO,TRPI,13,0
GUARULHOS,PE,BREJAO,TRPI,13,0
GUARULHOS,PE,BREJINHO,TRPI,13,0
GUARULHOS,PE,BREJO DA MADRE DE DEUS,TRPI,13,0
GUARULHOS,PE,BUENOS AIRES,TRPI,13,0
GUARULHOS,PE,BUIQUE,TRPI,13,350
GUARULHOS,PE,CABO DE SANTO AGOSTINHO,RPEP,9,0
GUARULHOS,PE,CABROBO,TRPI,13,0
GUARULHOS,PE,CACHOEIRINHA,TRPI,13,0
GUARULHOS,PE,CAETES,TRPI,13,0
GUARULHOS,PE,CALCADO,TRPI,13,0
GUARULHOS,PE,CALUMBI,TRPI,13,0
GUARULHOS,PE,CAMARAGIBE,RPEP,9,0
GUARULHOS,PE,CAMOCIM DE SAO FELIX,TRPI,13,0
GUARULHOS,PE,CAMUTANGA,TRPI,13,0
GUARULHOS,PE,CANHOTINHO,TRPI,13,0
GUARULHOS,PE,CAPOEIRAS,TRPI,13,0
GUARULHOS,PE,CARNAIBA,TRPI,13,0
GUARULHOS,PE,CARNAUBEIRA DA PENHA,TRPI,13,0
GUARULHOS,PE,CARPINA,TRPI,13,0
GUARULHOS,PE,CARUARU,TRPI,13,0
GUARULHOS,PE,CASINHAS,TRPI,13,0
GUARULHOS,PE,CATENDE,TRPI,13,0
GUARULHOS,PE,CEDRO,TRPI,13,0
GUARULHOS,PE,CHA DE ALEGRIA,TRPI,13,0
GUARULHOS,PE,CHA GRANDE,TRPI,13,0
GUARULHOS,PE,CONDADO,TRPI,13,0
GUARULHOS,PE,CORRENTES,TRPI,13,0
GUARULHOS,PE,CORTES,TRPI,13,0
GUARULHOS,PE,CUMARU,TRPI,13,0
GUARULHOS,PE,CUPIRA,TRPI,13,0
GUARULHOS,PE,CUSTODIA,TRPI,13,0
GUARULHOS,PE,DORMENTES,TRPI,13,0
GUARULHOS,PE,ESCADA,TRPI,13,0
GUARULHOS,PE,EXU,TRPI,13,0
GUARULHOS,PE,FEIRA NOVA,TRPI,13,0
GUARULHOS,PE,FERREIROS,TRPI,13,0
GUARULHOS,PE,FLORES,TRPI,13,0
GUARULHOS,PE,FLORESTA,TRPI,13,0
GUARULHOS,PE,FREI MIGUELINHO,TRPI,13,0
GUARULHOS,PE,GAMELEIRA,TRPI,13,0
GUARULHOS,PE,GARANHUNS,TRPI,13,0
GUARULHOS,PE,GLORIA DO GOITA,TRPI,13,0
GUARULHOS,PE,GOIANA,TRPI,13,0
GUARULHOS,PE,GRANITO,TRPI,13,0
GUARULHOS,PE,GRAVATA,TRPI,13,0
GUARULHOS,PE,IATI,TRPI,13,0
GUARULHOS,PE,IBIMIRIM,TRPI,13,0
GUARULHOS,PE,IBIRAJUBA,TRPI,13,0
GUARULHOS,PE,IGARASSU,RPEP,9,0
GUARULHOS,PE,IGUARACI,TRPI,13,0
GUARULHOS,PE,ILHA DE ITAMARACA,RPEP,9,0
GUARULHOS,PE,INAJA,TRPI,13,0
GUARULHOS,PE,INGAZEIRA,TRPI,13,0
GUARULHOS,PE,IPOJUCA,RPEP,9,0
GUARULHOS,PE,IPUBI,TRPI,13,0
GUARULHOS,PE,ITACURUBA,TRPI,13,0
GUARULHOS,PE,ITAMBE,TRPI,13,0
GUARULHOS,PE,ITAPETIM,TRPI,13,0
GUARULHOS,PE,ITAPISSUMA,RPEP,9,0
GUARULHOS,PE,ITAQUITINGA,TRPI,13,0
GUARULHOS,PE,JABOATAO DOS GUARARAPES,RPEP,9,0
GUARULHOS,PE,JAQUEIRA,TRPI,13,0
GUARULHOS,PE,JATAUBA,TRPI,13,0
GUARULHOS,PE,JATOBA,TRPI,13,0
GUARULHOS,PE,JOAO ALFREDO,TRPI,13,0
GUARULHOS,PE,JOAQUIM NABUCO,TRPI,13,0
GUARULHOS,PE,JUCATI,TRPI,13,0
GUARULHOS,PE,JUPI,TRPI,13,0
GUARULHOS,PE,JUREMA,TRPI,13,0
GUARULHOS,PE,LAGOA DO CARRO,TRPI,13,0
GUARULHOS,PE,LAGOA DO ITAENGA,TRPI,13,0
GUARULHOS,PE,LAGOA DO OURO,TRPI,13,0
GUARULHOS,PE,LAGOA DOS GATOS,TRPI,13,0
GUARULHOS,PE,LAGOA GRANDE,TRPI,13,0
GUARULHOS,PE,LAJEDO,TRPI,13,0
GUARULHOS,PE,LIMOEIRO,TRPI,13,0
GUARULHOS,PE,MACAPARANA,TRPI,13,0
GUARULHOS,PE,MACHADOS,TRPI,13,0
GUARULHOS,PE,MANARI,TRPI,13,0
GUARULHOS,PE,MARAIAL,TRPI,13,0
GUARULHOS,PE,MIRANDIBA,TRPI,13,0
GUARULHOS,PE,MOREILANDIA,TRPI,13,0
GUARULHOS,PE,MORENO,RPEP,9,0
GUARULHOS,PE,NAZARE DA MATA,TRPI,13,0
GUARULHOS,PE,OLINDA,RPEP,9,0
GUARULHOS,PE,OROBO,TRPI,13,0
GUARULHOS,PE,OROCO,TRPI,13,0
GUARULHOS,PE,OURICURI,TRPI,13,0
GUARULHOS,PE,PALMARES,TRPI,13,0
GUARULHOS,PE,PALMEIRINA,TRPI,13,0
GUARULHOS,PE,PANELAS,TRPI,13,0
GUARULHOS,PE,PARANATAMA,TRPI,13,0
GUARULHOS,PE,PARNAMIRIM,TRPI,13,0
GUARULHOS,PE,PASSIRA,TRPI,13,0
GUARULHOS,PE,PAUDALHO,RPEP,9,0
GUARULHOS,PE,PAULISTA,RPEP,9,0
GUARULHOS,PE,PEDRA,TRPI,13,0
GUARULHOS,PE,PESQUEIRA,TRPI,13,0
GUARULHOS,PE,PETROLANDIA,TRPI,13,0
GUARULHOS,PE,PETROLINA,TRPI,13,0
GUARULHOS,PE,POCAO,TRPI,13,0
GUARULHOS,PE,POMBOS,TRPI,13,0
GUARULHOS,PE,PRIMAVERA,TRPI,13,0
GUARULHOS,PE,QUIPAPA,TRPI,13,0
GUARULHOS,PE,QUIXABA,TRPI,13,0
GUARULHOS,PE,RECIFE,RPEP,9,0
GUARULHOS,PE,RIACHO DAS ALMAS,TRPI,13,0
GUARULHOS,PE,RIBEIRAO,TRPI,13,0
GUARULHOS,PE,RIO FORMOSO,TRPI,13,0
GUARULHOS,PE,SAIRE,TRPI,13,0
GUARULHOS,PE,SALGADINHO,TRPI,13,0
GUARULHOS,PE,SALGUEIRO,TRPI,13,0
GUARULHOS,PE,SALOA,TRPI,13,0
GUARULHOS,PE,SANHARO,TRPI,13,0
GUARULHOS,PE,SANTA CRUZ,TRPI,13,0
GUARULHOS,PE,SANTA CRUZ DA BAIXA VERDE,TRPI,13,0
GUARULHOS,PE,SANTA CRUZ DO CAPIBARIBE,TRPI,13,0
GUARULHOS,PE,SANTA FILOMENA,TRPI,13,0
GUARULHOS,PE,SANTA MARIA DA BOA VISTA,TRPI,13,0
GUARULHOS,PE,SANTA MARIA DO CAMBUCA,TRPI,13,0
GUARULHOS,PE,SANTA TEREZINHA,TRPI,13,0
GUARULHOS,PE,SAO BENEDITO DO SUL,TRPI,13,0
GUARULHOS,PE,SAO BENTO DO UNA,TRPI,13,0
GUARULHOS,PE,SAO CAITANO,TRPI,13,0
GUARULHOS,PE,SAO JOAO,TRPI,13,0
GUARULHOS,PE,SAO JOAQUIM DO MONTE,TRPI,13,0
GUARULHOS,PE,SAO JOSE DA COROA GRANDE,TRPI,13,0
GUARULHOS,PE,SAO JOSE DO BELMONTE,TRPI,13,0
GUARULHOS,PE,SAO JOSE DO EGITO,TRPI,13,0
GUARULHOS,PE,SAO LOURENCO DA MATA,RPEP,9,0
GUARULHOS,PE,SAO VICENTE FERRER,TRPI,13,0
GUARULHOS,PE,SERRA TALHADA,TRPI,13,0
GUARULHOS,PE,SERRITA,TRPI,13,0
GUARULHOS,PE,SERTANIA,TRPI,13,0
GUARULHOS,PE,SIRINHAEM,TRPI,13,0
GUARULHOS,PE,SOLIDAO,TRPI,13,0
GUARULHOS,PE,SURUBIM,TRPI,13,0
GUARULHOS,PE,TABIRA,TRPI,13,0
GUARULHOS,PE,TACAIMBO,TRPI,13,0
GUARULHOS,PE,TACARATU,TRPI,13,0
GUARULHOS,PE,TAMANDARE,TRPI,13,0
GUARULHOS,PE,TAQUARITINGA DO NORTE,TRPI,13,0
GUARULHOS,PE,TEREZINHA,TRPI,13,0
GUARULHOS,PE,TERRA NOVA,TRPI,13,0
GUARULHOS,PE,TIMBAUBA,TRPI,13,0
GUARULHOS,PE,TORITAMA,TRPI,13,0
GUARULHOS,PE,TRACUNHAEM,TRPI,13,0
GUARULHOS,PE,TRINDADE,TRPI,13,0
GUARULHOS,PE,TRIUNFO,TRPI,13,0
GUARULHOS,PE,TUPANATINGA,TRPI,13,0
GUARULHOS,PE,TUPARETAMA,TRPI,13,0
GUARULHOS,PE,VENTUROSA,TRPI,13,0
GUARULHOS,PE,VERDEJANTE,TRPI,13,0
GUARULHOS,PE,VERTENTE DO LERIO,TRPI,13,0
GUARULHOS,PE,VERTENTES,TRPI,13,0
GUARULHOS,PE,VICENCIA,TRPI,13,0
GUARULHOS,PE,VITORIA DE SANTO ANTAO,RPEP,9,0
GUARULHOS,PE,XEXEU,TRPI,13,0
GUARULHOS,PI,AGUA BRANCA,RPII,14,0
GUARULHOS,PI,ALTO LONGA,RPII,14,0
GUARULHOS,PI,ALTOS,RPII,14,0
GUARULHOS,PI,BARRA D ALCANTARA,RPII,14,0
GUARULHOS,PI,BARRAS,RPII,14,0
GUARULHOS,PI,BARRO DURO,RPII,14,0
GUARULHOS,PI,BATALHA,RPII,13,0
GUARULHOS,PI,BELA VISTA DO PIAUI,RPII,14,0
GUARULHOS,PI,BENEDITINOS,RPII,14,0
GUARULHOS,PI,BOM JESUS,RPII,16,0
GUARULHOS,PI,CAMPO MAIOR,RPII,14,0
GUARULHOS,PI,CANAVIEIRA,RPII,14,0
GUARULHOS,PI,CASTELO DO PIAUI,RPII,14,0
GUARULHOS,PI,COCAL,RPII,14,0
GUARULHOS,PI,COCAL DOS ALVES,RPII,17,0
GUARULHOS,PI,COLONIA DO GURGUEIA,RPII,14,0
GUARULHOS,PI,COLONIA DO PIAUI,RPII,14,0
GUARULHOS,PI,DOMINGOS MOURAO,RPII,14,0
GUARULHOS,PI,ELESBAO VELOSO,RPII,14,0
GUARULHOS,PI,ESPERANTINA,RPII,14,0
GUARULHOS,PI,FLORIANO,RPII,14,0
GUARULHOS,PI,FRONTEIRAS,RPII,14,0
GUARULHOS,PI,GUADALUPE,RPII,14,0
GUARULHOS,PI,ILHA GRANDE,RPII,14,0
GUARULHOS,PI,INHUMA,RPII,14,0
GUARULHOS,PI,ISAIAS COELHO,RPII,14,0
GUARULHOS,PI,ITAUEIRA,RPII,14,0
GUARULHOS,PI,JACOBINA DO PIAUI,RPII,14,0
GUARULHOS,PI,JAICOS,RPII,14,0
GUARULHOS,PI,JOSE DE FREITAS,RPII,14,0
GUARULHOS,PI,LUZILANDIA,RPII,14,0
GUARULHOS,PI,MANOEL EMIDIO,RPII,14,0
GUARULHOS,PI,MARCOLANDIA,RPII,14,0
GUARULHOS,PI,MARCOS PARENTE,RPII,14,0
GUARULHOS,PI,MATIAS OLIMPIO,RPII,14,0
GUARULHOS,PI,MIGUEL ALVES,RPII,14,0
GUARULHOS,PI,MILTON BRANDAO,RPII,14,0
GUARULHOS,PI,MONSENHOR GIL,RPII,14,0
GUARULHOS,PI,OEIRAS,RPII,14,0
GUARULHOS,PI,PADRE MARCOS,RPII,14,0
GUARULHOS,PI,PAQUETA,RPII,14,0
GUARULHOS,PI,PARNAIBA,RPII,14,0
GUARULHOS,PI,PAULISTANA,RPII,14,450
GUARULHOS,PI,PAVUSSU,RPII,14,0
GUARULHOS,PI,PEDRO II,RPII,14,0
GUARULHOS,PI,PICOS,RPII,14,0
GUARULHOS,PI,PIO IX,RPII,14,0
GUARULHOS,PI,PIRACURUCA,RPII,14,0
GUARULHOS,PI,PIRIPIRI,RPII,14,0
GUARULHOS,PI,QUEIMADA NOVA,RPII,14,0
GUARULHOS,PI,REGENERACAO,RPII,14,0
GUARULHOS,PI,RIBEIRA DO PIAUI,RPII,14,0
GUARULHOS,PI,SANTA CRUZ DOS MILAGRES,RPII,14,0
GUARULHOS,PI,SAO FELIX DO PIAUI,RPII,14,0
GUARULHOS,PI,SAO JOAO DO PIAUI,RPII,14,0
GUARULHOS,PI,SAO MIGUEL DA BAIXA GRANDE,RPII,14,0
GUARULHOS,PI,SAO MIGUEL DO TAPUIO,RPII,14,0
GUARULHOS,PI,SAO RAIMUNDO NONATO,RPII,14,0
GUARULHOS,PI,SEBASTIAO LEAL,RPII,16,0
GUARULHOS,PI,SIMOES,RPII,14,0
GUARULHOS,PI,SIMPLICIO MENDES,RPII,14,0
GUARULHOS,PI,TERESINA,RPIP,11,0
GUARULHOS,PI,UNIAO,RPII,14,0
GUARULHOS,PI,URUCUI,RPII,14,0
GUARULHOS,PI,VALENCA DO PIAUI,RPII,14,0
GUARULHOS,PR,ABATIA,LDAI,5,0
GUARULHOS,PR,ADRIANOPOLIS,LDAI,5,26
GUARULHOS,PR,AGUDOS DO SUL,LDAI,5,39
GUARULHOS,PR,ALMIRANTE TAMANDARE,CWBI,5,0
GUARULHOS,PR,ALTAMIRA DO PARANA,APUI,8,169
GUARULHOS,PR,ALTO PARAISO,MGAI,5,91
GUARULHOS,PR,ALTO PARANA,MGAI,5,182
GUARULHOS,PR,ALTO PIQUIRI,MGAI,5,91
GUARULHOS,PR,ALTONIA,MGAI,5,0
GUARULHOS,PR,ALVORADA DO SUL,APUI,8,91
GUARULHOS,PR,AMAPORA,MGAI,5,156
GUARULHOS,PR,AMPERE,APUI,8,0
GUARULHOS,PR,ANAHY,APUI,8,104
GUARULHOS,PR,ANDIRA,LDAI,5,0
GUARULHOS,PR,ANGULO,MGAI,5,91
GUARULHOS,PR,ANTONINA,LDAI,5,91
GUARULHOS,PR,ANTONIO OLINTO,APUI,8,104
GUARULHOS,PR,APUCARANA,APUI,8,0
GUARULHOS,PR,ARAPONGAS,APUI,8,0
GUARULHOS,PR,ARAPOTI,APUI,8,104
GUARULHOS,PR,ARAPUA,APUI,8,234
GUARULHOS,PR,ARARUNA,MGAI,5,0
GUARULHOS,PR,ARAUCARIA,CWBI,5,0
GUARULHOS,PR,ARIRANHA DO IVAI,APUI,8,299
GUARULHOS,PR,ASSAI,LDAI,5,0
GUARULHOS,PR,ASSIS CHATEAUBRIAND,APUI,8,0
GUARULHOS,PR,ASTORGA,APUI,8,0
GUARULHOS,PR,ATALAIA,MGAI,5,0
GUARULHOS,PR,BALSA NOVA,LDAI,5,0
GUARULHOS,PR,BANDEIRANTES,LDAI,5,0
GUARULHOS,PR,BARBOSA FERRAZ,APUI,8,95
GUARULHOS,PR,BARRA DO JACARE,LDAI,5,0
GUARULHOS,PR,BARRACAO,APUI,8,0
GUARULHOS,PR,BELA VISTA DA CAROBA,APUI,8,105
GUARULHOS,PR,BELA VISTA DO PARAISO,APUI,8,91
GUARULHOS,PR,BITURUNA,APUI,8,65
GUARULHOS,PR,BOA ESPERANCA,APUI,8,104
GUARULHOS,PR,BOA ESPERANCA DO IGUACU,APUI,8,0
GUARULHOS,PR,BOA VENTURA DE SAO ROQUE,APUI,8,0
GUARULHOS,PR,BOA VISTA DA APARECIDA,APUI,8,0
GUARULHOS,PR,BOCAIUVA DO SUL,LDAI,5,91
GUARULHOS,PR,BOM JESUS DO SUL,APUI,8,143
GUARULHOS,PR,BOM SUCESSO,APUI,8,115
GUARULHOS,PR,BOM SUCESSO DO SUL,APUI,8,91
GUARULHOS,PR,BORRAZOPOLIS,APUI,8,115
GUARULHOS,PR,BRAGANEY,APUI,8,104
GUARULHOS,PR,BRASILANDIA DO SUL,MGAI,5,91
GUARULHOS,PR,CAFEARA,APUI,8,91
GUARULHOS,PR,CAFELANDIA,APUI,8,0
GUARULHOS,PR,CAFEZAL DO SUL,MGAI,5,0
GUARULHOS,PR,CALIFORNIA,APUI,8,0
GUARULHOS,PR,CAMBARA,LDAI,5,0
GUARULHOS,PR,CAMBE,LDAI,5,0
GUARULHOS,PR,CAMBIRA,APUI,8,0
GUARULHOS,PR,CAMPINA DA LAGOA,APUI,8,104
GUARULHOS,PR,CAMPINA DO SIMAO,APUI,8,104
GUARULHOS,PR,CAMPINA GRANDE DO SUL,CWBI,5,0
GUARULHOS,PR,CAMPO BONITO,APUI,8,65
GUARULHOS,PR,CAMPO DO TENENTE,LDAI,5,39
GUARULHOS,PR,CAMPO LARGO,CWBI,5,0
GUARULHOS,PR,CAMPO MAGRO,CWBI,5,104
GUARULHOS,PR,CAMPO MOURAO,MGAI,5,0
GUARULHOS,PR,CANDIDO DE ABREU,APUI,8,104
GUARULHOS,PR,CANDOI,APUI,8,0
GUARULHOS,PR,CANTAGALO,APUI,8,65
GUARULHOS,PR,CAPANEMA,APUI,8,0
GUARULHOS,PR,CAPITAO LEONIDAS MARQUES,APUI,8,0
GUARULHOS,PR,CARAMBEI,APUI,8,0
GUARULHOS,PR,CARLOPOLIS,LDAI,5,0
GUARULHOS,PR,CASCAVEL,APUI,8,0
GUARULHOS,PR,CASTRO,APUI,8,0
GUARULHOS,PR,CATANDUVAS,APUI,8,0
GUARULHOS,PR,CENTENARIO DO SUL,APUI,8,91
GUARULHOS,PR,CERRO AZUL,LDAI,5,39
GUARULHOS,PR,CEU AZUL,APUI,8,78
GUARULHOS,PR,CHOPINZINHO,APUI,8,0
GUARULHOS,PR,CIANORTE,MGAI,5,0
GUARULHOS,PR,CIDADE GAUCHA,MGAI,5,91
GUARULHOS,PR,CLEVELANDIA,APUI,8,91
GUARULHOS,PR,COLOMBO,CWBI,5,0
GUARULHOS,PR,COLORADO,APUI,8,91
GUARULHOS,PR,CONGONHINHAS,LDAI,5,0
GUARULHOS,PR,CONSELHEIRO MAIRINCK,LDAI,5,0
GUARULHOS,PR,CONTENDA,LDAI,5,39
GUARULHOS,PR,CORBELIA,APUI,8,0
GUARULHOS,PR,CORNELIO PROCOPIO,LDAI,5,91
GUARULHOS,PR,CORONEL DOMINGOS SOARES,APUI,8,195
GUARULHOS,PR,CORONEL VIVIDA,APUI,8,0
GUARULHOS,PR,CORUMBATAI DO SUL,APUI,8,91
GUARULHOS,PR,CRUZ MACHADO,APUI,8,65
GUARULHOS,PR,CRUZEIRO DO IGUACU,APUI,8,0
GUARULHOS,PR,CRUZEIRO DO OESTE,MGAI,5,0
GUARULHOS,PR,CRUZEIRO DO SUL,APUI,8,0
GUARULHOS,PR,CRUZMALTINA,APUI,8,85
GUARULHOS,PR,CURITIBA,CWBI,5,0
GUARULHOS,PR,CURIUVA,LDAI,5,65
GUARULHOS,PR,DIAMANTE D OESTE,APUI,8,0
GUARULHOS,PR,DIAMANTE DO NORTE,MGAI,5,156
GUARULHOS,PR,DIAMANTE DO SUL,APUI,8,65
GUARULHOS,PR,DOIS VIZINHOS,APUI,8,0
GUARULHOS,PR,DOURADINA,MGAI,5,0
GUARULHOS,PR,DOUTOR CAMARGO,MGAI,5,55
GUARULHOS,PR,DOUTOR ULYSSES,LDAI,5,39
GUARULHOS,PR,ENEAS MARQUES,APUI,8,91
GUARULHOS,PR,ENGENHEIRO BELTRAO,MGAI,5,0
GUARULHOS,PR,ENTRE RIOS DO OESTE,APUI,8,0
GUARULHOS,PR,ESPERANCA NOVA,MGAI,5,91
GUARULHOS,PR,ESPIGAO ALTO DO IGUACU,APUI,8,0
GUARULHOS,PR,FAROL,APUI,8,91
GUARULHOS,PR,FAXINAL,APUI,8,85
GUARULHOS,PR,FAZENDA RIO GRANDE,CWBI,5,0
GUARULHOS,PR,FENIX,APUI,8,91
GUARULHOS,PR,FERNANDES PINHEIRO,APUI,8,0
GUARULHOS,PR,FIGUEIRA,LDAI,5,104
GUARULHOS,PR,FLOR DA SERRA DO SUL,APUI,8,0
GUARULHOS,PR,FLORAI,MGAI,5,91
GUARULHOS,PR,FLORESTA,MGAI,5,91
GUARULHOS,PR,FLORESTOPOLIS,APUI,8,91
GUARULHOS,PR,FLORIDA,APUI,8,91
GUARULHOS,PR,FORMOSA DO OESTE,APUI,8,78
GUARULHOS,PR,FOZ DO IGUACU,APUI,8,0
GUARULHOS,PR,FOZ DO JORDAO,APUI,8,0
GUARULHOS,PR,FRANCISCO ALVES,MGAI,5,91
GUARULHOS,PR,FRANCISCO BELTRAO,APUI,8,0
GUARULHOS,PR,GENERAL CARNEIRO,APUI,8,65
GUARULHOS,PR,GODOY MOREIRA,APUI,8,494
GUARULHOS,PR,GOIOERE,APUI,8,0
GUARULHOS,PR,GOIOXIM,APUI,8,104
GUARULHOS,PR,GRANDES RIOS,APUI,8,104
GUARULHOS,PR,GUAIRA,MGAI,5,91
GUARULHOS,PR,GUAIRACA,MGAI,5,0
GUARULHOS,PR,GUAMIRANGA,APUI,8,104
GUARULHOS,PR,GUAPIRAMA,LDAI,5,0
GUARULHOS,PR,GUAPOREMA,MGAI,5,169
GUARULHOS,PR,GUARACI,APUI,8,104
GUARULHOS,PR,GUARANIACU,APUI,8,0
GUARULHOS,PR,GUARAPUAVA,APUI,8,0
GUARULHOS,PR,GUARAQUECABA,APUI,8,845
GUARULHOS,PR,GUARATUBA,LDAI,5,91
GUARULHOS,PR,HONORIO SERPA,APUI,8,0
GUARULHOS,PR,IBAITI,LDAI,5,0
GUARULHOS,PR,IBEMA,APUI,8,0
GUARULHOS,PR,IBIPORA,LDAI,5,0
GUARULHOS,PR,ICARAIMA,MGAI,5,91
GUARULHOS,PR,IGUARACU,MGAI,5,91
GUARULHOS,PR,IGUATU,APUI,8,104
GUARULHOS,PR,IMBAU,APUI,8,0
GUARULHOS,PR,IMBITUVA,APUI,8,0
GUARULHOS,PR,INACIO MARTINS,APUI,8,65
GUARULHOS,PR,INAJA,APUI,8,117
GUARULHOS,PR,INDIANOPOLIS,MGAI,5,0
GUARULHOS,PR,IPIRANGA,APUI,8,117
GUARULHOS,PR,IPORA,MGAI,5,0
GUARULHOS,PR,IRACEMA DO OESTE,APUI,8,104
GUARULHOS,PR,IRATI,APUI,8,0
GUARULHOS,PR,IRETAMA,APUI,8,156
GUARULHOS,PR,ITAGUAJE,APUI,8,117
GUARULHOS,PR,ITAIPULANDIA,APUI,8,0
GUARULHOS,PR,ITAMBARACA,LDAI,5,0
GUARULHOS,PR,ITAMBE,MGAI,5,91
GUARULHOS,PR,ITAPEJARA D OESTE,APUI,8,169
GUARULHOS,PR,ITAPERUCU,LDAI,5,39
GUARULHOS,PR,ITAUNA DO SUL,MGAI,5,156
GUARULHOS,PR,IVAI,APUI,8,117
GUARULHOS,PR,IVAIPORA,APUI,8,65
GUARULHOS,PR,IVATE,MGAI,5,91
GUARULHOS,PR,IVATUBA,MGAI,8,91
GUARULHOS,PR,JABOTI,LDAI,5,0
GUARULHOS,PR,JACAREZINHO,LDAI,5,0
GUARULHOS,PR,JAGUAPITA,APUI,8,91
GUARULHOS,PR,JAGUARIAIVA,APUI,8,104
GUARULHOS,PR,JANDAIA DO SUL,APUI,8,0
GUARULHOS,PR,JANIOPOLIS,APUI,8,91
GUARULHOS,PR,JAPIRA,LDAI,5,0
GUARULHOS,PR,JAPURA,MGAI,5,0
GUARULHOS,PR,JARDIM ALEGRE,APUI,8,85
GUARULHOS,PR,JARDIM OLINDA,APUI,8,117
GUARULHOS,PR,JATAIZINHO,LDAI,5,91
GUARULHOS,PR,JESUITAS,APUI,8,91
GUARULHOS,PR,JOAQUIM TAVORA,LDAI,5,0
GUARULHOS,PR,JUNDIAI DO SUL,LDAI,5,0
GUARULHOS,PR,JURANDA,APUI,8,104
GUARULHOS,PR,JUSSARA,MGAI,5,0
GUARULHOS,PR,KALORE,APUI,8,91
GUARULHOS,PR,LAPA,LDAI,5,39
GUARULHOS,PR,LARANJAL,APUI,8,104
GUARULHOS,PR,LARANJEIRAS DO SUL,APUI,8,0
GUARULHOS,PR,LEOPOLIS,LDAI,5,0
GUARULHOS,PR,LIDIANOPOLIS,APUI,8,91
GUARULHOS,PR,LINDOESTE,APUI,8,0
GUARULHOS,PR,LOANDA,MGAI,5,0
GUARULHOS,PR,LOBATO,APUI,8,91
GUARULHOS,PR,LONDRINA,LDAI,5,0
GUARULHOS,PR,LUIZIANA,APUI,8,91
GUARULHOS,PR,LUNARDELLI,APUI,8,85
GUARULHOS,PR,LUPIONOPOLIS,APUI,8,91
GUARULHOS,PR,MALLET,APUI,8,0
GUARULHOS,PR,MAMBORE,APUI,8,91
GUARULHOS,PR,MANDAGUACU,MGAI,5,0
GUARULHOS,PR,MANDAGUARI,APUI,8,0
GUARULHOS,PR,MANDIRITUBA,LDAI,5,39
GUARULHOS,PR,MANFRINOPOLIS,APUI,8,91
GUARULHOS,PR,MANGUEIRINHA,APUI,8,0
GUARULHOS,PR,MANOEL RIBAS,APUI,8,169
GUARULHOS,PR,MARECHAL CANDIDO RONDON,APUI,8,0
GUARULHOS,PR,MARIA HELENA,MGAI,5,0
GUARULHOS,PR,MARIALVA,MGAI,5,0
GUARULHOS,PR,MARILANDIA DO SUL,APUI,8,0
GUARULHOS,PR,MARILENA,MGAI,5,117
GUARULHOS,PR,MARILUZ,MGAI,5,85
GUARULHOS,PR,MARINGA,MGAI,5,0
GUARULHOS,PR,MARIOPOLIS,APUI,8,91
GUARULHOS,PR,MARIPA,APUI,8,0
GUARULHOS,PR,MARMELEIRO,APUI,8,0
GUARULHOS,PR,MARQUINHO,APUI,8,104
GUARULHOS,PR,MARUMBI,APUI,8,115
GUARULHOS,PR,MATELANDIA,APUI,8,0
GUARULHOS,PR,MATINHOS,LDAI,5,91
GUARULHOS,PR,MATO RICO,APUI,8,390
GUARULHOS,PR,MAUA DA SERRA,APUI,8,0
GUARULHOS,PR,MEDIANEIRA,APUI,8,0
GUARULHOS,PR,MERCEDES,APUI,8,0
GUARULHOS,PR,MIRADOR,APUI,8,91
GUARULHOS,PR,MIRASELVA,APUI,8,91
GUARULHOS,PR,MISSAL,APUI,8,0
GUARULHOS,PR,MOREIRA SALES,MGAI,5,91
GUARULHOS,PR,MORRETES,LDAI,5,91
GUARULHOS,PR,MUNHOZ DE MELO,APUI,8,91
GUARULHOS,PR,NOSSA SENHORA DAS GRACAS,APUI,8,91
GUARULHOS,PR,NOVA ALIANCA DO IVAI,APUI,8,104
GUARULHOS,PR,NOVA AMERICA DA COLINA,LDAI,5,0
GUARULHOS,PR,NOVA AURORA,APUI,8,0
GUARULHOS,PR,NOVA CANTU,APUI,8,104
GUARULHOS,PR,NOVA ESPERANCA,MGAI,5,91
GUARULHOS,PR,NOVA ESPERANCA DO SUDOESTE,APUI,5,0
GUARULHOS,PR,NOVA FATIMA,LDAI,5,145
GUARULHOS,PR,NOVA LARANJEIRAS,APUI,8,0
GUARULHOS,PR,NOVA LONDRINA,MGAI,5,91
GUARULHOS,PR,NOVA PRATA DO IGUACU,APUI,8,0
GUARULHOS,PR,NOVA SANTA BARBARA,LDAI,5,104
GUARULHOS,PR,NOVA SANTA ROSA,APUI,8,0
GUARULHOS,PR,NOVA TEBAS,APUI,8,169
GUARULHOS,PR,NOVO ITACOLOMI,APUI,8,91
GUARULHOS,PR,ORTIGUEIRA,APUI,8,75
GUARULHOS,PR,OURIZONA,MGAI,5,91
GUARULHOS,PR,OURO VERDE DO OESTE,APUI,8,221
GUARULHOS,PR,PAICANDU,MGAI,5,0
GUARULHOS,PR,PALMAS,APUI,8,0
GUARULHOS,PR,PALMEIRA,APUI,8,0
GUARULHOS,PR,PALMITAL,APUI,8,104
GUARULHOS,PR,PALOTINA,APUI,8,0
GUARULHOS,PR,PARAISO DO NORTE,MGAI,5,65
GUARULHOS,PR,PARANACITY,APUI,8,91
GUARULHOS,PR,PARANAGUA,LDAI,5,91
GUARULHOS,PR,PARANAPOEMA,APUI,8,117
GUARULHOS,PR,PARANAVAI,MGAI,5,0
GUARULHOS,PR,PATO BRAGADO,APUI,8,0
GUARULHOS,PR,PATO BRANCO,APUI,8,0
GUARULHOS,PR,PAULA FREITAS,APUI,8,85
GUARULHOS,PR,PAULO FRONTIN,APUI,8,0
GUARULHOS,PR,PEABIRU,MGAI,5,0
GUARULHOS,PR,PEROBAL,MGAI,5,0
GUARULHOS,PR,PEROLA,MGAI,5,0
GUARULHOS,PR,PEROLA D OESTE,APUI,8,0
GUARULHOS,PR,PIEN,LDAI,5,39
GUARULHOS,PR,PINHAIS,CWBI,5,0
GUARULHOS,PR,PINHAL DE SAO BENTO,APUI,8,117
GUARULHOS,PR,PINHALAO,LDAI,5,0
GUARULHOS,PR,PINHAO,APUI,8,0
GUARULHOS,PR,PIRAI DO SUL,APUI,8,0
GUARULHOS,PR,PIRAQUARA,CWBI,5,0
GUARULHOS,PR,PITANGA,APUI,8,85
GUARULHOS,PR,PITANGUEIRAS,APUI,8,117
GUARULHOS,PR,PLANALTINA DO PARANA,MGAI,5,130
GUARULHOS,PR,PLANALTO,APUI,8,0
GUARULHOS,PR,PONTA GROSSA,APUI,8,0
GUARULHOS,PR,PONTAL DO PARANA,LDAI,5,78
GUARULHOS,PR,PORECATU,APUI,8,78
GUARULHOS,PR,PORTO AMAZONAS,APUI,8,156
GUARULHOS,PR,PORTO BARREIRO,APUI,8,0
GUARULHOS,PR,PORTO RICO,MGAI,5,91
GUARULHOS,PR,PORTO VITORIA,APUI,8,0
GUARULHOS,PR,PRADO FERREIRA,APUI,8,91
GUARULHOS,PR,PRANCHITA,APUI,8,0
GUARULHOS,PR,PRESIDENTE CASTELO BRANCO,MGAI,5,91
GUARULHOS,PR,PRIMEIRO DE MAIO,APUI,8,91
GUARULHOS,PR,PRUDENTOPOLIS,APUI,8,0
GUARULHOS,PR,QUARTO CENTENARIO,APUI,8,130
GUARULHOS,PR,QUATIGUA,LDAI,5,0
GUARULHOS,PR,QUATRO BARRAS,CWBI,5,0
GUARULHOS,PR,QUATRO PONTES,APUI,8,0
GUARULHOS,PR,QUEDAS DO IGUACU,APUI,8,0
GUARULHOS,PR,QUERENCIA DO NORTE,MGAI,5,91
GUARULHOS,PR,QUINTA DO SOL,APUI,8,91
GUARULHOS,PR,QUITANDINHA,LDAI,5,39
GUARULHOS,PR,RAMILANDIA,APUI,8,195
GUARULHOS,PR,RANCHO ALEGRE,LDAI,5,0
GUARULHOS,PR,RANCHO ALEGRE D OESTE,APUI,8,104
GUARULHOS,PR,REALEZA,APUI,8,0
GUARULHOS,PR,REBOUCAS,APUI,8,0
GUARULHOS,PR,RENASCENCA,APUI,8,0
GUARULHOS,PR,RESERVA,APUI,8,0
GUARULHOS,PR,RESERVA DO IGUACU,APUI,8,0
GUARULHOS,PR,RIBEIRAO CLARO,LDAI,5,0
GUARULHOS,PR,RIBEIRAO DO PINHAL,LDAI,5,0
GUARULHOS,PR,RIO AZUL,APUI,8,0
GUARULHOS,PR,RIO BOM,APUI,8,91
GUARULHOS,PR,RIO BONITO DO IGUACU,APUI,8,0
GUARULHOS,PR,RIO BRANCO DO IVAI,APUI,8,91
GUARULHOS,PR,RIO BRANCO DO SUL,LDAI,5,39
GUARULHOS,PR,RIO NEGRO,LDAI,5,39
GUARULHOS,PR,ROLANDIA,LDAI,5,0
GUARULHOS,PR,RONCADOR,APUI,8,130
GUARULHOS,PR,RONDON,MGAI,5,0
GUARULHOS,PR,ROSARIO DO IVAI,APUI,8,104
GUARULHOS,PR,SABAUDIA,APUI,8,0
GUARULHOS,PR,SALGADO FILHO,APUI,8,91
GUARULHOS,PR,SALTO DO LONTRA,APUI,8,0
GUARULHOS,PR,SANTA AMELIA,LDAI,5,0
GUARULHOS,PR,SANTA CECILIA DO PAVAO,LDAI,5,104
GUARULHOS,PR,SANTA CRUZ DE MONTE CASTELO,MGAI,5,104
GUARULHOS,PR,SANTA FE,APUI,8,91
GUARULHOS,PR,SANTA HELENA,APUI,8,0
GUARULHOS,PR,SANTA INES,APUI,8,104
GUARULHOS,PR,SANTA ISABEL DO IVAI,MGAI,5,91
GUARULHOS,PR,SANTA IZABEL DO OESTE,APUI,8,0
GUARULHOS,PR,SANTA LUCIA,APUI,8,0
GUARULHOS,PR,SANTA MARIA DO OESTE,APUI,8,0
GUARULHOS,PR,SANTA MARIANA,LDAI,5,0
GUARULHOS,PR,SANTA MONICA,MGAI,5,156
GUARULHOS,PR,SANTA TEREZA DO OESTE,APUI,8,0
GUARULHOS,PR,SANTA TEREZINHA DE ITAIPU,APUI,8,0
GUARULHOS,PR,SANTANA DO ITARARE,LDAI,5,91
GUARULHOS,PR,SANTO ANTONIO DA PLATINA,LDAI,5,0
GUARULHOS,PR,SANTO ANTONIO DO CAIUA,APUI,8,104
GUARULHOS,PR,SANTO ANTONIO DO PARAISO,LDAI,5,65
GUARULHOS,PR,SANTO ANTONIO DO SUDOESTE,APUI,7,0
GUARULHOS,PR,SANTO INACIO,APUI,8,91
GUARULHOS,PR,SAO CARLOS DO IVAI,MGAI,5,91
GUARULHOS,PR,SAO JERONIMO DA SERRA,LDAI,5,104
GUARULHOS,PR,SAO JOAO,APUI,8,0
GUARULHOS,PR,SAO JOAO DO CAIUA,APUI,8,78
GUARULHOS,PR,SAO JOAO DO IVAI,APUI,8,115
GUARULHOS,PR,SAO JOAO DO TRIUNFO,APUI,8,104
GUARULHOS,PR,SAO JORGE D OESTE,APUI,8,0
GUARULHOS,PR,SAO JORGE DO IVAI,MGAI,5,91
GUARULHOS,PR,SAO JORGE DO PATROCINIO,MGAI,5,91
GUARULHOS,PR,SAO JOSE DA BOA VISTA,LDAI,5,65
GUARULHOS,PR,SAO JOSE DAS PALMEIRAS,APUI,8,78
GUARULHOS,PR,SAO JOSE DOS PINHAIS,CWBI,5,0
GUARULHOS,PR,SAO MANOEL DO PARANA,MGAI,5,169
GUARULHOS,PR,SAO MATEUS DO SUL,APUI,8,65
GUARULHOS,PR,SAO MIGUEL DO IGUACU,APUI,8,0
GUARULHOS,PR,SAO PEDRO DO IGUACU,APUI,8,227.5
GUARULHOS,PR,SAO PEDRO DO IVAI,APUI,8,65
GUARULHOS,PR,SAO PEDRO DO PARANA,MGAI,5,91
GUARULHOS,PR,SAO SEBASTIAO DA AMOREIRA,LDAI,5,0
GUARULHOS,PR,SAO TOME,MGAI,5,0
GUARULHOS,PR,SAPOPEMA,LDAI,5,65
GUARULHOS,PR,SARANDI,MGAI,5,0
GUARULHOS,PR,SAUDADE DO IGUACU,APUI,8,0
GUARULHOS,PR,SENGES,APUI,8,65
GUARULHOS,PR,SERRANOPOLIS DO IGUACU,APUI,8,0
GUARULHOS,PR,SERTANEJA,LDAI,5,105
GUARULHOS,PR,SERTANOPOLIS,APUI,8,91
GUARULHOS,PR,SIQUEIRA CAMPOS,LDAI,5,39
GUARULHOS,PR,SULINA,APUI,8,0
GUARULHOS,PR,TAMARANA,APUI,8,91
GUARULHOS,PR,TAMBOARA,MGAI,5,91
GUARULHOS,PR,TAPEJARA,MGAI,5,0
GUARULHOS,PR,TAPIRA,MGAI,5,91
GUARULHOS,PR,TEIXEIRA SOARES,APUI,8,0
GUARULHOS,PR,TELEMACO BORBA,APUI,8,0
GUARULHOS,PR,TERRA BOA,MGAI,5,0
GUARULHOS,PR,TERRA RICA,MGAI,5,130
GUARULHOS,PR,TERRA ROXA,APUI,5,91
GUARULHOS,PR,TIBAGI,APUI,8,104
GUARULHOS,PR,TIJUCAS DO SUL,LDAI,5,39
GUARULHOS,PR,TOLEDO,APUI,8,0
GUARULHOS,PR,TOMAZINA,LDAI,5,85
GUARULHOS,PR,TRES BARRAS DO PARANA,APUI,8,0
GUARULHOS,PR,TUNAS DO PARANA,LDAI,5,39
GUARULHOS,PR,TUNEIRAS DO OESTE,MGAI,5,91
GUARULHOS,PR,TUPASSI,APUI,8,0
GUARULHOS,PR,TURVO,APUI,8,0
GUARULHOS,PR,UBIRATA,APUI,8,78
GUARULHOS,PR,UMUARAMA,MGAI,5,0
GUARULHOS,PR,UNIAO DA VITORIA,APUI,8,0
GUARULHOS,PR,UNIFLOR,APUI,8,91
GUARULHOS,PR,URAI,LDAI,5,0
GUARULHOS,PR,VENTANIA,APUI,8,156
GUARULHOS,PR,VERA CRUZ DO OESTE,APUI,8,104
GUARULHOS,PR,VERE,APUI,8,0
GUARULHOS,PR,VIRMOND,APUI,8,0
GUARULHOS,PR,VITORINO,APUI,8,0
GUARULHOS,PR,WENCESLAU BRAZ,LDAI,5,39
GUARULHOS,PR,XAMBRE,MGAI,5,0
GUARULHOS,RJ,ANGRA DOS REIS,BMAR,8,0
GUARULHOS,RJ,APERIBE,GOYI,7,0
GUARULHOS,RJ,ARARUAMA,LAGR,8,0
GUARULHOS,RJ,AREAL,BMAI,7,0
GUARULHOS,RJ,ARMACAO DOS BUZIOS,LAGI,7,0
GUARULHOS,RJ,ARRAIAL DO CABO,LAGI,7,0
GUARULHOS,RJ,BARRA DO PIRAI,BMAR,8,0
GUARULHOS,RJ,BARRA MANSA,BMAR,8,0
GUARULHOS,RJ,BELFORD ROXO,RIOP,4,0
GUARULHOS,RJ,BOM JARDIM,UNIP,8,0
GUARULHOS,RJ,BOM JESUS DO ITABAPOANA,GOYI,7,0
GUARULHOS,RJ,CABO FRIO,LAGR,8,0
GUARULHOS,RJ,CACHOEIRAS DE MACACU,UNIP,8,0
GUARULHOS,RJ,CAMBUCI,GOYI,7,0
GUARULHOS,RJ,CAMPOS DOS GOYTACAZES,GOYR,8,0
GUARULHOS,RJ,CANTAGALO,UNIP,8,0
GUARULHOS,RJ,CARAPEBUS,GOYI,7,0
GUARULHOS,RJ,CARDOSO MOREIRA,GOYI,7,0
GUARULHOS,RJ,CARMO,UNIP,8,100
GUARULHOS,RJ,CASIMIRO DE ABREU,LAGI,7,0
GUARULHOS,RJ,COMENDADOR LEVY GASPARIAN,BMAI,7,0
GUARULHOS,RJ,CONCEICAO DE MACABU,GOYI,7,0
GUARULHOS,RJ,CORDEIRO,UNIP,8,0
GUARULHOS,RJ,DUAS BARRAS,UNIP,8,0
GUARULHOS,RJ,DUQUE DE CAXIAS,RIOP,4,0
GUARULHOS,RJ,ENGENHEIRO PAULO DE FRONTIN,BMAR,8,0
GUARULHOS,RJ,GUAPIMIRIM,UNIP,8,0
GUARULHOS,RJ,IGUABA GRANDE,LAGI,7,0
GUARULHOS,RJ,ITABORAI,LAGR,8,0
GUARULHOS,RJ,ITAGUAI,RIOR,8,0
GUARULHOS,RJ,ITALVA,GOYI,7,0
GUARULHOS,RJ,ITAOCARA,GOYI,7,0
GUARULHOS,RJ,ITAPERUNA,GOYR,8,0
GUARULHOS,RJ,ITATIAIA,BMAR,8,0
GUARULHOS,RJ,JAPERI,BMAI,7,0
GUARULHOS,RJ,LAJE DO MURIAE,GOYI,7,0
GUARULHOS,RJ,MACAE,LAGR,8,0
GUARULHOS,RJ,MACUCO,UNIP,8,100
GUARULHOS,RJ,MAGE,RIOR,8,0
GUARULHOS,RJ,MANGARATIBA,BMAI,7,0
GUARULHOS,RJ,MARICA,LAGR,8,0
GUARULHOS,RJ,MENDES,BMAI,7,0
GUARULHOS,RJ,MESQUITA,RIOP,4,0
GUARULHOS,RJ,MIGUEL PEREIRA,BMAI,7,0
GUARULHOS,RJ,MIRACEMA,GOYI,7,0
GUARULHOS,RJ,NATIVIDADE,GOYI,7,0
GUARULHOS,RJ,NILOPOLIS,RIOP,4,0
GUARULHOS,RJ,NITEROI,RIOR,8,0
GUARULHOS,RJ,NOVA FRIBURGO,UNIP,8,0
GUARULHOS,RJ,NOVA IGUACU,RIOP,4,0
GUARULHOS,RJ,PARACAMBI,BMAI,7,0
GUARULHOS,RJ,PARAIBA DO SUL,BMAI,7,0
GUARULHOS,RJ,PARATY,BMAI,7,0
GUARULHOS,RJ,PATY DO ALFERES,BMAI,7,0
GUARULHOS,RJ,PETROPOLIS,RIOR,8,0
GUARULHOS,RJ,PINHEIRAL,BMAR,8,0
GUARULHOS,RJ,PIRAI,BMAR,8,0
GUARULHOS,RJ,PORCIUNCULA,GOYI,7,0
GUARULHOS,RJ,PORTO REAL,BMAR,8,0
GUARULHOS,RJ,QUATIS,BMAR,8,0
GUARULHOS,RJ,QUEIMADOS,BMAI,7,0
GUARULHOS,RJ,QUISSAMA,GOYI,7,0
GUARULHOS,RJ,RESENDE,BMAR,8,0
GUARULHOS,RJ,RIO BONITO,LAGR,8,0
GUARULHOS,RJ,RIO CLARO,BMAI,7,0
GUARULHOS,RJ,RIO DAS FLORES,BMAI,7,0
GUARULHOS,RJ,RIO DAS OSTRAS,LAGR,8,0
GUARULHOS,RJ,RIO DE JANEIRO,RIOP,4,0
GUARULHOS,RJ,SANTA MARIA MADALENA,UNIP,8,0
GUARULHOS,RJ,SANTO ANTONIO DE PADUA,GOYI,7,0
GUARULHOS,RJ,SAO FIDELIS,GOYI,7,0
GUARULHOS,RJ,SAO FRANCISCO DE ITABAPOANA,GOYR,8,0
GUARULHOS,RJ,SAO GONCALO,RIOR,8,0
GUARULHOS,RJ,SAO JOAO DA BARRA,GOYR,8,0
GUARULHOS,RJ,SAO JOAO DE MERITI,RIOP,4,0
GUARULHOS,RJ,SAO JOSE DE UBA,GOYI,7,0
GUARULHOS,RJ,SAO JOSE DO VALE DO RIO PRETO,UNIP,7,250
GUARULHOS,RJ,SAO PEDRO DA ALDEIA,LAGR,8,0
GUARULHOS,RJ,SAO SEBASTIAO DO ALTO,UNIP,7,0
GUARULHOS,RJ,SAPUCAIA,UNIP,8,100
GUARULHOS,RJ,SAQUAREMA,LAGR,8,0
GUARULHOS,RJ,SEROPEDICA,RIOR,8,0
GUARULHOS,RJ,SILVA JARDIM,LAGI,7,0
GUARULHOS,RJ,SUMIDOURO,UNIP,8,100
GUARULHOS,RJ,TANGUA,LAGI,7,0
GUARULHOS,RJ,TERESOPOLIS,UNIP,8,0
GUARULHOS,RJ,TRAJANO DE MORAES,UNIP,8,0
GUARULHOS,RJ,TRES RIOS,BMAR,8,0
GUARULHOS,RJ,VALENCA,BMAR,8,0
GUARULHOS,RJ,VARRE-SAI,GOYI,7,0
GUARULHOS,RJ,VASSOURAS,BMAI,7,0
GUARULHOS,RJ,VOLTA REDONDA,BMAR,8,0
GUARULHOS,RN,ACARI,RRNI,14,0
GUARULHOS,RN,ACU,RRNI,14,0
GUARULHOS,RN,AFONSO BEZERRA,RRNI,14,0
GUARULHOS,RN,AGUA NOVA,RRNI,14,0
GUARULHOS,RN,ALEXANDRIA,RRNI,14,0
GUARULHOS,RN,ALMINO AFONSO,RRNI,14,0
GUARULHOS,RN,ALTO DO RODRIGUES,RRNI,14,0
GUARULHOS,RN,ANGICOS,RRNI,14,0
GUARULHOS,RN,ANTONIO MARTINS,RRNI,14,0
GUARULHOS,RN,APODI,RRNI,14,0
GUARULHOS,RN,AREIA BRANCA,RRNI,14,0
GUARULHOS,RN,AREZ,RRNI,14,0
GUARULHOS,RN,BAIA FORMOSA,RRNI,14,0
GUARULHOS,RN,BARAUNA,RRNI,14,0
GUARULHOS,RN,BARCELONA,RRNI,14,0
GUARULHOS,RN,BENTO FERNANDES,RRNI,14,0
GUARULHOS,RN,BOA SAUDE,RRNI,14,0
GUARULHOS,RN,BODO,RRNI,14,0
GUARULHOS,RN,BOM JESUS,RRNI,14,0
GUARULHOS,RN,BREJINHO,RRNI,14,0
GUARULHOS,RN,CAICARA DO NORTE,RRNI,14,0
GUARULHOS,RN,CAICARA DO RIO DO VENTO,RRNI,14,0
GUARULHOS,RN,CAICO,RRNI,14,0
GUARULHOS,RN,CAMPO GRANDE,RRNI,14,0
GUARULHOS,RN,CAMPO REDONDO,RRNI,14,0
GUARULHOS,RN,CANGUARETAMA,RRNI,14,0
GUARULHOS,RN,CARAUBAS,RRNI,14,0
GUARULHOS,RN,CARNAUBA DOS DANTAS,RRNI,14,0
GUARULHOS,RN,CARNAUBAIS,RRNI,14,0
GUARULHOS,RN,CEARA-MIRIM,RRNI,14,0
GUARULHOS,RN,CERRO CORA,RRNI,14,0
GUARULHOS,RN,CORONEL EZEQUIEL,RRNI,14,0
GUARULHOS,RN,CORONEL JOAO PESSOA,RRNI,14,0
GUARULHOS,RN,CRUZETA,RRNI,14,0
GUARULHOS,RN,CURRAIS NOVOS,RRNI,14,0
GUARULHOS,RN,DOUTOR SEVERIANO,RRNI,14,0
GUARULHOS,RN,ENCANTO,RRNI,14,0
GUARULHOS,RN,EQUADOR,RRNI,14,0
GUARULHOS,RN,ESPIRITO SANTO,RRNI,14,0
GUARULHOS,RN,EXTREMOZ,RRNI,11,0
GUARULHOS,RN,FELIPE GUERRA,RRNI,14,0
GUARULHOS,RN,FERNANDO PEDROZA,RRNI,14,0
GUARULHOS,RN,FLORANIA,RRNI,14,0
GUARULHOS,RN,FRANCISCO DANTAS,RRNI,14,0
GUARULHOS,RN,FRUTUOSO GOMES,RRNI,14,0
GUARULHOS,RN,GALINHOS,RRNI,14,0
GUARULHOS,RN,GOIANINHA,RRNI,14,0
GUARULHOS,RN,GOVERNADOR DIX-SEPT ROSADO,RRNI,14,0
GUARULHOS,RN,GROSSOS,RRNI,14,0
GUARULHOS,RN,GUAMARE,RRNI,14,0
GUARULHOS,RN,IELMO MARINHO,RRNI,14,0
GUARULHOS,RN,IPANGUACU,RRNI,14,0
GUARULHOS,RN,IPUEIRA,RRNI,14,0
GUARULHOS,RN,ITAJA,RRNI,14,0
GUARULHOS,RN,ITAU,RRNI,14,0
GUARULHOS,RN,JACANA,RRNI,14,0
GUARULHOS,RN,JANDAIRA,RRNI,14,0
GUARULHOS,RN,JANDUIS,RRNI,14,0
GUARULHOS,RN,JAPI,RRNI,14,0
GUARULHOS,RN,JARDIM DE ANGICOS,RRNI,14,0
GUARULHOS,RN,JARDIM DE PIRANHAS,RRNI,14,0
GUARULHOS,RN,JARDIM DO SERIDO,RRNI,14,0
GUARULHOS,RN,JOAO CAMARA,RRNI,14,0
GUARULHOS,RN,JOAO DIAS,RRNI,14,0
GUARULHOS,RN,JOSE DA PENHA,RRNI,14,0
GUARULHOS,RN,JUCURUTU,RRNI,14,0
GUARULHOS,RN,JUNDIA,RRNI,14,0
GUARULHOS,RN,LAGOA D ANTA,RRNI,14,0
GUARULHOS,RN,LAGOA DE PEDRAS,RRNI,14,0
GUARULHOS,RN,LAGOA DE VELHOS,RRNI,14,0
GUARULHOS,RN,LAGOA NOVA,RRNI,14,0
GUARULHOS,RN,LAGOA SALGADA,RRNI,14,0
GUARULHOS,RN,LAJES,RRNI,14,0
GUARULHOS,RN,LAJES PINTADAS,RRNI,14,0
GUARULHOS,RN,LUCRECIA,RRNI,14,0
GUARULHOS,RN,LUIS GOMES,RRNI,14,0
GUARULHOS,RN,MACAIBA,RRNP,11,0
GUARULHOS,RN,MACAU,RRNI,14,0
GUARULHOS,RN,MAJOR SALES,RRNI,14,0
GUARULHOS,RN,MARCELINO VIEIRA,RRNI,14,0
GUARULHOS,RN,MARTINS,RRNI,14,0
GUARULHOS,RN,MAXARANGUAPE,RRNI,14,0
GUARULHOS,RN,MESSIAS TARGINO,RRNI,14,0
GUARULHOS,RN,MONTANHAS,RRNI,14,0
GUARULHOS,RN,MONTE ALEGRE,RRNI,14,0
GUARULHOS,RN,MONTE DAS GAMELEIRAS,RRNI,14,0
GUARULHOS,RN,MOSSORO,RRNP,11,0
GUARULHOS,RN,NATAL,RRNP,11,0
GUARULHOS,RN,NISIA FLORESTA,RRNI,14,0
GUARULHOS,RN,NOVA CRUZ,RRNI,14,0
GUARULHOS,RN,OLHO-D AGUA DO BORGES,RRNI,14,0
GUARULHOS,RN,OURO BRANCO,RRNI,14,0
GUARULHOS,RN,PARANA,RRNI,14,0
GUARULHOS,RN,PARAU,RRNI,14,0
GUARULHOS,RN,PARAZINHO,RRNI,14,0
GUARULHOS,RN,PARELHAS,RRNI,14,0
GUARULHOS,RN,PARNAMIRIM,RRNP,11,0
GUARULHOS,RN,PASSA E FICA,RRNI,14,0
GUARULHOS,RN,PASSAGEM,RRNI,14,0
GUARULHOS,RN,PATU,RRNI,14,0
GUARULHOS,RN,PAU DOS FERROS,RRNI,14,0
GUARULHOS,RN,PEDRA GRANDE,RRNI,14,0
GUARULHOS,RN,PEDRA PRETA,RRNI,14,0
GUARULHOS,RN,PEDRO AVELINO,RRNI,14,0
GUARULHOS,RN,PEDRO VELHO,RRNI,14,0
GUARULHOS,RN,PENDENCIAS,RRNI,14,0
GUARULHOS,RN,PILOES,RRNI,14,0
GUARULHOS,RN,POCO BRANCO,RRNI,14,0
GUARULHOS,RN,PORTALEGRE,RRNI,14,0
GUARULHOS,RN,PORTO DO MANGUE,RRNI,14,0
GUARULHOS,RN,PUREZA,RRNI,14,0
GUARULHOS,RN,RAFAEL FERNANDES,RRNI,14,0
GUARULHOS,RN,RAFAEL GODEIRO,RRNI,14,0
GUARULHOS,RN,RIACHO DA CRUZ,RRNI,14,0
GUARULHOS,RN,RIACHO DE SANTANA,RRNI,14,0
GUARULHOS,RN,RIACHUELO,RRNI,14,0
GUARULHOS,RN,RIO DO FOGO,RRNI,14,0
GUARULHOS,RN,RODOLFO FERNANDES,RRNI,14,0
GUARULHOS,RN,RUY BARBOSA,RRNI,14,0
GUARULHOS,RN,SANTA CRUZ,RRNI,14,0
GUARULHOS,RN,SANTA MARIA,RRNI,14,0
GUARULHOS,RN,SANTANA DO MATOS,RRNI,14,0
GUARULHOS,RN,SANTANA DO SERIDO,RRNI,14,0
GUARULHOS,RN,SANTO ANTONIO,RRNI,14,0
GUARULHOS,RN,SAO BENTO DO NORTE,RRNI,14,0
GUARULHOS,RN,SAO BENTO DO TRAIRI,RRNI,14,0
GUARULHOS,RN,SAO FERNANDO,RRNI,14,0
GUARULHOS,RN,SAO FRANCISCO DO OESTE,RRNI,14,0
GUARULHOS,RN,SAO GONCALO DO AMARANTE,RRNP,11,0
GUARULHOS,RN,SAO JOAO DO SABUGI,RRNI,14,0
GUARULHOS,RN,SAO JOSE DE MIPIBU,RRNI,14,0
GUARULHOS,RN,SAO JOSE DO CAMPESTRE,RRNI,14,0
GUARULHOS,RN,SAO JOSE DO SERIDO,RRNI,14,0
GUARULHOS,RN,SAO MIGUEL,RRNI,14,0
GUARULHOS,RN,SAO MIGUEL DO GOSTOSO,RRNI,14,0
GUARULHOS,RN,SAO PAULO DO POTENGI,RRNP,11,0
GUARULHOS,RN,SAO PEDRO,RRNI,14,0
GUARULHOS,RN,SAO RAFAEL,RRNI,14,0
GUARULHOS,RN,SAO TOME,RRNI,14,0
GUARULHOS,RN,SAO VICENTE,RRNI,14,0
GUARULHOS,RN,SENADOR ELOI DE SOUZA,RRNI,14,0
GUARULHOS,RN,SENADOR GEORGINO AVELINO,RRNI,14,0
GUARULHOS,RN,SERRA CAIADA,RRNI,14,0
GUARULHOS,RN,SERRA DE SAO BENTO,RRNI,14,0
GUARULHOS,RN,SERRA DO MEL,RRNI,14,0
GUARULHOS,RN,SERRA NEGRA DO NORTE,RRNI,14,0
GUARULHOS,RN,SERRINHA,RRNI,14,0
GUARULHOS,RN,SERRINHA DOS PINTOS,RRNI,14,0
GUARULHOS,RN,SEVERIANO MELO,RRNI,14,0
GUARULHOS,RN,SITIO NOVO,RRNI,14,0
GUARULHOS,RN,TABOLEIRO GRANDE,RRNI,14,0
GUARULHOS,RN,TAIPU,RRNI,14,0
GUARULHOS,RN,TANGARA,RRNI,14,0
GUARULHOS,RN,TENENTE ANANIAS,RRNI,14,0
GUARULHOS,RN,TENENTE LAURENTINO CRUZ,RRNI,14,0
GUARULHOS,RN,TIBAU,RRNI,14,0
GUARULHOS,RN,TIBAU DO SUL,RRNI,14,0
GUARULHOS,RN,TIMBAUBA DOS BATISTAS,RRNI,14,0
GUARULHOS,RN,TOUROS,RRNI,14,0
GUARULHOS,RN,TRIUNFO POTIGUAR,RRNI,14,0
GUARULHOS,RN,UMARIZAL,RRNI,14,0
GUARULHOS,RN,UPANEMA,RRNI,14,0
GUARULHOS,RN,VARZEA,RRNI,14,0
GUARULHOS,RN,VENHA-VER,RRNI,14,0
GUARULHOS,RN,VERA CRUZ,RRNI,14,0
GUARULHOS,RN,VICOSA,RRNI,14,0
GUARULHOS,RN,VILA FLOR,RRNI,14,0
GUARULHOS,RO,ALTA FLORESTA D OESTE,RROI,13,60
GUARULHOS,RO,ALTO ALEGRE DOS PARECIS,RROI,13,0
GUARULHOS,RO,ALTO PARAISO,RROI,13,0
GUARULHOS,RO,ALVORADA D OESTE,RROI,13,0
GUARULHOS,RO,ARIQUEMES,RROI,13,0
GUARULHOS,RO,BURITIS,RROI,13,0
GUARULHOS,RO,CABIXI,RROI,13,0
GUARULHOS,RO,CACAULANDIA,RROI,13,0
GUARULHOS,RO,CACOAL,RROI,13,0
GUARULHOS,RO,CAMPO NOVO DE RONDONIA,RROI,13,0
GUARULHOS,RO,CANDEIAS DO JAMARI,RROI,13,0
GUARULHOS,RO,CASTANHEIRAS,RROI,13,0
GUARULHOS,RO,CEREJEIRAS,RROI,13,0
GUARULHOS,RO,CHUPINGUAIA,RROI,13,0
GUARULHOS,RO,COLORADO DO OESTE,RROI,13,0
GUARULHOS,RO,CORUMBIARA,RROI,13,0
GUARULHOS,RO,COSTA MARQUES,RROI,13,60
GUARULHOS,RO,CUJUBIM,RROI,13,0
GUARULHOS,RO,ESPIGAO D OESTE,RROI,13,0
GUARULHOS,RO,GOVERNADOR JORGE TEIXEIRA,RROI,13,60
GUARULHOS,RO,GUAJARA-MIRIM,RROI,13,0
GUARULHOS,RO,ITAPUA DO OESTE,RROI,13,0
GUARULHOS,RO,JARU,RROI,13,0
GUARULHOS,RO,JI-PARANA,RROI,13,0
GUARULHOS,RO,MACHADINHO D OESTE,RROI,13,0
GUARULHOS,RO,MINISTRO ANDREAZZA,RROI,13,0
GUARULHOS,RO,MIRANTE DA SERRA,RROI,13,0
GUARULHOS,RO,MONTE NEGRO,RROI,13,0
GUARULHOS,RO,NOVA BRASILANDIA D OESTE,RROI,13,0
GUARULHOS,RO,NOVA MAMORE,RROI,13,0
GUARULHOS,RO,NOVA UNIAO,RROI,13,0
GUARULHOS,RO,NOVO HORIZONTE DO OESTE,RROI,13,0
GUARULHOS,RO,OURO PRETO DO OESTE,RROI,13,0
GUARULHOS,RO,PARECIS,RROI,13,0
GUARULHOS,RO,PIMENTA BUENO,RROI,13,0
GUARULHOS,RO,PIMENTEIRAS DO OESTE,RROI,13,0
GUARULHOS,RO,PORTO VELHO,RROP,9,0
GUARULHOS,RO,PRESIDENTE MEDICI,RROI,13,0
GUARULHOS,RO,PRIMAVERA DE RONDONIA,RROI,13,0
GUARULHOS,RO,RIO CRESPO,RROI,13,0
GUARULHOS,RO,ROLIM DE MOURA,RROI,13,0
GUARULHOS,RO,SANTA LUZIA D OESTE,RROI,13,0
GUARULHOS,RO,SAO FELIPE D OESTE,RROI,13,0
GUARULHOS,RO,SAO FRANCISCO DO GUAPORE,RROI,13,0
GUARULHOS,RO,SAO MIGUEL DO GUAPORE,RROI,13,0
GUARULHOS,RO,SERINGUEIRAS,RROI,13,0
GUARULHOS,RO,TEIXEIROPOLIS,RROI,13,0
GUARULHOS,RO,THEOBROMA,RROI,13,60
GUARULHOS,RO,URUPA,RROI,13,0
GUARULHOS,RO,VALE DO ANARI,RROI,13,0
GUARULHOS,RO,VALE DO PARAISO,RROI,13,0
GUARULHOS,RO,VILHENA,RROI,13,0
GUARULHOS,RR,ALTO ALEGRE,RRRI,26,0
GUARULHOS,RR,AMAJARI,RRRI,26,0
GUARULHOS,RR,BOA VISTA,RRRP,23,0
GUARULHOS,RR,BONFIM,RRRI,26,0
GUARULHOS,RR,CANTA,RRRI,26,0
GUARULHOS,RR,CARACARAI,RRRI,26,0
GUARULHOS,RR,CAROEBE,RRRI,26,0
GUARULHOS,RR,IRACEMA,RRRI,26,0
GUARULHOS,RR,MUCAJAI,RRRI,26,0
GUARULHOS,RR,NORMANDIA,RRRI,26,0
GUARULHOS,RR,PACARAIMA,RRRI,26,0
GUARULHOS,RR,RORAINOPOLIS,RRRI,26,0
GUARULHOS,RR,SAO JOAO DA BALIZA,RRRI,26,0
GUARULHOS,RR,SAO LUIZ,RRRI,26,0
GUARULHOS,RR,UIRAMUTA,RRRI,26,0
GUARULHOS,RS,ACEGUA,RSIR,11,400
GUARULHOS,RS,AGUA SANTA,RSIR,11,160
GUARULHOS,RS,AGUDO,RSIP,11,0
GUARULHOS,RS,AJURICABA,RSIR,11,0
GUARULHOS,RS,ALECRIM,RSIR,11,0
GUARULHOS,RS,ALEGRETE,RSIR,11,0
GUARULHOS,RS,ALEGRIA,RSIR,11,160
GUARULHOS,RS,ALMIRANTE TAMANDARE DO SUL,RSIR,11,160
GUARULHOS,RS,ALPESTRE,RSIR,11,266.67
GUARULHOS,RS,ALTO ALEGRE,RSIR,11,266.67
GUARULHOS,RS,ALTO FELIZ,RSIP,11,160
GUARULHOS,RS,ALVORADA,POAP,8,0
GUARULHOS,RS,AMARAL FERRADOR,RSIR,11,400
GUARULHOS,RS,AMETISTA DO SUL,RSIR,11,160
GUARULHOS,RS,ANDRE DA ROCHA,CXSP,8,266.67
GUARULHOS,RS,ANTA GORDA,RSIP,11,160
GUARULHOS,RS,ANTONIO PRADO,CXSP,8,266.67
GUARULHOS,RS,ARAMBARE,RSIR,11,160
GUARULHOS,RS,ARARICA,POAP,8,0
GUARULHOS,RS,ARATIBA,RSIR,11,0
GUARULHOS,RS,ARROIO DO MEIO,RSIP,11,0
GUARULHOS,RS,ARROIO DO PADRE,RSIR,11,160
GUARULHOS,RS,ARROIO DO SAL,CXSP,8,0
GUARULHOS,RS,ARROIO DO TIGRE,RSIP,11,160
GUARULHOS,RS,ARROIO DOS RATOS,RSIP,11,0
GUARULHOS,RS,ARROIO GRANDE,RSIR,11,160
GUARULHOS,RS,ARVOREZINHA,RSIP,11,160
GUARULHOS,RS,AUGUSTO PESTANA,RSIR,11,0
GUARULHOS,RS,AUREA,RSIR,11,266.67
GUARULHOS,RS,BAGE,RSIR,11,0
GUARULHOS,RS,BALNEARIO PINHAL,CXSP,8,0
GUARULHOS,RS,BARAO,RSIP,11,333.33
GUARULHOS,RS,BARAO DE COTEGIPE,RSIR,11,266.67
GUARULHOS,RS,BARAO DO TRIUNFO,RSIR,11,400
GUARULHOS,RS,BARRA DO GUARITA,RSIR,11,160
GUARULHOS,RS,BARRA DO QUARAI,RSIR,11,160
GUARULHOS,RS,BARRA DO RIBEIRO,RSIR,11,160
GUARULHOS,RS,BARRA DO RIO AZUL,RSIR,11,266.67
GUARULHOS,RS,BARRA FUNDA,RSIR,11,160
GUARULHOS,RS,BARRACAO,RSIR,11,160
GUARULHOS,RS,BARROS CASSAL,RSIP,11,266.67
GUARULHOS,RS,BENJAMIN CONSTANT DO SUL,RSIR,11,266.67
GUARULHOS,RS,BENTO GONCALVES,CXSP,8,53.33
GUARULHOS,RS,BOA VISTA DAS MISSOES,RSIR,11,160
GUARULHOS,RS,BOA VISTA DO BURICA,RSIR,11,0
GUARULHOS,RS,BOA VISTA DO CADEADO,RSIR,11,160
GUARULHOS,RS,BOA VISTA DO INCRA,RSIR,11,160
GUARULHOS,RS,BOA VISTA DO SUL,RSIP,11,266.67
GUARULHOS,RS,BOM JESUS,CXSP,8,160
GUARULHOS,RS,BOM PRINCIPIO,POAP,8,0
GUARULHOS,RS,BOM PROGRESSO,RSIR,11,0
GUARULHOS,RS,BOM RETIRO DO SUL,RSIP,11,0
GUARULHOS,RS,BOQUEIRAO DO LEAO,RSIP,11,160
GUARULHOS,RS,BOSSOROCA,RSIR,11,160
GUARULHOS,RS,BOZANO,RSIR,11,266.67
GUARULHOS,RS,BRAGA,RSIR,11,333.33
GUARULHOS,RS,BROCHIER,RSIP,11,160
GUARULHOS,RS,BUTIA,RSIP,11,0
GUARULHOS,RS,CACAPAVA DO SUL,RSIP,11,0
GUARULHOS,RS,CACEQUI,RSIR,11,160
GUARULHOS,RS,CACHOEIRA DO SUL,RSIP,11,0
GUARULHOS,RS,CACHOEIRINHA,POAP,8,0
GUARULHOS,RS,CACIQUE DOBLE,RSIR,11,160
GUARULHOS,RS,CAIBATE,RSIR,11,160
GUARULHOS,RS,CAICARA,RSIR,11,160
GUARULHOS,RS,CAMAQUA,RSIR,11,0
GUARULHOS,RS,CAMARGO,RSIR,11,160
GUARULHOS,RS,CAMBARA DO SUL,CXSP,8,0
GUARULHOS,RS,CAMPESTRE DA SERRA,CXSP,8,0
GUARULHOS,RS,CAMPINA DAS MISSOES,RSIR,11,0
GUARULHOS,RS,CAMPINAS DO SUL,RSIR,11,266.67
GUARULHOS,RS,CAMPO BOM,POAP,8,0
GUARULHOS,RS,CAMPO NOVO,RSIR,11,0
GUARULHOS,RS,CAMPOS BORGES,RSIR,11,160
GUARULHOS,RS,CANDELARIA,RSIP,11,0
GUARULHOS,RS,CANDIDO GODOI,RSIR,11,0
GUARULHOS,RS,CANDIOTA,RSIR,11,400
GUARULHOS,RS,CANELA,CXSP,8,0
GUARULHOS,RS,CANGUCU,RSIR,11,0
GUARULHOS,RS,CANOAS,POAP,8,0
GUARULHOS,RS,CANUDOS DO VALE,RSIP,11,160
GUARULHOS,RS,CAPAO BONITO DO SUL,RSIR,11,733.33
GUARULHOS,RS,CAPAO DA CANOA,CXSP,8,0
GUARULHOS,RS,CAPAO DO CIPO,RSIR,11,400
GUARULHOS,RS,CAPAO DO LEAO,RSIR,11,160
GUARULHOS,RS,CAPELA DE SANTANA,RSIP,11,0
GUARULHOS,RS,CAPITAO,RSIP,11,266.67
GUARULHOS,RS,CAPIVARI DO SUL,CXSP,8,0
GUARULHOS,RS,CARAA,RSIP,11,266.67
GUARULHOS,RS,CARAZINHO,RSIR,11,0
GUARULHOS,RS,CARLOS BARBOSA,CXSP,8,53.33
GUARULHOS,RS,CARLOS GOMES,RSIR,11,266.67
GUARULHOS,RS,CASCA,RSIR,11,0
GUARULHOS,RS,CASEIROS,CXSP,8,160
GUARULHOS,RS,CATUIPE,RSIR,11,0
GUARULHOS,RS,CAXIAS DO SUL,CXSP,8,53.33
GUARULHOS,RS,CENTENARIO,RSIR,11,266.67
GUARULHOS,RS,CERRITO,RSIR,11,400
GUARULHOS,RS,CERRO BRANCO,RSIP,11,333.33
GUARULHOS,RS,CERRO GRANDE,RSIR,11,160
GUARULHOS,RS,CERRO GRANDE DO SUL,RSIR,11,160
GUARULHOS,RS,CERRO LARGO,RSIR,11,0
GUARULHOS,RS,CHAPADA,RSIR,11,0
GUARULHOS,RS,CHARQUEADAS,RSIP,11,0
GUARULHOS,RS,CHARRUA,RSIR,11,400
GUARULHOS,RS,CHIAPETTA,RSIR,11,266.67
GUARULHOS,RS,CHUI,RSIR,11,266.67
GUARULHOS,RS,CHUVISCA,RSIR,11,160
GUARULHOS,RS,CIDREIRA,CXSP,8,0
GUARULHOS,RS,CIRIACO,CXSP,8,160
GUARULHOS,RS,COLINAS,RSIP,11,160
GUARULHOS,RS,COLORADO,RSIR,11,160
GUARULHOS,RS,CONDOR,RSIR,11,0
GUARULHOS,RS,CONSTANTINA,RSIR,11,0
GUARULHOS,RS,COQUEIRO BAIXO,RSIP,11,160
GUARULHOS,RS,COQUEIROS DO SUL,RSIR,11,400
GUARULHOS,RS,CORONEL BARROS,RSIR,11,0
GUARULHOS,RS,CORONEL BICACO,RSIR,11,0
GUARULHOS,RS,CORONEL PILAR,RSIP,11,400
GUARULHOS,RS,COTIPORA,CXSP,8,160
GUARULHOS,RS,COXILHA,RSIR,11,0
GUARULHOS,RS,CRISSIUMAL,RSIR,11,0
GUARULHOS,RS,CRISTAL,RSIR,11,160
GUARULHOS,RS,CRISTAL DO SUL,RSIR,11,160
GUARULHOS,RS,CRUZ ALTA,RSIR,11,0
GUARULHOS,RS,CRUZALTENSE,RSIR,11,266.67
GUARULHOS,RS,CRUZEIRO DO SUL,RSIP,11,0
GUARULHOS,RS,DAVID CANABARRO,CXSP,8,160
GUARULHOS,RS,DERRUBADAS,RSIR,11,160
GUARULHOS,RS,DEZESSEIS DE NOVEMBRO,RSIR,11,160
GUARULHOS,RS,DILERMANDO DE AGUIAR,RSIP,11,266.67
GUARULHOS,RS,DOIS IRMAOS,POAP,8,0
GUARULHOS,RS,DOIS IRMAOS DAS MISSOES,RSIP,11,400
GUARULHOS,RS,DOIS LAJEADOS,RSIP,11,266.67
GUARULHOS,RS,DOM FELICIANO,RSIR,11,160
GUARULHOS,RS,DOM PEDRITO,RSIR,11,0
GUARULHOS,RS,DOM PEDRO DE ALCANTARA,CXSP,8,90
GUARULHOS,RS,DONA FRANCISCA,RSIP,11,160
GUARULHOS,RS,DOUTOR MAURICIO CARDOSO,RSIR,11,0
GUARULHOS,RS,DOUTOR RICARDO,RSIP,11,160
GUARULHOS,RS,ELDORADO DO SUL,CXSP,8,0
GUARULHOS,RS,ENCANTADO,RSIP,11,0
GUARULHOS,RS,ENCRUZILHADA DO SUL,RSIP,11,160
GUARULHOS,RS,ENGENHO VELHO,RSIR,11,160
GUARULHOS,RS,ENTRE RIOS DO SUL,RSIR,11,400
GUARULHOS,RS,ENTRE-IJUIS,RSIR,11,266.67
GUARULHOS,RS,EREBANGO,RSIR,11,266.67
GUARULHOS,RS,ERECHIM,RSIR,11,0
GUARULHOS,RS,ERNESTINA,RSIR,11,0
GUARULHOS,RS,ERVAL GRANDE,RSIR,11,266.67
GUARULHOS,RS,ERVAL SECO,RSIR,11,0
GUARULHOS,RS,ESMERALDA,CXSP,8,160
GUARULHOS,RS,ESPERANCA DO SUL,RSIR,11,160
GUARULHOS,RS,ESPUMOSO,RSIR,11,0
GUARULHOS,RS,ESTACAO,RSIR,11,0
GUARULHOS,RS,ESTANCIA VELHA,POAP,8,0
GUARULHOS,RS,ESTEIO,POAP,8,0
GUARULHOS,RS,ESTRELA,RSIP,11,0
GUARULHOS,RS,ESTRELA VELHA,RSIP,11,266.67
GUARULHOS,RS,EUGENIO DE CASTRO,RSIR,11,160
GUARULHOS,RS,FAGUNDES VARELA,CXSP,8,160
GUARULHOS,RS,FARROUPILHA,CXSP,8,53.33
GUARULHOS,RS,FAXINAL DO SOTURNO,RSIP,11,0
GUARULHOS,RS,FAXINALZINHO,RSIR,11,266.67
GUARULHOS,RS,FAZENDA VILANOVA,RSIP,11,0
GUARULHOS,RS,FELIZ,RSIP,11,0
GUARULHOS,RS,FLORES DA CUNHA,CXSP,8,0
GUARULHOS,RS,FLORIANO PEIXOTO,RSIR,11,266.67
GUARULHOS,RS,FONTOURA XAVIER,RSIP,11,160
GUARULHOS,RS,FORMIGUEIRO,RSIP,11,266.67
GUARULHOS,RS,FORQUETINHA,RSIP,11,160
GUARULHOS,RS,FORTALEZA DOS VALOS,RSIR,8,0
GUARULHOS,RS,FREDERICO WESTPHALEN,RSIR,11,0
GUARULHOS,RS,GARIBALDI,CXSP,8,53.33
GUARULHOS,RS,GARRUCHOS,RSIR,11,600
GUARULHOS,RS,GAURAMA,RSIR,11,266.67
GUARULHOS,RS,GENERAL CAMARA,RSIP,11,0
GUARULHOS,RS,GENTIL,RSIR,11,160
GUARULHOS,RS,GETULIO VARGAS,RSIR,11,0
GUARULHOS,RS,GIRUA,RSIR,11,0
GUARULHOS,RS,GLORINHA,RSIP,11,0
GUARULHOS,RS,GRAMADO,CXSP,8,0
GUARULHOS,RS,GRAMADO DOS LOUREIROS,RSIR,11,160
GUARULHOS,RS,GRAMADO XAVIER,RSIP,11,266.67
GUARULHOS,RS,GRAVATAI,POAP,8,0
GUARULHOS,RS,GUABIJU,CXSP,8,160
GUARULHOS,RS,GUAIBA,CXSP,8,0
GUARULHOS,RS,GUAPORE,CXSP,8,0
GUARULHOS,RS,GUARANI DAS MISSOES,RSIR,11,0
GUARULHOS,RS,HARMONIA,RSIP,11,160
GUARULHOS,RS,HERVAL,RSIR,11,400
GUARULHOS,RS,HERVEIRAS,RSIP,11,160
GUARULHOS,RS,HORIZONTINA,RSIR,11,0
GUARULHOS,RS,HULHA NEGRA,RSIR,11,266.67
GUARULHOS,RS,HUMAITA,RSIR,11,0
GUARULHOS,RS,IBARAMA,RSIP,11,160
GUARULHOS,RS,IBIACA,RSIR,11,0
GUARULHOS,RS,IBIRAIARAS,CXSP,8,160
GUARULHOS,RS,IBIRAPUITA,RSIR,11,160
GUARULHOS,RS,IBIRUBA,RSIR,11,0
GUARULHOS,RS,IGREJINHA,POAP,8,0
GUARULHOS,RS,IJUI,RSIR,11,0
GUARULHOS,RS,ILOPOLIS,RSIP,11,160
GUARULHOS,RS,IMBE,CXSP,8,0
GUARULHOS,RS,IMIGRANTE,RSIP,11,160
GUARULHOS,RS,INDEPENDENCIA,RSIR,11,0
GUARULHOS,RS,INHACORA,RSIR,11,160
GUARULHOS,RS,IPE,CXSP,8,0
GUARULHOS,RS,IPIRANGA DO SUL,RSIR,11,266.67
GUARULHOS,RS,IRAI,RSIR,11,0
GUARULHOS,RS,ITAARA,RSIP,11,160
GUARULHOS,RS,ITACURUBI,RSIR,11,400
GUARULHOS,RS,ITAPUCA,RSIR,11,266.67
GUARULHOS,RS,ITAQUI,RSIR,11,0
GUARULHOS,RS,ITATI,RSIP,11,266.67
GUARULHOS,RS,ITATIBA DO SUL,RSIR,11,266.67
GUARULHOS,RS,IVORA,RSIP,11,400
GUARULHOS,RS,IVOTI,POAP,8,0
GUARULHOS,RS,JABOTICABA,RSIR,11,160
GUARULHOS,RS,JACUIZINHO,RSIR,11,266.67
GUARULHOS,RS,JACUTINGA,RSIR,11,266.67
GUARULHOS,RS,JAGUARAO,RSIR,11,160
GUARULHOS,RS,JAGUARI,RSIR,11,160
GUARULHOS,RS,JAQUIRANA,CXSP,8,200
GUARULHOS,RS,JARI,RSIP,11,400
GUARULHOS,RS,JOIA,RSIR,11,160
GUARULHOS,RS,JULIO DE CASTILHOS,RSIR,11,0
GUARULHOS,RS,LAGOA BONITA DO SUL,RSIP,11,160
GUARULHOS,RS,LAGOA DOS TRES CANTOS,RSIR,11,160
GUARULHOS,RS,LAGOA VERMELHA,CXSP,8,0
GUARULHOS,RS,LAGOAO,RSIP,11,400
GUARULHOS,RS,LAJEADO,RSIP,11,0
GUARULHOS,RS,LAJEADO DO BUGRE,RSIR,11,160
GUARULHOS,RS,LAVRAS DO SUL,RSIP,11,400
GUARULHOS,RS,LIBERATO SALZANO,RSIR,11,160
GUARULHOS,RS,LINDOLFO COLLOR,POAP,8,0
GUARULHOS,RS,LINHA NOVA,RSIP,11,466.67
GUARULHOS,RS,MACAMBARA,RSIR,11,400
GUARULHOS,RS,MACHADINHO,RSIR,11,160
GUARULHOS,RS,MAMPITUBA,RSIR,11,400
GUARULHOS,RS,MANOEL VIANA,RSIR,11,200
GUARULHOS,RS,MAQUINE,CXSP,8,0
GUARULHOS,RS,MARATA,RSIP,11,160
GUARULHOS,RS,MARAU,RSIR,11,0
GUARULHOS,RS,MARCELINO RAMOS,RSIR,11,266.67
GUARULHOS,RS,MARIANA PIMENTEL,RSIR,11,400
GUARULHOS,RS,MARIANO MORO,RSIR,11,266.67
GUARULHOS,RS,MARQUES DE SOUZA,RSIP,11,160
GUARULHOS,RS,MATA,RSIP,11,160
GUARULHOS,RS,MATO CASTELHANO,RSIR,11,160
GUARULHOS,RS,MATO LEITAO,RSIP,11,0
GUARULHOS,RS,MATO QUEIMADO,RSIR,11,160
GUARULHOS,RS,MAXIMILIANO DE ALMEIDA,RSIR,11,160
GUARULHOS,RS,MINAS DO LEAO,RSIP,11,160
GUARULHOS,RS,MIRAGUAI,RSIR,11,0
GUARULHOS,RS,MONTAURI,CXSP,8,160
GUARULHOS,RS,MONTE ALEGRE DOS CAMPOS,CXSP,8,160
GUARULHOS,RS,MONTE BELO DO SUL,RSIP,11,160
GUARULHOS,RS,MONTENEGRO,CXSP,8,160
GUARULHOS,RS,MORMACO,RSIR,11,266.67
GUARULHOS,RS,MORRINHOS DO SUL,RSIP,11,266.67
GUARULHOS,RS,MORRO REDONDO,RSIR,11,160
GUARULHOS,RS,MORRO REUTER,RSIP,11,0
GUARULHOS,RS,MOSTARDAS,RSIR,18,266.67
GUARULHOS,RS,MUCUM,RSIP,11,0
GUARULHOS,RS,MUITOS CAPOES,CXSP,8,160
GUARULHOS,RS,MULITERNO,CXSP,8,160
GUARULHOS,RS,NAO-ME-TOQUE,RSIR,11,0
GUARULHOS,RS,NICOLAU VERGUEIRO,RSIR,11,266.67
GUARULHOS,RS,NONOAI,RSIR,11,400
GUARULHOS,RS,NOVA ALVORADA,RSIR,11,160
GUARULHOS,RS,NOVA ARACA,CXSP,8,0
GUARULHOS,RS,NOVA BASSANO,CXSP,8,0
GUARULHOS,RS,NOVA BOA VISTA,RSIR,11,160
GUARULHOS,RS,NOVA BRESCIA,RSIP,11,160
GUARULHOS,RS,NOVA CANDELARIA,RSIR,11,0
GUARULHOS,RS,NOVA ESPERANCA DO SUL,RSIR,11,160
GUARULHOS,RS,NOVA HARTZ,POAP,8,0
GUARULHOS,RS,NOVA PADUA,RSIP,11,160
GUARULHOS,RS,NOVA PALMA,RSIP,11,266.67
GUARULHOS,RS,NOVA PETROPOLIS,CXSP,8,333.33
GUARULHOS,RS,NOVA PRATA,RSIP,11,0
GUARULHOS,RS,NOVA RAMADA,RSIR,11,400
GUARULHOS,RS,NOVA ROMA DO SUL,RSIP,11,533.33
GUARULHOS,RS,NOVA SANTA RITA,POAP,8,0
GUARULHOS,RS,NOVO BARREIRO,RSIR,11,0
GUARULHOS,RS,NOVO CABRAIS,RSIR,11,333.33
GUARULHOS,RS,NOVO HAMBURGO,POAP,8,0
GUARULHOS,RS,NOVO MACHADO,RSIR,11,333.33
GUARULHOS,RS,NOVO TIRADENTES,RSIR,11,160
GUARULHOS,RS,NOVO XINGU,RSIR,11,160
GUARULHOS,RS,OSORIO,CXSP,8,0
GUARULHOS,RS,PAIM FILHO,RSIR,11,160
GUARULHOS,RS,PALMARES DO SUL,CXSP,8,0
GUARULHOS,RS,PALMEIRA DAS MISSOES,RSIR,11,0
GUARULHOS,RS,PALMITINHO,RSIR,11,0
GUARULHOS,RS,PANAMBI,RSIR,11,0
GUARULHOS,RS,PANTANO GRANDE,RSIP,11,0
GUARULHOS,RS,PARAI,CXSP,8,0
GUARULHOS,RS,PARAISO DO SUL,RSIR,11,0
GUARULHOS,RS,PARECI NOVO,RSIP,11,0
GUARULHOS,RS,PAROBE,POAP,8,0
GUARULHOS,RS,PASSA SETE,RSIP,11,160
GUARULHOS,RS,PASSO DO SOBRADO,RSIP,11,160
GUARULHOS,RS,PASSO FUNDO,RSIR,11,0
GUARULHOS,RS,PAULO BENTO,RSIR,11,0
GUARULHOS,RS,PAVERAMA,RSIP,11,160
GUARULHOS,RS,PEDRAS ALTAS,RSIR,11,600
GUARULHOS,RS,PEDRO OSORIO,RSIR,11,160
GUARULHOS,RS,PEJUCARA,RSIR,11,160
GUARULHOS,RS,PELOTAS,RSIR,11,0
GUARULHOS,RS,PICADA CAFE,CXSP,8,0
GUARULHOS,RS,PINHAL,RSIR,11,160
GUARULHOS,RS,PINHAL DA SERRA,CXSP,8,400
GUARULHOS,RS,PINHAL GRANDE,RSIP,11,400
GUARULHOS,RS,PINHEIRINHO DO VALE,RSIR,11,160
GUARULHOS,RS,PINHEIRO MACHADO,RSIR,11,200
GUARULHOS,RS,PINTO BANDEIRA,RSIP,11,0
GUARULHOS,RS,PIRAPO,RSIR,11,400
GUARULHOS,RS,PIRATINI,RSIR,11,400
GUARULHOS,RS,PLANALTO,RSIR,11,266.67
GUARULHOS,RS,POCO DAS ANTAS,RSIP,11,0
GUARULHOS,RS,PONTAO,RSIR,11,533.33
GUARULHOS,RS,PONTE PRETA,RSIR,11,266.67
GUARULHOS,RS,PORTAO,POAP,8,0
GUARULHOS,RS,PORTO ALEGRE,POAP,8,0
GUARULHOS,RS,PORTO LUCENA,RSIR,11,0
GUARULHOS,RS,PORTO MAUA,RSIR,11,0
GUARULHOS,RS,PORTO VERA CRUZ,RSIR,11,160
GUARULHOS,RS,PORTO XAVIER,RSIR,11,160
GUARULHOS,RS,POUSO NOVO,RSIP,11,200
GUARULHOS,RS,PRESIDENTE LUCENA,POAP,8,0
GUARULHOS,RS,PROGRESSO,RSIP,11,160
GUARULHOS,RS,PROTASIO ALVES,CXSP,8,0
GUARULHOS,RS,PUTINGA,RSIP,11,160
GUARULHOS,RS,QUARAI,RSIR,11,160
GUARULHOS,RS,QUATRO IRMAOS,RSIR,11,400
GUARULHOS,RS,QUEVEDOS,RSIP,11,400
GUARULHOS,RS,QUINZE DE NOVEMBRO,RSIR,8,0
GUARULHOS,RS,REDENTORA,RSIR,11,0
GUARULHOS,RS,RELVADO,RSIP,11,160
GUARULHOS,RS,RESTINGA SECA,RSIP,11,0
GUARULHOS,RS,RIO DOS INDIOS,RSIR,11,160
GUARULHOS,RS,RIO GRANDE,RSIR,11,0
GUARULHOS,RS,RIO PARDO,RSIP,11,0
GUARULHOS,RS,RIOZINHO,CXSP,8,0
GUARULHOS,RS,ROCA SALES,RSIP,11,0
GUARULHOS,RS,RODEIO BONITO,RSIR,11,0
GUARULHOS,RS,ROLADOR,RSIR,11,400
GUARULHOS,RS,ROLANTE,CXSP,8,0
GUARULHOS,RS,RONDA ALTA,RSIR,11,0
GUARULHOS,RS,RONDINHA,RSIR,11,0
GUARULHOS,RS,ROQUE GONZALES,RSIR,11,0
GUARULHOS,RS,ROSARIO DO SUL,RSIR,11,0
GUARULHOS,RS,SAGRADA FAMILIA,RSIR,11,160
GUARULHOS,RS,SALDANHA MARINHO,RSIR,11,160
GUARULHOS,RS,SALTO DO JACUI,RSIP,11,400
GUARULHOS,RS,SALVADOR DAS MISSOES,RSIR,11,0
GUARULHOS,RS,SALVADOR DO SUL,RSIP,11,160
GUARULHOS,RS,SANANDUVA,RSIR,11,0
GUARULHOS,RS,SANTA BARBARA DO SUL,RSIR,11,0
GUARULHOS,RS,SANTA CECILIA DO SUL,RSIR,11,160
GUARULHOS,RS,SANTA CLARA DO SUL,RSIP,11,0
GUARULHOS,RS,SANTA CRUZ DO SUL,RSIP,11,0
GUARULHOS,RS,SANTA MARGARIDA DO SUL,RSIR,11,266.67
GUARULHOS,RS,SANTA MARIA,RSIP,11,0
GUARULHOS,RS,SANTA MARIA DO HERVAL,CXSP,8,160
GUARULHOS,RS,SANTA ROSA,RSIR,11,0
GUARULHOS,RS,SANTA TEREZA,RSIP,11,160
GUARULHOS,RS,SANTA VITORIA DO PALMAR,RSIR,11,333.33
GUARULHOS,RS,SANTANA DA BOA VISTA,RSIP,11,400
GUARULHOS,RS,SANTANA DO LIVRAMENTO,RSIR,11,0
GUARULHOS,RS,SANTIAGO,RSIR,11,0
GUARULHOS,RS,SANTO ANGELO,RSIR,11,0
GUARULHOS,RS,SANTO ANTONIO DA PATRULHA,CXSP,8,0
GUARULHOS,RS,SANTO ANTONIO DAS MISSOES,RSIR,11,160
GUARULHOS,RS,SANTO ANTONIO DO PALMA,CXSP,8,160
GUARULHOS,RS,SANTO ANTONIO DO PLANALTO,RSIR,11,160
GUARULHOS,RS,SANTO AUGUSTO,RSIR,11,0
GUARULHOS,RS,SANTO CRISTO,RSIR,11,0
GUARULHOS,RS,SANTO EXPEDITO DO SUL,RSIR,11,400
GUARULHOS,RS,SAO BORJA,RSIR,11,0
GUARULHOS,RS,SAO DOMINGOS DO SUL,CXSP,8,160
GUARULHOS,RS,SAO FRANCISCO DE ASSIS,RSIR,11,160
GUARULHOS,RS,SAO FRANCISCO DE PAULA,CXSP,8,0
GUARULHOS,RS,SAO GABRIEL,RSIR,11,0
GUARULHOS,RS,SAO JERONIMO,RSIP,11,0
GUARULHOS,RS,SAO JOAO DA URTIGA,RSIR,11,160
GUARULHOS,RS,SAO JOAO DO POLESINE,RSIP,11,0
GUARULHOS,RS,SAO JORGE,CXSP,8,160
GUARULHOS,RS,SAO JOSE DAS MISSOES,RSIR,11,160
GUARULHOS,RS,SAO JOSE DO HERVAL,RSIP,11,266.67
GUARULHOS,RS,SAO JOSE DO HORTENCIO,RSIP,11,0
GUARULHOS,RS,SAO JOSE DO INHACORA,RSIR,11,0
GUARULHOS,RS,SAO JOSE DO NORTE,RSIR,18,400
GUARULHOS,RS,SAO JOSE DO OURO,RSIR,11,266.67
GUARULHOS,RS,SAO JOSE DO SUL,RSIP,11,466.67
GUARULHOS,RS,SAO JOSE DOS AUSENTES,CXSP,8,200
GUARULHOS,RS,SAO LEOPOLDO,POAP,8,0
GUARULHOS,RS,SAO LOURENCO DO SUL,RSIR,11,0
GUARULHOS,RS,SAO LUIZ GONZAGA,RSIR,11,0
GUARULHOS,RS,SAO MARCOS,CXSP,8,0
GUARULHOS,RS,SAO MARTINHO,RSIR,11,0
GUARULHOS,RS,SAO MARTINHO DA SERRA,RSIR,11,400
GUARULHOS,RS,SAO MIGUEL DAS MISSOES,RSIR,11,160
GUARULHOS,RS,SAO NICOLAU,RSIR,11,160
GUARULHOS,RS,SAO PAULO DAS MISSOES,RSIR,11,0
GUARULHOS,RS,SAO PEDRO DA SERRA,RSIP,11,333.33
GUARULHOS,RS,SAO PEDRO DAS MISSOES,RSIR,11,160
GUARULHOS,RS,SAO PEDRO DO BUTIA,RSIR,11,0
GUARULHOS,RS,SAO PEDRO DO SUL,RSIP,11,160
GUARULHOS,RS,SAO SEBASTIAO DO CAI,RSIP,11,0
GUARULHOS,RS,SAO SEPE,RSIP,11,0
GUARULHOS,RS,SAO VALENTIM,RSIR,11,266.67
GUARULHOS,RS,SAO VALENTIM DO SUL,CXSP,8,200
GUARULHOS,RS,SAO VALERIO DO SUL,RSIR,11,160
GUARULHOS,RS,SAO VENDELINO,CXSP,8,0
GUARULHOS,RS,SAO VICENTE DO SUL,RSIR,11,0
GUARULHOS,RS,SAPIRANGA,POAP,8,0
GUARULHOS,RS,SAPUCAIA DO SUL,POAP,8,0
GUARULHOS,RS,SARANDI,RSIR,11,0
GUARULHOS,RS,SEBERI,RSIR,11,0
GUARULHOS,RS,SEDE NOVA,RSIR,11,333.33
GUARULHOS,RS,SEGREDO,RSIP,11,160
GUARULHOS,RS,SELBACH,RSIR,11,0
GUARULHOS,RS,SENADOR SALGADO FILHO,RSIR,11,160
GUARULHOS,RS,SENTINELA DO SUL,RSIR,11,160
GUARULHOS,RS,SERAFINA CORREA,CXSP,8,0
GUARULHOS,RS,SERIO,RSIP,11,160
GUARULHOS,RS,SERTAO,RSIR,11,266.67
GUARULHOS,RS,SERTAO SANTANA,RSIR,11,333.33
GUARULHOS,RS,SETE DE SETEMBRO,RSIR,11,160
GUARULHOS,RS,SEVERIANO DE ALMEIDA,RSIR,11,266.67
GUARULHOS,RS,SILVEIRA MARTINS,RSIP,11,266.67
GUARULHOS,RS,SINIMBU,RSIP,11,0
GUARULHOS,RS,SOBRADINHO,RSIP,11,160
GUARULHOS,RS,SOLEDADE,RSIR,11,0
GUARULHOS,RS,TABAI,RSIP,11,160
GUARULHOS,RS,TAPEJARA,RSIR,11,0
GUARULHOS,RS,TAPERA,RSIR,11,0
GUARULHOS,RS,TAPES,RSIR,11,160
GUARULHOS,RS,TAQUARA,POAP,8,0
GUARULHOS,RS,TAQUARI,RSIP,11,0
GUARULHOS,RS,TAQUARUCU DO SUL,RSIR,11,160
GUARULHOS,RS,TAVARES,RSIR,11,266.67
GUARULHOS,RS,TENENTE PORTELA,RSIR,11,0
GUARULHOS,RS,TERRA DE AREIA,CXSP,8,0
GUARULHOS,RS,TEUTONIA,RSIP,11,0
GUARULHOS,RS,TIO HUGO,RSIR,11,0
GUARULHOS,RS,TIRADENTES DO SUL,RSIR,11,160
GUARULHOS,RS,TOROPI,RSIP,11,266.67
GUARULHOS,RS,TORRES,CXSP,8,0
GUARULHOS,RS,TRAMANDAI,CXSP,8,0
GUARULHOS,RS,TRAVESSEIRO,RSIP,11,0
GUARULHOS,RS,TRES ARROIOS,RSIR,11,0
GUARULHOS,RS,TRES CACHOEIRAS,CXSP,8,0
GUARULHOS,RS,TRES COROAS,POAP,8,0
GUARULHOS,RS,TRES DE MAIO,RSIR,11,0
GUARULHOS,RS,TRES FORQUILHAS,RSIP,11,266.67
GUARULHOS,RS,TRES PALMEIRAS,RSIR,11,160
GUARULHOS,RS,TRES PASSOS,RSIR,11,0
GUARULHOS,RS,TRINDADE DO SUL,RSIR,11,160
GUARULHOS,RS,TRIUNFO,RSIP,11,160
GUARULHOS,RS,TUCUNDUVA,RSIR,11,0
GUARULHOS,RS,TUNAS,RSIP,11,400
GUARULHOS,RS,TUPANCI DO SUL,RSIR,11,400
GUARULHOS,RS,TUPANCIRETA,RSIR,11,0
GUARULHOS,RS,TUPANDI,POAP,8,0
GUARULHOS,RS,TUPARENDI,RSIR,11,0
GUARULHOS,RS,TURUCU,RSIR,11,160
GUARULHOS,RS,UBIRETAMA,RSIR,11,160
GUARULHOS,RS,UNIAO DA SERRA,CXSP,8,266.67
GUARULHOS,RS,UNISTALDA,RSIR,11,200
GUARULHOS,RS,URUGUAIANA,RSIR,11,0
GUARULHOS,RS,VACARIA,CXSP,8,0
GUARULHOS,RS,VALE DO SOL,RSIP,11,0
GUARULHOS,RS,VALE REAL,RSIP,11,160
GUARULHOS,RS,VALE VERDE,RSIP,11,160
GUARULHOS,RS,VANINI,CXSP,8,160
GUARULHOS,RS,VENANCIO AIRES,RSIP,11,0
GUARULHOS,RS,VERA CRUZ,RSIP,11,0
GUARULHOS,RS,VERANOPOLIS,RSIP,11,0
GUARULHOS,RS,VESPASIANO CORREA,RSIP,11,160
GUARULHOS,RS,VIADUTOS,RSIR,11,266.67
GUARULHOS,RS,VIAMAO,POAP,8,53.33
GUARULHOS,RS,VICENTE DUTRA,RSIR,11,160
GUARULHOS,RS,VICTOR GRAEFF,RSIR,11,0
GUARULHOS,RS,VILA FLORES,RSIP,11,0
GUARULHOS,RS,VILA LANGARO,RSIR,11,160
GUARULHOS,RS,VILA MARIA,RSIR,11,0
GUARULHOS,RS,VILA NOVA DO SUL,RSIR,11,160
GUARULHOS,RS,VISTA ALEGRE,RSIR,11,160
GUARULHOS,RS,VISTA ALEGRE DO PRATA,CXSP,8,160
GUARULHOS,RS,VISTA GAUCHA,RSIR,11,160
GUARULHOS,RS,VITORIA DAS MISSOES,RSIR,11,160
GUARULHOS,RS,WESTFALIA,RSIP,11,0
GUARULHOS,RS,XANGRI-LA,CXSP,8,0
GUARULHOS,SC,ABDON BATISTA,LGSP,7,333.33
GUARULHOS,SC,ABELARDO LUZ,CHAP,10,0
GUARULHOS,SC,AGROLANDIA,RDSP,7,0
GUARULHOS,SC,AGRONOMICA,RDSP,7,0
GUARULHOS,SC,AGUA DOCE,CHAP,10,0
GUARULHOS,SC,AGUAS DE CHAPECO,CHAP,10,0
GUARULHOS,SC,AGUAS FRIAS,CHAP,10,133.33
GUARULHOS,SC,AGUAS MORNAS,FLNP,4,0
GUARULHOS,SC,ALFREDO WAGNER,LGSP,7,40
GUARULHOS,SC,ALTO BELA VISTA,CHAP,10,400
GUARULHOS,SC,ANCHIETA,CHAP,10,0
GUARULHOS,SC,ANGELINA,FLNP,4,40
GUARULHOS,SC,ANITA GARIBALDI,LGSP,7,0
GUARULHOS,SC,ANITAPOLIS,FLNP,4,93.33
GUARULHOS,SC,ANTONIO CARLOS,FLNP,4,0
GUARULHOS,SC,APIUNA,JOAP,7,0
GUARULHOS,SC,ARABUTA,CHAP,10,0
GUARULHOS,SC,ARAQUARI,JVLP,7,0
GUARULHOS,SC,ARARANGUA,CRIP,5,0
GUARULHOS,SC,ARMAZEM,TUBP,7,0
GUARULHOS,SC,ARROIO TRINTA,CHAP,10,0
GUARULHOS,SC,ARVOREDO,CHAP,10,133.33
GUARULHOS,SC,ASCURRA,JOAP,7,0
GUARULHOS,SC,ATALANTA,RDSP,7,106.67
GUARULHOS,SC,AURORA,RDSP,7,0
GUARULHOS,SC,BALNEARIO ARROIO DO SILVA,CRIP,5,0
GUARULHOS,SC,BALNEARIO BARRA DO SUL,JVLP,7,0
GUARULHOS,SC,BALNEARIO CAMBORIU,ITJP,7,13.33
GUARULHOS,SC,BALNEARIO GAIVOTA,CRIP,5,0
GUARULHOS,SC,BALNEARIO PICARRAS,ITJP,7,13.33
GUARULHOS,SC,BALNEARIO RINCAO,CRIP,5,0
GUARULHOS,SC,BANDEIRANTE,CHAP,10,160
GUARULHOS,SC,BARRA BONITA,CHAP,10,200
GUARULHOS,SC,BARRA VELHA,ITJP,7,0
GUARULHOS,SC,BELA VISTA DO TOLDO,SBSP,7,213.33
GUARULHOS,SC,BELMONTE,CHAP,10,133.33
GUARULHOS,SC,BENEDITO NOVO,JOAP,7,0
GUARULHOS,SC,BIGUACU,FLNP,4,0
GUARULHOS,SC,BLUMENAU,BLUP,5,0
GUARULHOS,SC,BOCAINA DO SUL,LGSP,7,0
GUARULHOS,SC,BOM JARDIM DA SERRA,LGSP,7,266.67
GUARULHOS,SC,BOM JESUS,CHAP,10,0
GUARULHOS,SC,BOM JESUS DO OESTE,CHAP,10,400
GUARULHOS,SC,BOM RETIRO,LGSP,7,40
GUARULHOS,SC,BOMBINHAS,ITJP,7,33.33
GUARULHOS,SC,BOTUVERA,BLUP,5,26.67
GUARULHOS,SC,BRACO DO NORTE,TUBP,7,0
GUARULHOS,SC,BRACO DO TROMBUDO,RDSP,7,0
GUARULHOS,SC,BRUNOPOLIS,LGSP,7,80
GUARULHOS,SC,BRUSQUE,BLUP,5,0
GUARULHOS,SC,CACADOR,CHAP,10,0
GUARULHOS,SC,CAIBI,CHAP,10,0
GUARULHOS,SC,CALMON,CHAP,10,400
GUARULHOS,SC,CAMBORIU,ITJP,7,0
GUARULHOS,SC,CAMPO ALEGRE,SBSP,7,0
GUARULHOS,SC,CAMPO BELO DO SUL,LGSP,7,0
GUARULHOS,SC,CAMPO ERE,CHAP,10,0
GUARULHOS,SC,CAMPOS NOVOS,CHAP,10,106.67
GUARULHOS,SC,CANELINHA,FLNP,4,0
GUARULHOS,SC,CANOINHAS,SBSP,7,0
GUARULHOS,SC,CAPAO ALTO,LGSP,7,0
GUARULHOS,SC,CAPINZAL,CHAP,10,0
GUARULHOS,SC,CAPIVARI DE BAIXO,TUBP,7,0
GUARULHOS,SC,CATANDUVAS,CHAP,10,0
GUARULHOS,SC,CAXAMBU DO SUL,CHAP,10,133.33
GUARULHOS,SC,CERRO NEGRO,LGSP,7,0
GUARULHOS,SC,CHAPADAO DO LAGEADO,RDSP,7,106.67
GUARULHOS,SC,CHAPECO,CHAP,10,0
GUARULHOS,SC,COCAL DO SUL,CRIP,5,0
GUARULHOS,SC,CONCORDIA,CHAP,10,0
GUARULHOS,SC,CORDILHEIRA ALTA,CHAP,10,0
GUARULHOS,SC,CORONEL FREITAS,CHAP,10,0
GUARULHOS,SC,CORONEL MARTINS,CHAP,10,0
GUARULHOS,SC,CORREIA PINTO,LGSP,7,0
GUARULHOS,SC,CORUPA,JRSP,7,0
GUARULHOS,SC,CRICIUMA,CRIP,5,0
GUARULHOS,SC,CUNHA PORA,CHAP,10,0
GUARULHOS,SC,CUNHATAI,CHAP,10,133.33
GUARULHOS,SC,CURITIBANOS,LGSP,7,0
GUARULHOS,SC,DESCANSO,CHAP,10,0
GUARULHOS,SC,DIONISIO CERQUEIRA,CHAP,10,400
GUARULHOS,SC,DONA EMMA,RDSP,7,0
GUARULHOS,SC,DOUTOR PEDRINHO,JOAP,7,66.67
GUARULHOS,SC,ENTRE RIOS,CHAP,10,200
GUARULHOS,SC,ERMO,CRIP,5,0
GUARULHOS,SC,ERVAL VELHO,CHAP,10,0
GUARULHOS,SC,FAXINAL DOS GUEDES,CHAP,10,0
GUARULHOS,SC,FLOR DO SERTAO,CHAP,10,160
GUARULHOS,SC,FLORIANOPOLIS,FLNP,4,0
GUARULHOS,SC,FORMOSA DO SUL,CHAP,10,0
GUARULHOS,SC,FORQUILHINHA,CRIP,5,0
GUARULHOS,SC,FRAIBURGO,CHAP,10,0
GUARULHOS,SC,FREI ROGERIO,LGSP,7,80
GUARULHOS,SC,GALVAO,CHAP,10,0
GUARULHOS,SC,GAROPABA,TUBP,7,0
GUARULHOS,SC,GARUVA,JVLP,7,0
GUARULHOS,SC,GASPAR,BLUP,5,0
GUARULHOS,SC,GOVERNADOR CELSO RAMOS,FLNP,4,0
GUARULHOS,SC,GRAO PARA,TUBP,7,0
GUARULHOS,SC,GRAVATAL,TUBP,7,0
GUARULHOS,SC,GUABIRUBA,BLUP,5,26.67
GUARULHOS,SC,GUARACIABA,CHAP,10,0
GUARULHOS,SC,GUARAMIRIM,JRSP,7,0
GUARULHOS,SC,GUARUJA DO SUL,CHAP,10,0
GUARULHOS,SC,GUATAMBU,CHAP,10,0
GUARULHOS,SC,HERVAL D OESTE,CHAP,10,0
GUARULHOS,SC,IBIAM,CHAP,10,400
GUARULHOS,SC,IBICARE,CHAP,10,0
GUARULHOS,SC,IBIRAMA,RDSP,7,0
GUARULHOS,SC,ICARA,CRIP,5,0
GUARULHOS,SC,ILHOTA,ITJP,7,0
GUARULHOS,SC,IMARUI,TUBP,7,40
GUARULHOS,SC,IMBITUBA,TUBP,7,0
GUARULHOS,SC,IMBUIA,RDSP,7,106.67
GUARULHOS,SC,INDAIAL,JOAP,7,0
GUARULHOS,SC,IOMERE,CHAP,10,0
GUARULHOS,SC,IPIRA,CHAP,10,0
GUARULHOS,SC,IPORA DO OESTE,CHAP,10,0
GUARULHOS,SC,IPUACU,CHAP,10,0
GUARULHOS,SC,IPUMIRIM,CHAP,10,0
GUARULHOS,SC,IRACEMINHA,CHAP,10,133.33
GUARULHOS,SC,IRANI,CHAP,10,0
GUARULHOS,SC,IRATI,CHAP,10,0
GUARULHOS,SC,IRINEOPOLIS,SBSP,7,213.33
GUARULHOS,SC,ITA,CHAP,10,0
GUARULHOS,SC,ITAIOPOLIS,SBSP,7,0
GUARULHOS,SC,ITAJAI,ITJP,7,0
GUARULHOS,SC,ITAPEMA,ITJP,7,13.33
GUARULHOS,SC,ITAPIRANGA,CHAP,10,0
GUARULHOS,SC,ITAPOA,JVLP,7,40
GUARULHOS,SC,ITUPORANGA,RDSP,7,0
GUARULHOS,SC,JABORA,CHAP,10,133.33
GUARULHOS,SC,JACINTO MACHADO,CRIP,5,0
GUARULHOS,SC,JAGUARUNA,TUBP,7,0
GUARULHOS,SC,JARAGUA DO SUL,JRSP,7,0
GUARULHOS,SC,JARDINOPOLIS,CHAP,10,0
GUARULHOS,SC,JOACABA,CHAP,10,0
GUARULHOS,SC,JOINVILLE,JVLP,7,0
GUARULHOS,SC,JOSE BOITEUX,RDSP,7,106.67
GUARULHOS,SC,JUPIA,CHAP,10,0
GUARULHOS,SC,LACERDOPOLIS,CHAP,10,0
GUARULHOS,SC,LAGES,LGSP,7,0
GUARULHOS,SC,LAGUNA,TUBP,7,0
GUARULHOS,SC,LAJEADO GRANDE,CHAP,10,66.67
GUARULHOS,SC,LAURENTINO,RDSP,7,0
GUARULHOS,SC,LAURO MULLER,CRIP,5,0
GUARULHOS,SC,LEBON REGIS,CHAP,10,160
GUARULHOS,SC,LEOBERTO LEAL,RDSP,7,120
GUARULHOS,SC,LINDOIA DO SUL,CHAP,10,0
GUARULHOS,SC,LONTRAS,RDSP,7,0
GUARULHOS,SC,LUIZ ALVES,ITJP,7,0
GUARULHOS,SC,LUZERNA,CHAP,10,0
GUARULHOS,SC,MACIEIRA,CHAP,10,200
GUARULHOS,SC,MAFRA,SBSP,7,0
GUARULHOS,SC,MAJOR GERCINO,FLNP,4,0
GUARULHOS,SC,MAJOR VIEIRA,SBSP,7,0
GUARULHOS,SC,MARACAJA,CRIP,5,0
GUARULHOS,SC,MARAVILHA,CHAP,10,0
GUARULHOS,SC,MAREMA,CHAP,10,133.33
GUARULHOS,SC,MASSARANDUBA,JRSP,7,0
GUARULHOS,SC,MATOS COSTA,CHAP,10,400
GUARULHOS,SC,MELEIRO,CRIP,5,0
GUARULHOS,SC,MIRIM DOCE,RDSP,7,106.67
GUARULHOS,SC,MODELO,CHAP,10,93.33
GUARULHOS,SC,MONDAI,CHAP,10,0
GUARULHOS,SC,MONTE CARLO,CHAP,10,160
GUARULHOS,SC,MONTE CASTELO,SBSP,7,120
GUARULHOS,SC,MORRO DA FUMACA,CRIP,5,0
GUARULHOS,SC,MORRO GRANDE,CRIP,5,0
GUARULHOS,SC,NAVEGANTES,ITJP,7,0
GUARULHOS,SC,NOVA ERECHIM,CHAP,10,0
GUARULHOS,SC,NOVA ITABERABA,CHAP,10,0
GUARULHOS,SC,NOVA TRENTO,FLNP,4,0
GUARULHOS,SC,NOVA VENEZA,CRIP,5,0
GUARULHOS,SC,NOVO HORIZONTE,CHAP,10,0
GUARULHOS,SC,ORLEANS,CRIP,5,0
GUARULHOS,SC,OTACILIO COSTA,LGSP,7,0
GUARULHOS,SC,OURO,CHAP,10,0
GUARULHOS,SC,OURO VERDE,CHAP,10,0
GUARULHOS,SC,PAIAL,CHAP,10,133.33
GUARULHOS,SC,PAINEL,LGSP,7,0
GUARULHOS,SC,PALHOCA,FLNP,4,0
GUARULHOS,SC,PALMA SOLA,CHAP,10,0
GUARULHOS,SC,PALMEIRA,LGSP,7,0
GUARULHOS,SC,PALMITOS,CHAP,10,0
GUARULHOS,SC,PAPANDUVA,SBSP,7,0
GUARULHOS,SC,PARAISO,CHAP,10,200
GUARULHOS,SC,PASSO DE TORRES,CRIP,5,66.67
GUARULHOS,SC,PASSOS MAIA,CHAP,10,160
GUARULHOS,SC,PAULO LOPES,TUBP,7,0
GUARULHOS,SC,PEDRAS GRANDES,TUBP,7,0
GUARULHOS,SC,PENHA,ITJP,7,13.33
GUARULHOS,SC,PERITIBA,CHAP,10,0
GUARULHOS,SC,PESCARIA BRAVA,TUBP,7,0
GUARULHOS,SC,PETROLANDIA,RDSP,7,106.67
GUARULHOS,SC,PINHALZINHO,CHAP,10,0
GUARULHOS,SC,PINHEIRO PRETO,CHAP,10,0
GUARULHOS,SC,PIRATUBA,CHAP,10,0
GUARULHOS,SC,PLANALTO ALEGRE,CHAP,10,0
GUARULHOS,SC,POMERODE,JOAP,7,0
GUARULHOS,SC,PONTE ALTA,LGSP,7,0
GUARULHOS,SC,PONTE ALTA DO NORTE,LGSP,7,0
GUARULHOS,SC,PONTE SERRADA,CHAP,10,0
GUARULHOS,SC,PORTO BELO,ITJP,7,0
GUARULHOS,SC,PORTO UNIAO,SBSP,7,80
GUARULHOS,SC,POUSO REDONDO,RDSP,7,0
GUARULHOS,SC,PRAIA GRANDE,CRIP,5,66.67
GUARULHOS,SC,PRESIDENTE CASTELLO BRANCO,CHAP,10,0
GUARULHOS,SC,PRESIDENTE GETULIO,RDSP,7,0
GUARULHOS,SC,PRESIDENTE NEREU,RDSP,7,106.67
GUARULHOS,SC,PRINCESA,CHAP,10,0
GUARULHOS,SC,QUILOMBO,CHAP,10,0
GUARULHOS,SC,RANCHO QUEIMADO,FLNP,4,0
GUARULHOS,SC,RIO DAS ANTAS,CHAP,10,0
GUARULHOS,SC,RIO DO CAMPO,RDSP,7,133.33
GUARULHOS,SC,RIO DO OESTE,RDSP,7,0
GUARULHOS,SC,RIO DO SUL,RDSP,7,0
GUARULHOS,SC,RIO DOS CEDROS,JOAP,7,0
GUARULHOS,SC,RIO FORTUNA,TUBP,7,0
GUARULHOS,SC,RIO NEGRINHO,SBSP,7,0
GUARULHOS,SC,RIO RUFINO,LGSP,7,80
GUARULHOS,SC,RIQUEZA,CHAP,10,0
GUARULHOS,SC,RODEIO,JOAP,7,0
GUARULHOS,SC,ROMELANDIA,CHAP,10,160
GUARULHOS,SC,SALETE,RDSP,7,0
GUARULHOS,SC,SALTINHO,CHAP,10,0
GUARULHOS,SC,SALTO VELOSO,CHAP,10,0
GUARULHOS,SC,SANGAO,TUBP,7,0
GUARULHOS,SC,SANTA HELENA,CHAP,10,0
GUARULHOS,SC,SANTA ROSA DE LIMA,TUBP,7,40
GUARULHOS,SC,SANTA ROSA DO SUL,CRIP,5,0
GUARULHOS,SC,SANTA TEREZINHA,RDSP,7,133.33
GUARULHOS,SC,SANTA TEREZINHA DO PROGRESSO,CHAP,10,266.67
GUARULHOS,SC,SANTIAGO DO SUL,CHAP,10,0
GUARULHOS,SC,SANTO AMARO DA IMPERATRIZ,FLNP,4,0
GUARULHOS,SC,SAO BENTO DO SUL,SBSP,7,0
GUARULHOS,SC,SAO BERNARDINO,CHAP,10,0
GUARULHOS,SC,SAO BONIFACIO,FLNP,4,40
GUARULHOS,SC,SAO CARLOS,CHAP,10,0
GUARULHOS,SC,SAO CRISTOVAO DO SUL,LGSP,7,0
GUARULHOS,SC,SAO DOMINGOS,CHAP,10,0
GUARULHOS,SC,SAO FRANCISCO DO SUL,JVLP,7,0
GUARULHOS,SC,SAO JOAO BATISTA,FLNP,4,0
GUARULHOS,SC,SAO JOAO DO ITAPERIU,ITJP,7,0
GUARULHOS,SC,SAO JOAO DO OESTE,CHAP,10,0
GUARULHOS,SC,SAO JOAO DO SUL,CRIP,5,0
GUARULHOS,SC,SAO JOAQUIM,LGSP,7,0
GUARULHOS,SC,SAO JOSE,FLNP,4,0
GUARULHOS,SC,SAO JOSE DO CEDRO,CHAP,10,0
GUARULHOS,SC,SAO JOSE DO CERRITO,LGSP,7,0
GUARULHOS,SC,SAO LOURENCO DO OESTE,CHAP,10,0
GUARULHOS,SC,SAO LUDGERO,TUBP,7,0
GUARULHOS,SC,SAO MARTINHO,TUBP,7,40
GUARULHOS,SC,SAO MIGUEL DA BOA VISTA,CHAP,10,400
GUARULHOS,SC,SAO MIGUEL DO OESTE,CHAP,10,0
GUARULHOS,SC,SAO PEDRO DE ALCANTARA,FLNP,4,0
GUARULHOS,SC,SAUDADES,CHAP,10,0
GUARULHOS,SC,SCHROEDER,JRSP,7,0
GUARULHOS,SC,SEARA,CHAP,10,0
GUARULHOS,SC,SERRA ALTA,CHAP,10,133.33
GUARULHOS,SC,SIDEROPOLIS,CRIP,5,0
GUARULHOS,SC,SOMBRIO,CRIP,5,0
GUARULHOS,SC,SUL BRASIL,CHAP,10,200
GUARULHOS,SC,TAIO,RDSP,7,0
GUARULHOS,SC,TANGARA,CHAP,10,0
GUARULHOS,SC,TIGRINHOS,CHAP,10,133.33
GUARULHOS,SC,TIJUCAS,FLNP,4,0
GUARULHOS,SC,TIMBE DO SUL,CRIP,5,66.67
GUARULHOS,SC,TIMBO,JOAP,7,0
GUARULHOS,SC,TIMBO GRANDE,CHAP,10,800
GUARULHOS,SC,TRES BARRAS,SBSP,7,0
GUARULHOS,SC,TREVISO,CRIP,5,66.67
GUARULHOS,SC,TREZE DE MAIO,TUBP,7,0
GUARULHOS,SC,TREZE TILIAS,CHAP,10,0
GUARULHOS,SC,TROMBUDO CENTRAL,RDSP,7,0
GUARULHOS,SC,TUBARAO,TUBP,7,0
GUARULHOS,SC,TUNAPOLIS,CHAP,10,133.33
GUARULHOS,SC,TURVO,CRIP,5,0
GUARULHOS,SC,UNIAO DO OESTE,CHAP,10,0
GUARULHOS,SC,URUBICI,LGSP,7,40
GUARULHOS,SC,URUPEMA,LGSP,7,80
GUARULHOS,SC,URUSSANGA,CRIP,5,0
GUARULHOS,SC,VARGEAO,CHAP,10,0
GUARULHOS,SC,VARGEM BONITA,CHAP,10,333.33
GUARULHOS,SC,VIDAL RAMOS,RDSP,7,106.67
GUARULHOS,SC,VIDEIRA,CHAP,10,0
GUARULHOS,SC,VITOR MEIRELES,RDSP,7,106.67
GUARULHOS,SC,WITMARSUM,RDSP,7,106.67
GUARULHOS,SC,XANXERE,CHAP,10,0
GUARULHOS,SC,XAVANTINA,CHAP,10,106.67
GUARULHOS,SC,XAXIM,CHAP,10,0
GUARULHOS,SC,ZORTEA,CHAP,10,160
GUARULHOS,SE,AMPARO DE SAO FRANCISCO,RSEI,11,0
GUARULHOS,SE,AQUIDABA,RSEI,11,0
GUARULHOS,SE,ARACAJU,RSEP,8,0
GUARULHOS,SE,ARAUA,RSEI,11,0
GUARULHOS,SE,AREIA BRANCA,RSEI,11,0
GUARULHOS,SE,BARRA DOS COQUEIROS,RSEP,8,0
GUARULHOS,SE,BOQUIM,RSEI,11,0
GUARULHOS,SE,BREJO GRANDE,RSEI,11,0
GUARULHOS,SE,CAMPO DO BRITO,RSEI,11,0
GUARULHOS,SE,CANHOBA,RSEI,11,0
GUARULHOS,SE,CANINDE DE SAO FRANCISCO,RSEI,11,0
GUARULHOS,SE,CAPELA,RSEI,11,0
GUARULHOS,SE,CARIRA,RSEI,11,0
GUARULHOS,SE,CARMOPOLIS,RSEI,11,0
GUARULHOS,SE,CEDRO DE SAO JOAO,RSEI,11,0
GUARULHOS,SE,CRISTINAPOLIS,RSEI,11,0
GUARULHOS,SE,CUMBE,RSEI,11,0
GUARULHOS,SE,DIVINA PASTORA,RSEI,11,0
GUARULHOS,SE,ESTANCIA,RSEI,11,0
GUARULHOS,SE,FEIRA NOVA,RSEI,11,0
GUARULHOS,SE,FREI PAULO,RSEI,11,0
GUARULHOS,SE,GARARU,RSEI,11,0
GUARULHOS,SE,GENERAL MAYNARD,RSEI,11,0
GUARULHOS,SE,GRACCHO CARDOSO,RSEI,11,0
GUARULHOS,SE,ILHA DAS FLORES,RSEI,11,0
GUARULHOS,SE,INDIAROBA,RSEI,11,0
GUARULHOS,SE,ITABAIANA,RSEI,11,0
GUARULHOS,SE,ITABAIANINHA,RSEI,11,0
GUARULHOS,SE,ITABI,RSEI,11,0
GUARULHOS,SE,ITAPORANGA D AJUDA,RSEI,11,0
GUARULHOS,SE,JAPARATUBA,RSEI,11,0
GUARULHOS,SE,JAPOATA,RSEI,11,0
GUARULHOS,SE,LAGARTO,RSEI,11,0
GUARULHOS,SE,LARANJEIRAS,RSEI,11,0
GUARULHOS,SE,MACAMBIRA,RSEI,11,0
GUARULHOS,SE,MALHADA DOS BOIS,RSEI,11,0
GUARULHOS,SE,MALHADOR,RSEI,11,0
GUARULHOS,SE,MARUIM,RSEI,11,0
GUARULHOS,SE,MOITA BONITA,RSEI,11,0
GUARULHOS,SE,MONTE ALEGRE DE SERGIPE,RSEI,11,0
GUARULHOS,SE,MURIBECA,RSEI,11,0
GUARULHOS,SE,NEOPOLIS,RSEI,11,0
GUARULHOS,SE,NOSSA SENHORA APARECIDA,RSEI,11,0
GUARULHOS,SE,NOSSA SENHORA DA GLORIA,RSEI,11,0
GUARULHOS,SE,NOSSA SENHORA DAS DORES,RSEI,11,0
GUARULHOS,SE,NOSSA SENHORA DE LOURDES,RSEI,11,0
GUARULHOS,SE,NOSSA SENHORA DO SOCORRO,RSEP,8,0
GUARULHOS,SE,PACATUBA,RSEI,11,0
GUARULHOS,SE,PEDRA MOLE,RSEI,11,0
GUARULHOS,SE,PEDRINHAS,RSEI,11,0
GUARULHOS,SE,PINHAO,RSEI,11,0
GUARULHOS,SE,PIRAMBU,RSEI,11,0
GUARULHOS,SE,POCO REDONDO,RSEI,11,0
GUARULHOS,SE,POCO VERDE,RSEI,11,0
GUARULHOS,SE,PORTO DA FOLHA,RSEI,11,0
GUARULHOS,SE,PROPRIA,RSEI,11,0
GUARULHOS,SE,RIACHAO DO DANTAS,RSEI,11,0
GUARULHOS,SE,RIACHUELO,RSEI,11,0
GUARULHOS,SE,RIBEIROPOLIS,RSEI,11,0
GUARULHOS,SE,ROSARIO DO CATETE,RSEI,11,0
GUARULHOS,SE,SALGADO,RSEI,11,0
GUARULHOS,SE,SANTA LUZIA DO ITANHY,RSEI,11,0
GUARULHOS,SE,SANTA ROSA DE LIMA,RSEI,11,0
GUARULHOS,SE,SANTANA DO SAO FRANCISCO,RSEI,11,0
GUARULHOS,SE,SANTO AMARO DAS BROTAS,RSEI,11,0
GUARULHOS,SE,SAO CRISTOVAO,RSEI,11,0
GUARULHOS,SE,SAO DOMINGOS,RSEI,11,0
GUARULHOS,SE,SAO FRANCISCO,RSEI,11,0
GUARULHOS,SE,SAO MIGUEL DO ALEIXO,RSEI,11,0
GUARULHOS,SE,SIMAO DIAS,RSEI,11,0
GUARULHOS,SE,SIRIRI,RSEI,11,0
GUARULHOS,SE,TELHA,RSEI,11,0
GUARULHOS,SE,TOBIAS BARRETO,RSEI,11,0
GUARULHOS,SE,TOMAR DO GERU,RSEI,11,0
GUARULHOS,SE,UMBAUBA,RSEI,11,0
GUARULHOS,SP,ADAMANTINA,SSOP,4,0
GUARULHOS,SP,ADOLFO,SSOP,4,49.9
GUARULHOS,SP,AGUAI,SSOP,4,0
GUARULHOS,SP,AGUAS DA PRATA,SSOP,4,49.9
GUARULHOS,SP,AGUAS DE LINDOIA,LMRP,4,0
GUARULHOS,SP,AGUAS DE SANTA BARBARA,SSOP,4,49.9
GUARULHOS,SP,AGUAS DE SAO PEDRO,SSOP,4,0
GUARULHOS,SP,AGUDOS,SSOP,4,0
GUARULHOS,SP,ALAMBARI,SSOP,4,49.9
GUARULHOS,SP,ALFREDO MARCONDES,SSOP,4,49.9
GUARULHOS,SP,ALTAIR,SSOP,4,49.9
GUARULHOS,SP,ALTINOPOLIS,SSOP,4,49.9
GUARULHOS,SP,ALTO ALEGRE,SSOP,4,49.9
GUARULHOS,SP,ALUMINIO,LMRP,4,0
GUARULHOS,SP,ALVARES FLORENCE,SSOP,4,49.9
GUARULHOS,SP,ALVARES MACHADO,SSOP,4,49.9
GUARULHOS,SP,ALVARO DE CARVALHO,SSOP,4,49.9
GUARULHOS,SP,ALVINLANDIA,SSOP,4,49.9
GUARULHOS,SP,AMERICANA,LMRP,4,0
GUARULHOS,SP,AMERICO BRASILIENSE,SSOP,4,0
GUARULHOS,SP,AMERICO DE CAMPOS,SSOP,4,49.9
GUARULHOS,SP,AMPARO,LMRP,4,0
GUARULHOS,SP,ANALANDIA,SSOP,4,49.9
GUARULHOS,SP,ANDRADINA,SSOP,4,49.9
GUARULHOS,SP,ANGATUBA,SSOP,4,49.9
GUARULHOS,SP,ANHEMBI,SSOP,4,49.9
GUARULHOS,SP,ANHUMAS,SSOP,4,49.9
GUARULHOS,SP,APARECIDA,LMRP,4,0
GUARULHOS,SP,APARECIDA D OESTE,SSOP,4,49.9
GUARULHOS,SP,APIAI,SSOP,4,49.9
GUARULHOS,SP,ARACARIGUAMA,LMRP,4,49.9
GUARULHOS,SP,ARACATUBA,SSOP,4,0
GUARULHOS,SP,ARACOIABA DA SERRA,SSOP,4,49.9
GUARULHOS,SP,ARAMINA,SSOP,4,49.9
GUARULHOS,SP,ARANDU,SSOP,4,49.9
GUARULHOS,SP,ARAPEI,LMRP,4,120
GUARULHOS,SP,ARARAQUARA,SSOP,4,0
GUARULHOS,SP,ARARAS,LMRP,4,0
GUARULHOS,SP,ARCO-IRIS,SSOP,4,49.9
GUARULHOS,SP,AREALVA,SSOP,4,49.9
GUARULHOS,SP,AREIAS,LMRP,4,120
GUARULHOS,SP,AREIOPOLIS,SSOP,4,0
GUARULHOS,SP,ARIRANHA,SSOP,4,0
GUARULHOS,SP,ARTUR NOGUEIRA,LMRP,4,0
GUARULHOS,SP,ARUJA,RIPP,3,0
GUARULHOS,SP,ASPASIA,SSOP,4,49.9
GUARULHOS,SP,ASSIS,SSOP,4,0
GUARULHOS,SP,ATIBAIA,RIPP,3,0
GUARULHOS,SP,AURIFLAMA,SSOP,4,49.9
GUARULHOS,SP,AVAI,SSOP,4,49.9
GUARULHOS,SP,AVANHANDAVA,SSOP,4,0
GUARULHOS,SP,AVARE,SSOP,4,0
GUARULHOS,SP,BADY BASSITT,SSOP,4,0
GUARULHOS,SP,BALBINOS,SSOP,4,49.9
GUARULHOS,SP,BALSAMO,SSOP,4,0
GUARULHOS,SP,BANANAL,LMRP,4,120
GUARULHOS,SP,BARAO DE ANTONINA,SSOP,4,49.9
GUARULHOS,SP,BARBOSA,SSOP,4,49.9
GUARULHOS,SP,BARIRI,SSOP,4,0
GUARULHOS,SP,BARRA BONITA,SSOP,4,0
GUARULHOS,SP,BARRA DO CHAPEU,SSOP,4,49.9
GUARULHOS,SP,BARRA DO TURVO,SSOP,4,370
GUARULHOS,SP,BARRETOS,SSOP,4,0
GUARULHOS,SP,BARRINHA,SSOP,4,0
GUARULHOS,SP,BARUERI,RIPP,3,20
GUARULHOS,SP,BASTOS,SSOP,4,0
GUARULHOS,SP,BATATAIS,SSOP,4,0
GUARULHOS,SP,BAURU,SSOP,4,0
GUARULHOS,SP,BEBEDOURO,SSOP,4,0
GUARULHOS,SP,BENTO DE ABREU,SSOP,4,49.9
GUARULHOS,SP,BERNARDINO DE CAMPOS,SSOP,4,0
GUARULHOS,SP,BERTIOGA,SSOP,4,49.9
GUARULHOS,SP,BILAC,SSOP,4,49.9
GUARULHOS,SP,BIRIGUI,SSOP,4,0
GUARULHOS,SP,BIRITIBA MIRIM,SSOP,4,49.9
GUARULHOS,SP,BOA ESPERANCA DO SUL,SSOP,4,0
GUARULHOS,SP,BOCAINA,SSOP,4,0
GUARULHOS,SP,BOFETE,SSOP,4,0
GUARULHOS,SP,BOITUVA,SSOP,4,0
GUARULHOS,SP,BOM JESUS DOS PERDOES,SSOP,3,0
GUARULHOS,SP,BOM SUCESSO DE ITARARE,SSOP,4,49.9
GUARULHOS,SP,BORA,SSOP,4,49.9
GUARULHOS,SP,BORACEIA,SSOP,4,0
GUARULHOS,SP,BORBOREMA,SSOP,4,0
GUARULHOS,SP,BOREBI,SSOP,4,49.9
GUARULHOS,SP,BOTUCATU,SSOP,4,0
GUARULHOS,SP,BRAGANCA PAULISTA,SSOP,4,49.9
GUARULHOS,SP,BRAUNA,SSOP,4,49.9
GUARULHOS,SP,BREJO ALEGRE,SSOP,4,49.9
GUARULHOS,SP,BRODOWSKI,SSOP,4,0
GUARULHOS,SP,BROTAS,SSOP,4,0
GUARULHOS,SP,BURI,SSOP,4,49.9
GUARULHOS,SP,BURITAMA,SSOP,4,49.9
GUARULHOS,SP,BURITIZAL,SSOP,4,49.9
GUARULHOS,SP,CABRALIA PAULISTA,SSOP,4,49.9
GUARULHOS,SP,CABREUVA,LMRP,4,49.9
GUARULHOS,SP,CACAPAVA,LMRP,4,0
GUARULHOS,SP,CACHOEIRA PAULISTA,LMRP,4,0
GUARULHOS,SP,CACONDE,SSOP,4,49.9
GUARULHOS,SP,CAFELANDIA,SSOP,4,0
GUARULHOS,SP,CAIABU,SSOP,4,49.9
GUARULHOS,SP,CAIEIRAS,RIPP,3,49.9
GUARULHOS,SP,CAIUA,SSOP,4,49.9
GUARULHOS,SP,CAJAMAR,RIPP,3,49.9
GUARULHOS,SP,CAJATI,SSOP,4,49.9
GUARULHOS,SP,CAJOBI,SSOP,4,49.9
GUARULHOS,SP,CAJURU,SSOP,4,49.9
GUARULHOS,SP,CAMPINA DO MONTE ALEGRE,SSOP,4,49.9
GUARULHOS,SP,CAMPINAS,LMRP,4,49.9
GUARULHOS,SP,CAMPO LIMPO PAULISTA,LMRP,4,49.9
GUARULHOS,SP,CAMPOS DO JORDAO,LMRP,4,49.9
GUARULHOS,SP,CAMPOS NOVOS PAULISTA,SSOP,4,49.9
GUARULHOS,SP,CANANEIA,SSOP,4,370
GUARULHOS,SP,CANAS,LMRP,4,49.9
GUARULHOS,SP,CANDIDO MOTA,SSOP,4,0
GUARULHOS,SP,CANDIDO RODRIGUES,SSOP,4,49.9
GUARULHOS,SP,CANITAR,SSOP,4,0
GUARULHOS,SP,CAPAO BONITO,SSOP,4,0
GUARULHOS,SP,CAPELA DO ALTO,SSOP,4,49.9
GUARULHOS,SP,CAPIVARI,LMRP,4,0
GUARULHOS,SP,CARAGUATATUBA,LMRP,4,49.9
GUARULHOS,SP,CARAPICUIBA,RIPP,3,20
GUARULHOS,SP,CARDOSO,SSOP,4,49.9
GUARULHOS,SP,CASA BRANCA,SSOP,4,0
GUARULHOS,SP,CASSIA DOS COQUEIROS,SSOP,4,49.9
GUARULHOS,SP,CASTILHO,SSOP,4,49.9
GUARULHOS,SP,CATANDUVA,SSOP,4,0
GUARULHOS,SP,CATIGUA,SSOP,4,0
GUARULHOS,SP,CEDRAL,SSOP,4,49.9
GUARULHOS,SP,CERQUEIRA CESAR,SSOP,4,0
GUARULHOS,SP,CERQUILHO,SSOP,4,0
GUARULHOS,SP,CESARIO LANGE,SSOP,4,49.9
GUARULHOS,SP,CHARQUEADA,SSOP,4,0
GUARULHOS,SP,CHAVANTES,SSOP,4,0
GUARULHOS,SP,CLEMENTINA,SSOP,4,49.9
GUARULHOS,SP,COLINA,SSOP,4,0
GUARULHOS,SP,COLOMBIA,SSOP,4,102
GUARULHOS,SP,CONCHAL,LMRP,4,49.9
GUARULHOS,SP,CONCHAS,SSOP,4,49.9
GUARULHOS,SP,CORDEIROPOLIS,LMRP,4,0
GUARULHOS,SP,COROADOS,SSOP,4,49.9
GUARULHOS,SP,CORONEL MACEDO,SSOP,4,49.9
GUARULHOS,SP,CORUMBATAI,SSOP,4,49.9
GUARULHOS,SP,COSMOPOLIS,LMRP,4,0
GUARULHOS,SP,COSMORAMA,SSOP,4,49.9
GUARULHOS,SP,COTIA,RIPP,3,0
GUARULHOS,SP,CRAVINHOS,LMRP,4,0
GUARULHOS,SP,CRISTAIS PAULISTA,SSOP,4,49.9
GUARULHOS,SP,CRUZALIA,SSOP,4,49.9
GUARULHOS,SP,CRUZEIRO,LMRP,4,0
GUARULHOS,SP,CUBATAO,SSOP,4,49.9
GUARULHOS,SP,CUNHA,LMRP,4,120
GUARULHOS,SP,DESCALVADO,SSOP,4,0
GUARULHOS,SP,DIADEMA,RIPP,3,0
GUARULHOS,SP,DIRCE REIS,SSOP,4,49.9
GUARULHOS,SP,DIVINOLANDIA,SSOP,4,49.9
GUARULHOS,SP,DOBRADA,SSOP,4,49.9
GUARULHOS,SP,DOIS CORREGOS,SSOP,4,0
GUARULHOS,SP,DOLCINOPOLIS,SSOP,4,49.9
GUARULHOS,SP,DOURADO,SSOP,4,0
GUARULHOS,SP,DRACENA,SSOP,4,0
GUARULHOS,SP,DUARTINA,SSOP,4,0
GUARULHOS,SP,DUMONT,SSOP,4,0
GUARULHOS,SP,ECHAPORA,SSOP,4,49.9
GUARULHOS,SP,ELDORADO,SSOP,4,49.9
GUARULHOS,SP,ELIAS FAUSTO,LMRP,4,0
GUARULHOS,SP,ELISIARIO,SSOP,4,0
GUARULHOS,SP,EMBAUBA,SSOP,4,49.9
GUARULHOS,SP,EMBU DAS ARTES,RIPP,4,0
GUARULHOS,SP,EMBU-GUACU,SSOP,4,49.9
GUARULHOS,SP,EMILIANOPOLIS,SSOP,4,49.9
GUARULHOS,SP,ENGENHEIRO COELHO,LMRP,4,0
GUARULHOS,SP,ESPIRITO SANTO DO PINHAL,LMRP,4,0
GUARULHOS,SP,ESPIRITO SANTO DO TURVO,SSOP,4,49.9
GUARULHOS,SP,ESTIVA GERBI,LMRP,4,49.9
GUARULHOS,SP,ESTRELA D OESTE,SSOP,4,49.9
GUARULHOS,SP,ESTRELA DO NORTE,SSOP,4,49.9
GUARULHOS,SP,EUCLIDES DA CUNHA PAULISTA,SSOP,4,49.9
GUARULHOS,SP,FARTURA,SSOP,4,0
GUARULHOS,SP,FERNANDO PRESTES,SSOP,4,49.9
GUARULHOS,SP,FERNANDOPOLIS,SSOP,4,0
GUARULHOS,SP,FERNAO,SSOP,4,49.9
GUARULHOS,SP,FERRAZ DE VASCONCELOS,RIPP,3,30
GUARULHOS,SP,FLORA RICA,SSOP,4,49.9
GUARULHOS,SP,FLOREAL,SSOP,4,49.9
GUARULHOS,SP,FLORIDA PAULISTA,SSOP,4,0
GUARULHOS,SP,FLORINEA,SSOP,4,49.9
GUARULHOS,SP,FRANCA,SSOP,4,0
GUARULHOS,SP,FRANCISCO MORATO,RIPP,3,49.9
GUARULHOS,SP,FRANCO DA ROCHA,RIPP,3,49.9
GUARULHOS,SP,GABRIEL MONTEIRO,SSOP,4,49.9
GUARULHOS,SP,GALIA,SSOP,4,49.9
GUARULHOS,SP,GARCA,SSOP,4,0
GUARULHOS,SP,GASTAO VIDIGAL,SSOP,4,49.9
GUARULHOS,SP,GAVIAO PEIXOTO,SSOP,4,49.9
GUARULHOS,SP,GENERAL SALGADO,SSOP,4,49.9
GUARULHOS,SP,GETULINA,SSOP,4,49.9
GUARULHOS,SP,GLICERIO,SSOP,4,49.9
GUARULHOS,SP,GUAICARA,SSOP,4,0
GUARULHOS,SP,GUAIMBE,SSOP,4,49.9
GUARULHOS,SP,GUAIRA,SSOP,4,0
GUARULHOS,SP,GUAPIACU,SSOP,4,0
GUARULHOS,SP,GUAPIARA,SSOP,4,49.9
GUARULHOS,SP,GUARA,SSOP,4,0
GUARULHOS,SP,GUARACAI,SSOP,4,49.9
GUARULHOS,SP,GUARACI,SSOP,4,49.9
GUARULHOS,SP,GUARANI D OESTE,SSOP,4,49.9
GUARULHOS,SP,GUARANTA,SSOP,4,0
GUARULHOS,SP,GUARARAPES,SSOP,4,0
GUARULHOS,SP,GUARAREMA,LMRP,4,49.9
GUARULHOS,SP,GUARATINGUETA,LMRP,4,0
GUARULHOS,SP,GUAREI,SSOP,4,49.9
GUARULHOS,SP,GUARIBA,SSOP,4,0
GUARULHOS,SP,GUARUJA,SSOP,4,49.9
GUARULHOS,SP,GUARULHOS,RIPP,3,0
GUARULHOS,SP,GUATAPARA,SSOP,4,49.9
GUARULHOS,SP,GUZOLANDIA,SSOP,4,49.9
GUARULHOS,SP,HERCULANDIA,SSOP,4,49.9
GUARULHOS,SP,HOLAMBRA,LMRP,4,0
GUARULHOS,SP,HORTOLANDIA,LMRP,4,49.9
GUARULHOS,SP,IACANGA,SSOP,4,49.9
GUARULHOS,SP,IACRI,SSOP,4,49.9
GUARULHOS,SP,IARAS,SSOP,4,49.9
GUARULHOS,SP,IBATE,SSOP,4,0
GUARULHOS,SP,IBIRA,SSOP,4,0
GUARULHOS,SP,IBIRAREMA,SSOP,4,49.9
GUARULHOS,SP,IBITINGA,SSOP,4,0
GUARULHOS,SP,IBIUNA,SSOP,4,49.9
GUARULHOS,SP,ICEM,SSOP,4,49.9
GUARULHOS,SP,IEPE,SSOP,4,49.9
GUARULHOS,SP,IGARACU DO TIETE,SSOP,4,0
GUARULHOS,SP,IGARAPAVA,SSOP,4,49.9
GUARULHOS,SP,IGARATA,LMRP,4,120
GUARULHOS,SP,IGUAPE,SSOP,4,49.9
GUARULHOS,SP,ILHA COMPRIDA,SSOP,4,49.9
GUARULHOS,SP,ILHA SOLTEIRA,SSOP,4,49.9
GUARULHOS,SP,ILHABELA,LMRP,5,120
GUARULHOS,SP,INDAIATUBA,LMRP,4,0
GUARULHOS,SP,INDIANA,SSOP,4,49.9
GUARULHOS,SP,INDIAPORA,SSOP,4,49.9
GUARULHOS,SP,INUBIA PAULISTA,SSOP,4,0
GUARULHOS,SP,IPAUSSU,SSOP,4,0
GUARULHOS,SP,IPERO,SSOP,4,0
GUARULHOS,SP,IPEUNA,SSOP,4,49.9
GUARULHOS,SP,IPIGUA,SSOP,4,49.9
GUARULHOS,SP,IPORANGA,SSOP,4,380
GUARULHOS,SP,IPUA,SSOP,4,49.9
GUARULHOS,SP,IRACEMAPOLIS,LMRP,4,0
GUARULHOS,SP,IRAPUA,SSOP,4,49.9
GUARULHOS,SP,IRAPURU,SSOP,4,49.9
GUARULHOS,SP,ITABERA,SSOP,4,49.9
GUARULHOS,SP,ITAI,SSOP,4,0
GUARULHOS,SP,ITAJOBI,SSOP,4,0
GUARULHOS,SP,ITAJU,SSOP,4,0
GUARULHOS,SP,ITANHAEM,SSOP,4,49.9
GUARULHOS,SP,ITAOCA,SSOP,4,49.9
GUARULHOS,SP,ITAPECERICA DA SERRA,SSOP,4,49.9
GUARULHOS,SP,ITAPETININGA,SSOP,4,0
GUARULHOS,SP,ITAPEVA,SSOP,4,0
GUARULHOS,SP,ITAPEVI,RIPP,3,0
GUARULHOS,SP,ITAPIRA,LMRP,4,0
GUARULHOS,SP,ITAPIRAPUA PAULISTA,SSOP,4,49.9
GUARULHOS,SP,ITAPOLIS,SSOP,4,0
GUARULHOS,SP,ITAPORANGA,SSOP,4,49.9
GUARULHOS,SP,ITAPUI,SSOP,4,0
GUARULHOS,SP,ITAPURA,SSOP,4,49.9
GUARULHOS,SP,ITAQUAQUECETUBA,RIPP,3,0
GUARULHOS,SP,ITARARE,SSOP,4,0
GUARULHOS,SP,ITARIRI,SSOP,4,49.9
GUARULHOS,SP,ITATIBA,LMRP,4,49.9
GUARULHOS,SP,ITATINGA,SSOP,4,0
GUARULHOS,SP,ITIRAPINA,SSOP,4,49.9
GUARULHOS,SP,ITIRAPUA,SSOP,4,49.9
GUARULHOS,SP,ITOBI,SSOP,4,49.9
GUARULHOS,SP,ITU,LMRP,4,0
GUARULHOS,SP,ITUPEVA,LMRP,4,49.9
GUARULHOS,SP,ITUVERAVA,SSOP,4,0
GUARULHOS,SP,JABORANDI,SSOP,4,49.9
GUARULHOS,SP,JABOTICABAL,SSOP,4,0
GUARULHOS,SP,JACAREI,LMRP,4,0
GUARULHOS,SP,JACI,SSOP,4,0
GUARULHOS,SP,JACUPIRANGA,SSOP,4,49.9
GUARULHOS,SP,JAGUARIUNA,LMRP,4,0
GUARULHOS,SP,JALES,SSOP,4,0
GUARULHOS,SP,JAMBEIRO,LMRP,4,49.9
GUARULHOS,SP,JANDIRA,RIPP,3,0
GUARULHOS,SP,JARDINOPOLIS,SSOP,4,0
GUARULHOS,SP,JARINU,LMRP,4,49.9
GUARULHOS,SP,JAU,SSOP,4,0
GUARULHOS,SP,JERIQUARA,SSOP,4,49.9
GUARULHOS,SP,JOANOPOLIS,SSOP,4,49.9
GUARULHOS,SP,JOAO RAMALHO,SSOP,4,49.9
GUARULHOS,SP,JOSE BONIFACIO,SSOP,4,0
GUARULHOS,SP,JULIO MESQUITA,SSOP,4,49.9
GUARULHOS,SP,JUMIRIM,SSOP,4,0
GUARULHOS,SP,JUNDIAI,LMRP,4,49.9
GUARULHOS,SP,JUNQUEIROPOLIS,SSOP,4,0
GUARULHOS,SP,JUQUIA,SSOP,4,49.9
GUARULHOS,SP,JUQUITIBA,SSOP,4,49.9
GUARULHOS,SP,LAGOINHA,LMRP,4,49.9
GUARULHOS,SP,LARANJAL PAULISTA,SSOP,4,0
GUARULHOS,SP,LAVINIA,SSOP,4,49.9
GUARULHOS,SP,LAVRINHAS,LMRP,4,49.9
GUARULHOS,SP,LEME,LMRP,4,0
GUARULHOS,SP,LENCOIS PAULISTA,SSOP,4,0
GUARULHOS,SP,LIMEIRA,LMRP,4,0
GUARULHOS,SP,LINDOIA,LMRP,4,0
GUARULHOS,SP,LINS,SSOP,4,0
GUARULHOS,SP,LORENA,LMRP,4,0
GUARULHOS,SP,LOURDES,SSOP,4,49.9
GUARULHOS,SP,LOUVEIRA,LMRP,4,49.9
GUARULHOS,SP,LUCELIA,SSOP,4,0
GUARULHOS,SP,LUCIANOPOLIS,SSOP,4,49.9
GUARULHOS,SP,LUIS ANTONIO,LMRP,4,49.9
GUARULHOS,SP,LUIZIANIA,SSOP,4,49.9
GUARULHOS,SP,LUPERCIO,SSOP,4,49.9
GUARULHOS,SP,LUTECIA,SSOP,4,49.9
GUARULHOS,SP,MACATUBA,SSOP,4,0
GUARULHOS,SP,MACAUBAL,SSOP,4,49.9
GUARULHOS,SP,MACEDONIA,SSOP,4,49.9
GUARULHOS,SP,MAGDA,SSOP,4,49.9
GUARULHOS,SP,MAIRINQUE,LMRP,4,0
GUARULHOS,SP,MAIRIPORA,RIPP,4,49.9
GUARULHOS,SP,MANDURI,SSOP,4,0
GUARULHOS,SP,MARABA PAULISTA,SSOP,4,49.9
GUARULHOS,SP,MARACAI,SSOP,4,49.9
GUARULHOS,SP,MARAPOAMA,SSOP,4,49.9
GUARULHOS,SP,MARIAPOLIS,SSOP,4,49.9
GUARULHOS,SP,MARILIA,SSOP,4,0
GUARULHOS,SP,MARINOPOLIS,SSOP,4,49.9
GUARULHOS,SP,MARTINOPOLIS,SSOP,4,49.9
GUARULHOS,SP,MATAO,SSOP,4,0
GUARULHOS,SP,MAUA,RIPP,3,0
GUARULHOS,SP,MENDONCA,SSOP,4,49.9
GUARULHOS,SP,MERIDIANO,SSOP,4,49.9
GUARULHOS,SP,MESOPOLIS,SSOP,4,49.9
GUARULHOS,SP,MIGUELOPOLIS,SSOP,4,49.9
GUARULHOS,SP,MINEIROS DO TIETE,SSOP,4,0
GUARULHOS,SP,MIRA ESTRELA,SSOP,4,49.9
GUARULHOS,SP,MIRACATU,SSOP,4,49.9
GUARULHOS,SP,MIRANDOPOLIS,SSOP,4,49.9
GUARULHOS,SP,MIRANTE DO PARANAPANEMA,SSOP,4,49.9
GUARULHOS,SP,MIRASSOL,SSOP,4,0
GUARULHOS,SP,MIRASSOLANDIA,SSOP,4,49.9
GUARULHOS,SP,MOCOCA,SSOP,4,0
GUARULHOS,SP,MOGI DAS CRUZES,RIPP,3,49.9
GUARULHOS,SP,MOGI GUACU,LMRP,4,0
GUARULHOS,SP,MOGI MIRIM,LMRP,4,0
GUARULHOS,SP,MOMBUCA,SSOP,4,49.9
GUARULHOS,SP,MONCOES,SSOP,4,49.9
GUARULHOS,SP,MONGAGUA,SSOP,4,49.9
GUARULHOS,SP,MONTE ALEGRE DO SUL,LMRP,4,49.9
GUARULHOS,SP,MONTE ALTO,SSOP,4,0
GUARULHOS,SP,MONTE APRAZIVEL,SSOP,4,0
GUARULHOS,SP,MONTE AZUL PAULISTA,SSOP,4,0
GUARULHOS,SP,MONTE CASTELO,SSOP,4,49.9
GUARULHOS,SP,MONTE MOR,LMRP,4,0
GUARULHOS,SP,MONTEIRO LOBATO,LMRP,4,49.9
GUARULHOS,SP,MORRO AGUDO,SSOP,4,49.9
GUARULHOS,SP,MORUNGABA,SSOP,4,49.9
GUARULHOS,SP,MOTUCA,SSOP,4,49.9
GUARULHOS,SP,MURUTINGA DO SUL,SSOP,4,49.9
GUARULHOS,SP,NANTES,SSOP,4,49.9
GUARULHOS,SP,NARANDIBA,SSOP,4,49.9
GUARULHOS,SP,NATIVIDADE DA SERRA,LMRP,4,49.9
GUARULHOS,SP,NAZARE PAULISTA,SSOP,4,49.9
GUARULHOS,SP,NEVES PAULISTA,SSOP,4,0
GUARULHOS,SP,NHANDEARA,SSOP,4,49.9
GUARULHOS,SP,NIPOA,SSOP,4,49.9
GUARULHOS,SP,NOVA ALIANCA,SSOP,4,49.9
GUARULHOS,SP,NOVA CAMPINA,SSOP,4,49.9
GUARULHOS,SP,NOVA CANAA PAULISTA,SSOP,4,49.9
GUARULHOS,SP,NOVA CASTILHO,SSOP,4,49.9
GUARULHOS,SP,NOVA EUROPA,SSOP,4,49.9
GUARULHOS,SP,NOVA GRANADA,SSOP,4,49.9
GUARULHOS,SP,NOVA GUATAPORANGA,SSOP,4,49.9
GUARULHOS,SP,NOVA INDEPENDENCIA,SSOP,4,49.9
GUARULHOS,SP,NOVA LUZITANIA,SSOP,4,49.9
GUARULHOS,SP,NOVA ODESSA,LMRP,4,0
GUARULHOS,SP,NOVAIS,SSOP,4,49.9
GUARULHOS,SP,NOVO HORIZONTE,SSOP,4,0
GUARULHOS,SP,NUPORANGA,SSOP,4,49.9
GUARULHOS,SP,OCAUCU,SSOP,4,49.9
GUARULHOS,SP,OLEO,SSOP,4,49.9
GUARULHOS,SP,OLIMPIA,SSOP,4,0
GUARULHOS,SP,ONDA VERDE,SSOP,4,49.9
GUARULHOS,SP,ORIENTE,SSOP,4,0
GUARULHOS,SP,ORINDIUVA,SSOP,4,49.9
GUARULHOS,SP,ORLANDIA,SSOP,4,0
GUARULHOS,SP,OSASCO,RIPP,3,0
GUARULHOS,SP,OSCAR BRESSANE,SSOP,4,49.9
GUARULHOS,SP,OSVALDO CRUZ,SSOP,4,0
GUARULHOS,SP,OURINHOS,SSOP,4,0
GUARULHOS,SP,OURO VERDE,SSOP,4,49.9
GUARULHOS,SP,OUROESTE,SSOP,4,49.9
GUARULHOS,SP,PACAEMBU,SSOP,4,0
GUARULHOS,SP,PALESTINA,SSOP,4,49.9
GUARULHOS,SP,PALMARES PAULISTA,SSOP,4,49.9
GUARULHOS,SP,PALMEIRA D OESTE,SSOP,4,49.9
GUARULHOS,SP,PALMITAL,SSOP,4,0
GUARULHOS,SP,PANORAMA,SSOP,4,49.9
GUARULHOS,SP,PARAGUACU PAULISTA,SSOP,4,0
GUARULHOS,SP,PARAIBUNA,LMRP,4,49.9
GUARULHOS,SP,PARAISO,SSOP,4,49.9
GUARULHOS,SP,PARANAPANEMA,SSOP,4,0
GUARULHOS,SP,PARANAPUA,SSOP,4,49.9
GUARULHOS,SP,PARAPUA,SSOP,4,49.9
GUARULHOS,SP,PARDINHO,SSOP,4,0
GUARULHOS,SP,PARIQUERA-ACU,SSOP,4,49.9
GUARULHOS,SP,PARISI,SSOP,4,49.9
GUARULHOS,SP,PATROCINIO PAULISTA,SSOP,4,49.9
GUARULHOS,SP,PAULICEIA,SSOP,4,49.9
GUARULHOS,SP,PAULINIA,LMRP,4,49.9
GUARULHOS,SP,PAULISTANIA,SSOP,4,49.9
GUARULHOS,SP,PAULO DE FARIA,SSOP,4,49.9
GUARULHOS,SP,PEDERNEIRAS,SSOP,4,0
GUARULHOS,SP,PEDRA BELA,SSOP,4,49.9
GUARULHOS,SP,PEDRANOPOLIS,SSOP,4,49.9
GUARULHOS,SP,PEDREGULHO,SSOP,4,49.9
GUARULHOS,SP,PEDREIRA,LMRP,4,0
GUARULHOS,SP,PEDRINHAS PAULISTA,SSOP,4,49.9
GUARULHOS,SP,PEDRO DE TOLEDO,SSOP,4,49.9
GUARULHOS,SP,PENAPOLIS,SSOP,4,0
GUARULHOS,SP,PEREIRA BARRETO,SSOP,4,49.9
GUARULHOS,SP,PEREIRAS,SSOP,4,49.9
GUARULHOS,SP,PERUIBE,SSOP,4,49.9
GUARULHOS,SP,PIACATU,SSOP,4,49.9
GUARULHOS,SP,PIEDADE,SSOP,4,0
GUARULHOS,SP,PILAR DO SUL,SSOP,4,49.9
GUARULHOS,SP,PINDAMONHANGABA,LMRP,4,0
GUARULHOS,SP,PINDORAMA,SSOP,4,0
GUARULHOS,SP,PINHALZINHO,SSOP,4,49.9
GUARULHOS,SP,PIQUEROBI,SSOP,4,49.9
GUARULHOS,SP,PIQUETE,LMRP,4,49.9
GUARULHOS,SP,PIRACAIA,SSOP,4,0
GUARULHOS,SP,PIRACICABA,LMRP,4,0
GUARULHOS,SP,PIRAJU,SSOP,4,0
GUARULHOS,SP,PIRAJUI,SSOP,4,0
GUARULHOS,SP,PIRANGI,SSOP,4,49.9
GUARULHOS,SP,PIRAPORA DO BOM JESUS,SSOP,4,49.9
GUARULHOS,SP,PIRAPOZINHO,SSOP,4,49.9
GUARULHOS,SP,PIRASSUNUNGA,LMRP,4,0
GUARULHOS,SP,PIRATININGA,SSOP,4,0
GUARULHOS,SP,PITANGUEIRAS,SSOP,4,0
GUARULHOS,SP,PLANALTO,SSOP,4,49.9
GUARULHOS,SP,PLATINA,SSOP,4,49.9
GUARULHOS,SP,POA,RIPP,3,0
GUARULHOS,SP,POLONI,SSOP,4,49.9
GUARULHOS,SP,POMPEIA,SSOP,4,0
GUARULHOS,SP,PONGAI,SSOP,4,49.9
GUARULHOS,SP,PONTAL,SSOP,4,0
GUARULHOS,SP,PONTALINDA,SSOP,4,49.9
GUARULHOS,SP,PONTES GESTAL,SSOP,4,49.9
GUARULHOS,SP,POPULINA,SSOP,4,49.9
GUARULHOS,SP,PORANGABA,SSOP,4,49.9
GUARULHOS,SP,PORTO FELIZ,LMRP,4,0
GUARULHOS,SP,PORTO FERREIRA,LMRP,4,0
GUARULHOS,SP,POTIM,LMRP,4,49.9
GUARULHOS,SP,POTIRENDABA,SSOP,4,49.9
GUARULHOS,SP,PRACINHA,SSOP,4,49.9
GUARULHOS,SP,PRADOPOLIS,SSOP,4,49.9
GUARULHOS,SP,PRAIA GRANDE,SSOP,4,49.9
GUARULHOS,SP,PRATANIA,SSOP,4,0
GUARULHOS,SP,PRESIDENTE ALVES,SSOP,4,49.9
GUARULHOS,SP,PRESIDENTE BERNARDES,SSOP,4,49.9
GUARULHOS,SP,PRESIDENTE EPITACIO,SSOP,4,49.9
GUARULHOS,SP,PRESIDENTE PRUDENTE,SSOP,4,0
GUARULHOS,SP,PRESIDENTE VENCESLAU,SSOP,4,49.9
GUARULHOS,SP,PROMISSAO,SSOP,4,0
GUARULHOS,SP,QUADRA,SSOP,4,49.9
GUARULHOS,SP,QUATA,SSOP,4,0
GUARULHOS,SP,QUEIROZ,SSOP,4,49.9
GUARULHOS,SP,QUELUZ,LMRP,4,120
GUARULHOS,SP,QUINTANA,SSOP,4,49.9
GUARULHOS,SP,RAFARD,LMRP,4,49.9
GUARULHOS,SP,RANCHARIA,SSOP,4,49.9
GUARULHOS,SP,REDENCAO DA SERRA,LMRP,4,49.9
GUARULHOS,SP,REGENTE FEIJO,SSOP,4,49.9
GUARULHOS,SP,REGINOPOLIS,SSOP,4,49.9
GUARULHOS,SP,REGISTRO,SSOP,4,49.9
GUARULHOS,SP,RESTINGA,SSOP,4,49.9
GUARULHOS,SP,RIBEIRA,SSOP,4,49.9
GUARULHOS,SP,RIBEIRAO BONITO,SSOP,4,0
GUARULHOS,SP,RIBEIRAO BRANCO,SSOP,4,49.9
GUARULHOS,SP,RIBEIRAO CORRENTE,SSOP,4,49.9
GUARULHOS,SP,RIBEIRAO DO SUL,SSOP,4,49.9
GUARULHOS,SP,RIBEIRAO DOS INDIOS,SSOP,4,49.9
GUARULHOS,SP,RIBEIRAO GRANDE,SSOP,4,49.9
GUARULHOS,SP,RIBEIRAO PIRES,RIPP,3,49.9
GUARULHOS,SP,RIBEIRAO PRETO,LMRP,4,0
GUARULHOS,SP,RIFAINA,SSOP,4,49.9
GUARULHOS,SP,RINCAO,SSOP,4,49.9
GUARULHOS,SP,RINOPOLIS,SSOP,4,49.9
GUARULHOS,SP,RIO CLARO,LMRP,4,0
GUARULHOS,SP,RIO DAS PEDRAS,LMRP,4,0
GUARULHOS,SP,RIO GRANDE DA SERRA,SSOP,4,49.9
GUARULHOS,SP,RIOLANDIA,SSOP,4,49.9
GUARULHOS,SP,RIVERSUL,SSOP,4,49.9
GUARULHOS,SP,ROSANA,SSOP,4,49.9
GUARULHOS,SP,ROSEIRA,LMRP,4,49.9
GUARULHOS,SP,RUBIACEA,SSOP,4,49.9
GUARULHOS,SP,RUBINEIA,SSOP,4,49.9
GUARULHOS,SP,SABINO,SSOP,4,49.9
GUARULHOS,SP,SAGRES,SSOP,4,49.9
GUARULHOS,SP,SALES,SSOP,4,49.9
GUARULHOS,SP,SALES OLIVEIRA,SSOP,4,49.9
GUARULHOS,SP,SALESOPOLIS,SSOP,4,49.9
GUARULHOS,SP,SALMOURAO,SSOP,4,49.9
GUARULHOS,SP,SALTINHO,LMRP,4,0
GUARULHOS,SP,SALTO,LMRP,4,49.9
GUARULHOS,SP,SALTO DE PIRAPORA,SSOP,4,0
GUARULHOS,SP,SALTO GRANDE,SSOP,4,49.9
GUARULHOS,SP,SANDOVALINA,SSOP,4,49.9
GUARULHOS,SP,SANTA ADELIA,SSOP,4,0
GUARULHOS,SP,SANTA ALBERTINA,SSOP,4,49.9
GUARULHOS,SP,SANTA BARBARA D OESTE,LMRP,4,0
GUARULHOS,SP,SANTA BRANCA,LMRP,4,49.9
GUARULHOS,SP,SANTA CLARA D OESTE,SSOP,4,49.9
GUARULHOS,SP,SANTA CRUZ DA CONCEICAO,LMRP,4,49.9
GUARULHOS,SP,SANTA CRUZ DA ESPERANCA,SSOP,4,49.9
GUARULHOS,SP,SANTA CRUZ DAS PALMEIRAS,SSOP,4,0
GUARULHOS,SP,SANTA CRUZ DO RIO PARDO,SSOP,4,0
GUARULHOS,SP,SANTA ERNESTINA,SSOP,4,49.9
GUARULHOS,SP,SANTA FE DO SUL,SSOP,4,0
GUARULHOS,SP,SANTA GERTRUDES,LMRP,4,0
GUARULHOS,SP,SANTA ISABEL,SSOP,4,49.9
GUARULHOS,SP,SANTA LUCIA,SSOP,4,49.9
GUARULHOS,SP,SANTA MARIA DA SERRA,SSOP,4,49.9
GUARULHOS,SP,SANTA MERCEDES,SSOP,4,49.9
GUARULHOS,SP,SANTA RITA D OESTE,SSOP,4,49.9
GUARULHOS,SP,SANTA RITA DO PASSA QUATRO,SSOP,4,0
GUARULHOS,SP,SANTA ROSA DE VITERBO,SSOP,4,49.9
GUARULHOS,SP,SANTA SALETE,SSOP,4,49.9
GUARULHOS,SP,SANTANA DA PONTE PENSA,SSOP,4,49.9
GUARULHOS,SP,SANTANA DE PARNAIBA,RIPP,3,0
GUARULHOS,SP,SANTO ANASTACIO,SSOP,4,49.9
GUARULHOS,SP,SANTO ANDRE,RIPP,3,0
GUARULHOS,SP,SANTO ANTONIO DA ALEGRIA,SSOP,4,49.9
GUARULHOS,SP,SANTO ANTONIO DE POSSE,LMRP,4,0
GUARULHOS,SP,SANTO ANTONIO DO ARACANGUA,SSOP,4,49.9
GUARULHOS,SP,SANTO ANTONIO DO JARDIM,SSOP,4,49.9
GUARULHOS,SP,SANTO ANTONIO DO PINHAL,LMRP,4,49.9
GUARULHOS,SP,SANTO EXPEDITO,SSOP,4,49.9
GUARULHOS,SP,SANTOPOLIS DO AGUAPEI,SSOP,4,49.9
GUARULHOS,SP,SANTOS,SSOP,4,49.9
GUARULHOS,SP,SAO BENTO DO SAPUCAI,LMRP,4,49.9
GUARULHOS,SP,SAO BERNARDO DO CAMPO,RIPP,3,0
GUARULHOS,SP,SAO CAETANO DO SUL,RIPP,3,0
GUARULHOS,SP,SAO CARLOS,SSOP,4,0
GUARULHOS,SP,SAO FRANCISCO,SSOP,4,49.9
GUARULHOS,SP,SAO JOAO DA BOA VISTA,SSOP,4,0
GUARULHOS,SP,SAO JOAO DAS DUAS PONTES,SSOP,4,49.9
GUARULHOS,SP,SAO JOAO DE IRACEMA,SSOP,4,49.9
GUARULHOS,SP,SAO JOAO DO PAU D ALHO,SSOP,4,49.9
GUARULHOS,SP,SAO JOAQUIM DA BARRA,SSOP,4,0
GUARULHOS,SP,SAO JOSE DA BELA VISTA,SSOP,4,49.9
GUARULHOS,SP,SAO JOSE DO BARREIRO,LMRP,4,120
GUARULHOS,SP,SAO JOSE DO RIO PARDO,SSOP,4,0
GUARULHOS,SP,SAO JOSE DO RIO PRETO,SSOP,4,0
GUARULHOS,SP,SAO JOSE DOS CAMPOS,LMRP,4,0
GUARULHOS,SP,SAO LOURENCO DA SERRA,SSOP,4,49.9
GUARULHOS,SP,SAO LUIZ DO PARAITINGA,LMRP,4,120
GUARULHOS,SP,SAO MANUEL,SSOP,4,0
GUARULHOS,SP,SAO MIGUEL ARCANJO,SSOP,4,49.9
GUARULHOS,SP,SAO PAULO,RIPP,3,0
GUARULHOS,SP,SAO PEDRO,SSOP,4,0
GUARULHOS,SP,SAO PEDRO DO TURVO,SSOP,4,49.9
GUARULHOS,SP,SAO ROQUE,LMRP,4,0
GUARULHOS,SP,SAO SEBASTIAO,LMRP,4,49.9
GUARULHOS,SP,SAO SEBASTIAO DA GRAMA,SSOP,4,49.9
GUARULHOS,SP,SAO SIMAO,LMRP,4,49.9
GUARULHOS,SP,SAO VICENTE,SSOP,4,49.9
GUARULHOS,SP,SARAPUI,SSOP,4,49.9
GUARULHOS,SP,SARUTAIA,SSOP,4,49.9
GUARULHOS,SP,SEBASTIANOPOLIS DO SUL,SSOP,4,49.9
GUARULHOS,SP,SERRA AZUL,SSOP,4,49.9
GUARULHOS,SP,SERRA NEGRA,LMRP,4,0
GUARULHOS,SP,SERRANA,SSOP,4,0
GUARULHOS,SP,SERTAOZINHO,SSOP,4,0
GUARULHOS,SP,SETE BARRAS,SSOP,4,49.9
GUARULHOS,SP,SEVERINIA,SSOP,4,49.9
GUARULHOS,SP,SILVEIRAS,LMRP,4,120
GUARULHOS,SP,SOCORRO,LMRP,4,0
GUARULHOS,SP,SOROCABA,LMRP,4,49.9
GUARULHOS,SP,SUD MENNUCCI,SSOP,4,49.9
GUARULHOS,SP,SUMARE,LMRP,4,49.9
GUARULHOS,SP,SUZANAPOLIS,SSOP,4,49.9
GUARULHOS,SP,SUZANO,SSOP,4,49.9
GUARULHOS,SP,TABAPUA,SSOP,4,0
GUARULHOS,SP,TABATINGA,SSOP,4,0
GUARULHOS,SP,TABOAO DA SERRA,RIPP,4,20
GUARULHOS,SP,TACIBA,SSOP,4,49.9
GUARULHOS,SP,TAGUAI,SSOP,4,0
GUARULHOS,SP,TAIACU,SSOP,4,49.9
GUARULHOS,SP,TAIUVA,SSOP,4,49.9
GUARULHOS,SP,TAMBAU,SSOP,4,0
GUARULHOS,SP,TANABI,SSOP,4,0
GUARULHOS,SP,TAPIRAI,SSOP,4,49.9
GUARULHOS,SP,TAPIRATIBA,SSOP,4,49.9
GUARULHOS,SP,TAQUARAL,SSOP,4,49.9
GUARULHOS,SP,TAQUARITINGA,SSOP,4,0
GUARULHOS,SP,TAQUARITUBA,SSOP,4,0
GUARULHOS,SP,TAQUARIVAI,SSOP,4,49.9
GUARULHOS,SP,TARABAI,SSOP,4,49.9
GUARULHOS,SP,TARUMA,SSOP,4,49.9
GUARULHOS,SP,TATUI,SSOP,4,0
GUARULHOS,SP,TAUBATE,LMRP,4,0
GUARULHOS,SP,TEJUPA,SSOP,4,49.9
GUARULHOS,SP,TEODORO SAMPAIO,SSOP,4,49.9
GUARULHOS,SP,TERRA ROXA,SSOP,4,49.9
GUARULHOS,SP,TIETE,SSOP,4,49.9
GUARULHOS,SP,TIMBURI,SSOP,4,49.9
GUARULHOS,SP,TORRE DE PEDRA,SSOP,4,49.9
GUARULHOS,SP,TORRINHA,SSOP,4,0
GUARULHOS,SP,TRABIJU,SSOP,4,49.9
GUARULHOS,SP,TREMEMBE,LMRP,4,0
GUARULHOS,SP,TRES FRONTEIRAS,SSOP,4,49.9
GUARULHOS,SP,TUIUTI,SSOP,4,49.9
GUARULHOS,SP,TUPA,SSOP,4,0
GUARULHOS,SP,TUPI PAULISTA,SSOP,4,49.9
GUARULHOS,SP,TURIUBA,SSOP,4,49.9
GUARULHOS,SP,TURMALINA,SSOP,4,49.9
GUARULHOS,SP,UBARANA,SSOP,4,49.9
GUARULHOS,SP,UBATUBA,LMRP,4,120
GUARULHOS,SP,UBIRAJARA,SSOP,4,49.9
GUARULHOS,SP,UCHOA,SSOP,4,49.9
GUARULHOS,SP,UNIAO PAULISTA,SSOP,4,49.9
GUARULHOS,SP,URANIA,SSOP,4,49.9
GUARULHOS,SP,URU,SSOP,4,49.9
GUARULHOS,SP,URUPES,SSOP,4,0
GUARULHOS,SP,VALENTIM GENTIL,SSOP,4,0
GUARULHOS,SP,VALINHOS,LMRP,4,49.9
GUARULHOS,SP,VALPARAISO,SSOP,4,0
GUARULHOS,SP,VARGEM,SSOP,4,49.9
GUARULHOS,SP,VARGEM GRANDE DO SUL,SSOP,4,0
GUARULHOS,SP,VARGEM GRANDE PAULISTA,SSOP,4,49.9
GUARULHOS,SP,VARZEA PAULISTA,LMRP,4,49.9
GUARULHOS,SP,VERA CRUZ,SSOP,4,0
GUARULHOS,SP,VINHEDO,LMRP,4,49.9
GUARULHOS,SP,VIRADOURO,SSOP,4,0
GUARULHOS,SP,VISTA ALEGRE DO ALTO,SSOP,4,49.9
GUARULHOS,SP,VITORIA BRASIL,SSOP,4,49.9
GUARULHOS,SP,VOTORANTIM,LMRP,4,0
GUARULHOS,SP,VOTUPORANGA,SSOP,4,0
GUARULHOS,SP,ZACARIAS,SSOP,4,49.9
GUARULHOS,TO,ABREULANDIA,RTOI,14,140
GUARULHOS,TO,AGUIARNOPOLIS,RTOI,14,0
GUARULHOS,TO,ALIANCA DO TOCANTINS,RTOI,14,0
GUARULHOS,TO,ALMAS,RTOI,14,0
GUARULHOS,TO,ALVORADA,RTOI,14,0
GUARULHOS,TO,ANANAS,RTOI,14,0
GUARULHOS,TO,ANGICO,RTOI,14,0
GUARULHOS,TO,APARECIDA DO RIO NEGRO,RTOI,14,140
GUARULHOS,TO,ARAGOMINAS,RTOI,14,0
GUARULHOS,TO,ARAGUACEMA,RTOI,14,140
GUARULHOS,TO,ARAGUACU,RTOI,14,0
GUARULHOS,TO,ARAGUAINA,RTOI,14,0
GUARULHOS,TO,ARAGUANA,RTOI,14,0
GUARULHOS,TO,ARAGUATINS,RTOI,14,0
GUARULHOS,TO,ARAPOEMA,RTOI,14,140
GUARULHOS,TO,ARRAIAS,RTOI,14,0
GUARULHOS,TO,AUGUSTINOPOLIS,RTOI,14,0
GUARULHOS,TO,AURORA DO TOCANTINS,RTOI,14,0
GUARULHOS,TO,AXIXA DO TOCANTINS,RTOI,14,0
GUARULHOS,TO,BABACULANDIA,RTOI,14,140
GUARULHOS,TO,BANDEIRANTES DO TOCANTINS,RTOI,14,140
GUARULHOS,TO,BARRA DO OURO,RTOI,14,140
GUARULHOS,TO,BARROLANDIA,RTOI,14,0
GUARULHOS,TO,BERNARDO SAYAO,RTOI,14,140
GUARULHOS,TO,BOM JESUS DO TOCANTINS,RTOI,14,0
GUARULHOS,TO,BRASILANDIA DO TOCANTINS,RTOI,14,0
GUARULHOS,TO,BREJINHO DE NAZARE,RTOI,14,140
GUARULHOS,TO,BURITI DO TOCANTINS,RTOI,14,140
GUARULHOS,TO,CACHOEIRINHA,RTOI,14,140
GUARULHOS,TO,CAMPOS LINDOS,RTOI,14,140
GUARULHOS,TO,CARIRI DO TOCANTINS,RTOI,14,0
GUARULHOS,TO,CARMOLANDIA,RTOI,14,140
GUARULHOS,TO,CARRASCO BONITO,RTOI,14,140
GUARULHOS,TO,CASEARA,RTOI,14,140
GUARULHOS,TO,CENTENARIO,RTOI,14,140
GUARULHOS,TO,CHAPADA DA NATIVIDADE,RTOI,14,0
GUARULHOS,TO,CHAPADA DE AREIA,RTOI,14,140
GUARULHOS,TO,COLINAS DO TOCANTINS,RTOI,14,0
GUARULHOS,TO,COLMEIA,RTOI,14,0
GUARULHOS,TO,COMBINADO,RTOI,14,0
GUARULHOS,TO,CONCEICAO DO TOCANTINS,RTOI,14,0
GUARULHOS,TO,COUTO DE MAGALHAES,RTOI,14,0
GUARULHOS,TO,CRISTALANDIA,RTOI,14,0
GUARULHOS,TO,CRIXAS DO TOCANTINS,RTOI,14,0
GUARULHOS,TO,DARCINOPOLIS,RTOI,14,140
GUARULHOS,TO,DIANOPOLIS,RTOI,14,0
GUARULHOS,TO,DIVINOPOLIS DO TOCANTINS,RTOI,14,140
GUARULHOS,TO,DOIS IRMAOS DO TOCANTINS,RTOI,14,140
GUARULHOS,TO,DUERE,RTOI,14,0
GUARULHOS,TO,ESPERANTINA,RTOI,14,140
GUARULHOS,TO,FATIMA,RTOI,14,0
GUARULHOS,TO,FIGUEIROPOLIS,RTOI,14,0
GUARULHOS,TO,FILADELFIA,RTOI,14,140
GUARULHOS,TO,FORMOSO DO ARAGUAIA,RTOI,14,0
GUARULHOS,TO,GOIANORTE,RTOI,14,0
GUARULHOS,TO,GOIATINS,RTOI,14,140
GUARULHOS,TO,GUARAI,RTOI,14,0
GUARULHOS,TO,GURUPI,RTOI,14,0
GUARULHOS,TO,IPUEIRAS,RTOI,14,140
GUARULHOS,TO,ITACAJA,RTOI,14,140
GUARULHOS,TO,ITAGUATINS,RTOI,14,0
GUARULHOS,TO,ITAPIRATINS,RTOI,14,140
GUARULHOS,TO,ITAPORA DO TOCANTINS,RTOI,14,0
GUARULHOS,TO,JAU DO TOCANTINS,RTOI,14,0
GUARULHOS,TO,JUARINA,RTOI,14,0
GUARULHOS,TO,LAGOA DA CONFUSAO,RTOI,14,0
GUARULHOS,TO,LAGOA DO TOCANTINS,RTOI,14,140
GUARULHOS,TO,LAJEADO,RTOI,14,140
GUARULHOS,TO,LAVANDEIRA,RTOI,14,140
GUARULHOS,TO,LIZARDA,RTOI,14,140
GUARULHOS,TO,LUZINOPOLIS,RTOI,14,0
GUARULHOS,TO,MARIANOPOLIS DO TOCANTINS,RTOI,14,140
GUARULHOS,TO,MATEIROS,RTOI,14,140
GUARULHOS,TO,MAURILANDIA DO TOCANTINS,RTOI,14,0
GUARULHOS,TO,MIRACEMA DO TOCANTINS,RTOI,14,0
GUARULHOS,TO,MIRANORTE,RTOI,14,0
GUARULHOS,TO,MONTE DO CARMO,RTOI,14,140
GUARULHOS,TO,MONTE SANTO DO TOCANTINS,RTOI,14,0
GUARULHOS,TO,MURICILANDIA,RTOI,14,0
GUARULHOS,TO,NATIVIDADE,RTOI,14,0
GUARULHOS,TO,NAZARE,RTOI,14,0
GUARULHOS,TO,NOVA OLINDA,RTOI,14,0
GUARULHOS,TO,NOVA ROSALANDIA,RTOI,14,0
GUARULHOS,TO,NOVO ACORDO,RTOI,14,140
GUARULHOS,TO,NOVO ALEGRE,RTOI,14,0
GUARULHOS,TO,NOVO JARDIM,RTOI,14,0
GUARULHOS,TO,OLIVEIRA DE FATIMA,RTOI,14,0
GUARULHOS,TO,PALMAS,RTOP,7,0
GUARULHOS,TO,PALMEIRANTE,RTOI,14,140
GUARULHOS,TO,PALMEIRAS DO TOCANTINS,RTOI,14,0
GUARULHOS,TO,PALMEIROPOLIS,RTOI,14,0
GUARULHOS,TO,PARAISO DO TOCANTINS,RTOI,14,0
GUARULHOS,TO,PARANA,RTOI,14,0
GUARULHOS,TO,PAU D ARCO,RTOI,14,140
GUARULHOS,TO,PEDRO AFONSO,RTOI,14,0
GUARULHOS,TO,PEIXE,RTOI,14,0
GUARULHOS,TO,PEQUIZEIRO,RTOI,14,0
GUARULHOS,TO,PINDORAMA DO TOCANTINS,RTOI,14,140
GUARULHOS,TO,PIRAQUE,RTOI,14,0
GUARULHOS,TO,PIUM,RTOI,14,0
GUARULHOS,TO,PONTE ALTA DO BOM JESUS,RTOI,14,0
GUARULHOS,TO,PONTE ALTA DO TOCANTINS,RTOI,14,140
GUARULHOS,TO,PORTO ALEGRE DO TOCANTINS,RTOI,14,0
GUARULHOS,TO,PORTO NACIONAL,RTOI,14,0
GUARULHOS,TO,PRAIA NORTE,RTOI,14,0
GUARULHOS,TO,PRESIDENTE KENNEDY,RTOI,14,0
GUARULHOS,TO,PUGMIL,RTOI,14,0
GUARULHOS,TO,RECURSOLANDIA,RTOI,14,140
GUARULHOS,TO,RIACHINHO,RTOI,14,0
GUARULHOS,TO,RIO DA CONCEICAO,RTOI,14,0
GUARULHOS,TO,RIO DOS BOIS,RTOI,14,0
GUARULHOS,TO,RIO SONO,RTOI,14,0
GUARULHOS,TO,SAMPAIO,RTOI,14,0
GUARULHOS,TO,SANDOLANDIA,RTOI,14,0
GUARULHOS,TO,SANTA FE DO ARAGUAIA,RTOI,14,0
GUARULHOS,TO,SANTA MARIA DO TOCANTINS,RTOI,14,140
GUARULHOS,TO,SANTA RITA DO TOCANTINS,RTOI,14,0
GUARULHOS,TO,SANTA ROSA DO TOCANTINS,RTOI,14,140
GUARULHOS,TO,SANTA TEREZA DO TOCANTINS,RTOI,14,0
GUARULHOS,TO,SANTA TEREZINHA DO TOCANTINS,RTOI,14,0
GUARULHOS,TO,SAO BENTO DO TOCANTINS,RTOI,14,0
GUARULHOS,TO,SAO FELIX DO TOCANTINS,RTOI,14,140
GUARULHOS,TO,SAO MIGUEL DO TOCANTINS,RTOI,14,0
GUARULHOS,TO,SAO SALVADOR DO TOCANTINS,RTOI,14,0
GUARULHOS,TO,SAO SEBASTIAO DO TOCANTINS,RTOI,14,0
GUARULHOS,TO,SAO VALERIO DA NATIVIDADE,RTOI,14,0
GUARULHOS,TO,SILVANOPOLIS,RTOI,14,0
GUARULHOS,TO,SITIO NOVO DO TOCANTINS,RTOI,14,0
GUARULHOS,TO,SUCUPIRA,RTOI,14,0
GUARULHOS,TO,TABOCAO,RTOI,14,0
GUARULHOS,TO,TAGUATINGA,RTOI,14,0
GUARULHOS,TO,TAIPAS DO TOCANTINS,RTOI,14,0
GUARULHOS,TO,TALISMA,RTOI,14,0
GUARULHOS,TO,TOCANTINIA,RTOI,14,0
GUARULHOS,TO,TOCANTINOPOLIS,RTOI,14,0
GUARULHOS,TO,TUPIRAMA,RTOI,14,0
GUARULHOS,TO,TUPIRATINS,RTOI,14,140
GUARULHOS,TO,WANDERLANDIA,RTOI,14,0
GUARULHOS,TO,XAMBIOA,RTOI,14,140
